organization_code,deployment_code,track_code,track_position_datetime,track_position_latitude,track_position_longitude,track_position_speed_knots,track_position_depth_m,track_position_json,track_position_comments
WHOI,WHOI_MA-RI_202210_WE16,GLIDER_TRACK,2022-10-27T14:27:05Z,41.3187,-70.9751,,,,
WHOI,WHOI_MA-RI_202210_WE16,GLIDER_TRACK,2022-10-27T14:42:05Z,41.3167,-70.974,,,,
WHOI,WHOI_MA-RI_202210_WE16,GLIDER_TRACK,2022-10-27T15:12:05Z,41.3127,-70.9718,,,,
WHOI,WHOI_MA-RI_202210_WE16,GLIDER_TRACK,2022-10-27T16:12:05Z,41.3048,-70.9676,,,,
WHOI,WHOI_MA-RI_202210_WE16,GLIDER_TRACK,2022-10-27T17:12:05Z,41.2961,-70.9644,,,,
WHOI,WHOI_MA-RI_202210_WE16,GLIDER_TRACK,2022-10-27T18:12:05Z,41.285,-70.968,,,,
WHOI,WHOI_MA-RI_202210_WE16,GLIDER_TRACK,2022-10-27T19:12:05Z,41.2747,-70.9714,,,,
WHOI,WHOI_MA-RI_202210_WE16,GLIDER_TRACK,2022-10-27T19:27:05Z,41.2722,-70.9731,,,,
WHOI,WHOI_MA-RI_202210_WE16,GLIDER_TRACK,2022-10-27T20:12:05Z,41.2642,-70.9786,,,,
WHOI,WHOI_MA-RI_202210_WE16,GLIDER_TRACK,2022-10-27T21:12:05Z,41.2535,-70.9858,,,,
WHOI,WHOI_MA-RI_202210_WE16,GLIDER_TRACK,2022-10-27T22:12:05Z,41.2478,-70.9891,,,,
WHOI,WHOI_MA-RI_202210_WE16,GLIDER_TRACK,2022-10-27T22:27:05Z,41.2464,-70.9893,,,,
WHOI,WHOI_MA-RI_202210_WE16,GLIDER_TRACK,2022-10-27T23:12:05Z,41.2421,-70.9899,,,,
WHOI,WHOI_MA-RI_202210_WE16,GLIDER_TRACK,2022-10-28T00:12:05Z,41.2401,-70.9925,,,,
WHOI,WHOI_MA-RI_202210_WE16,GLIDER_TRACK,2022-10-28T00:27:05Z,41.2399,-70.9914,,,,
WHOI,WHOI_MA-RI_202210_WE16,GLIDER_TRACK,2022-10-28T01:12:05Z,41.2395,-70.9881,,,,
WHOI,WHOI_MA-RI_202210_WE16,GLIDER_TRACK,2022-10-28T01:27:05Z,41.2393,-70.987,,,,
WHOI,WHOI_MA-RI_202210_WE16,GLIDER_TRACK,2022-10-28T01:57:31Z,41.239,-70.9847,,,,
WHOI,WHOI_MA-RI_202210_WE16,GLIDER_TRACK,2022-10-28T02:12:05Z,41.239,-70.9847,,,,
WHOI,WHOI_MA-RI_202210_WE16,GLIDER_TRACK,2022-10-28T02:27:05Z,41.238,-70.9836,,,,
WHOI,WHOI_MA-RI_202210_WE16,GLIDER_TRACK,2022-10-28T02:42:05Z,41.2369,-70.9826,,,,
WHOI,WHOI_MA-RI_202210_WE16,GLIDER_TRACK,2022-10-28T03:12:05Z,41.2349,-70.9804,,,,
WHOI,WHOI_MA-RI_202210_WE16,GLIDER_TRACK,2022-10-28T04:10:01Z,41.2308,-70.9762,,,,
WHOI,WHOI_MA-RI_202210_WE16,GLIDER_TRACK,2022-10-28T04:42:05Z,41.2285,-70.9764,,,,
WHOI,WHOI_MA-RI_202210_WE16,GLIDER_TRACK,2022-10-28T05:12:05Z,41.2236,-70.9755,,,,
WHOI,WHOI_MA-RI_202210_WE16,GLIDER_TRACK,2022-10-28T06:12:05Z,41.214,-70.9736,,,,
WHOI,WHOI_MA-RI_202210_WE16,GLIDER_TRACK,2022-10-28T06:27:05Z,41.2116,-70.9732,,,,
WHOI,WHOI_MA-RI_202210_WE16,GLIDER_TRACK,2022-10-28T07:12:05Z,41.2056,-70.9763,,,,
WHOI,WHOI_MA-RI_202210_WE16,GLIDER_TRACK,2022-10-28T08:12:05Z,41.196,-70.985,,,,
WHOI,WHOI_MA-RI_202210_WE16,GLIDER_TRACK,2022-10-28T08:27:05Z,41.193600000000004,-70.9872,,,,
WHOI,WHOI_MA-RI_202210_WE16,GLIDER_TRACK,2022-10-28T09:12:05Z,41.1878,-70.9934,,,,
WHOI,WHOI_MA-RI_202210_WE16,GLIDER_TRACK,2022-10-28T09:27:05Z,41.1862,-70.9943,,,,
WHOI,WHOI_MA-RI_202210_WE16,GLIDER_TRACK,2022-10-28T10:12:05Z,41.1815,-70.9969,,,,
WHOI,WHOI_MA-RI_202210_WE16,GLIDER_TRACK,2022-10-28T11:10:16Z,41.1754,-71.0003,,,,
WHOI,WHOI_MA-RI_202210_WE16,GLIDER_TRACK,2022-10-28T11:42:05Z,41.1756,-71.0036,,,,
WHOI,WHOI_MA-RI_202210_WE16,GLIDER_TRACK,2022-10-28T12:12:05Z,41.176,-71.0029,,,,
WHOI,WHOI_MA-RI_202210_WE16,GLIDER_TRACK,2022-10-28T13:12:05Z,41.1767,-71.0015,,,,
WHOI,WHOI_MA-RI_202210_WE16,GLIDER_TRACK,2022-10-28T13:57:05Z,41.1774,-71.003,,,,
WHOI,WHOI_MA-RI_202210_WE16,GLIDER_TRACK,2022-10-28T14:12:05Z,41.1766,-71.002,,,,
WHOI,WHOI_MA-RI_202210_WE16,GLIDER_TRACK,2022-10-28T15:12:05Z,41.1735,-70.9978,,,,
WHOI,WHOI_MA-RI_202210_WE16,GLIDER_TRACK,2022-10-28T16:12:05Z,41.1702,-70.9967,,,,
WHOI,WHOI_MA-RI_202210_WE16,GLIDER_TRACK,2022-10-28T16:27:05Z,41.1677,-70.9956,,,,
WHOI,WHOI_MA-RI_202210_WE16,GLIDER_TRACK,2022-10-28T17:12:05Z,41.1599,-70.9922,,,,
WHOI,WHOI_MA-RI_202210_WE16,GLIDER_TRACK,2022-10-28T18:06:21Z,41.1504,-70.9882,,,,
WHOI,WHOI_MA-RI_202210_WE16,GLIDER_TRACK,2022-10-28T18:42:05Z,41.1454,-70.9895,,,,
WHOI,WHOI_MA-RI_202210_WE16,GLIDER_TRACK,2022-10-28T19:12:05Z,41.1394,-70.9914,,,,
WHOI,WHOI_MA-RI_202210_WE16,GLIDER_TRACK,2022-10-28T20:12:05Z,41.1259,-70.9956,,,,
WHOI,WHOI_MA-RI_202210_WE16,GLIDER_TRACK,2022-10-28T20:27:05Z,41.1226,-70.9967,,,,
WHOI,WHOI_MA-RI_202210_WE16,GLIDER_TRACK,2022-10-28T21:12:05Z,41.1164,-71.0036,,,,
WHOI,WHOI_MA-RI_202210_WE16,GLIDER_TRACK,2022-10-28T21:27:05Z,41.1138,-71.006,,,,
WHOI,WHOI_MA-RI_202210_WE16,GLIDER_TRACK,2022-10-28T22:12:05Z,41.1059,-71.0132,,,,
WHOI,WHOI_MA-RI_202210_WE16,GLIDER_TRACK,2022-10-28T23:12:05Z,41.099,-71.0245,,,,
WHOI,WHOI_MA-RI_202210_WE16,GLIDER_TRACK,2022-10-28T23:27:05Z,41.0981,-71.0268,,,,
WHOI,WHOI_MA-RI_202210_WE16,GLIDER_TRACK,2022-10-29T00:12:05Z,41.0952,-71.0338,,,,
WHOI,WHOI_MA-RI_202210_WE16,GLIDER_TRACK,2022-10-29T01:08:31Z,41.0916,-71.0428,,,,
WHOI,WHOI_MA-RI_202210_WE16,GLIDER_TRACK,2022-10-29T01:27:05Z,41.092,-71.0455,,,,
WHOI,WHOI_MA-RI_202210_WE16,GLIDER_TRACK,2022-10-29T02:12:05Z,41.0904,-71.0489,,,,
WHOI,WHOI_MA-RI_202210_WE16,GLIDER_TRACK,2022-10-29T03:12:05Z,41.0883,-71.0534,,,,
WHOI,WHOI_MA-RI_202210_WE16,GLIDER_TRACK,2022-10-29T04:12:05Z,41.0865,-71.0576,,,,
WHOI,WHOI_MA-RI_202210_WE16,GLIDER_TRACK,2022-10-29T05:12:05Z,41.0801,-71.0549,,,,
WHOI,WHOI_MA-RI_202210_WE16,GLIDER_TRACK,2022-10-29T06:27:05Z,41.0728,-71.0548,,,,
WHOI,WHOI_MA-RI_202210_WE16,GLIDER_TRACK,2022-10-29T07:12:05Z,41.0657,-71.0537,,,,
WHOI,WHOI_MA-RI_202210_WE16,GLIDER_TRACK,2022-10-29T08:12:05Z,41.0562,-71.0524,,,,
WHOI,WHOI_MA-RI_202210_WE16,GLIDER_TRACK,2022-10-29T09:12:05Z,41.0497,-71.0553,,,,
WHOI,WHOI_MA-RI_202210_WE16,GLIDER_TRACK,2022-10-29T10:12:05Z,41.0418,-71.0554,,,,
WHOI,WHOI_MA-RI_202210_WE16,GLIDER_TRACK,2022-10-29T11:12:05Z,41.037,-71.0587,,,,
WHOI,WHOI_MA-RI_202210_WE16,GLIDER_TRACK,2022-10-29T12:12:05Z,41.0342,-71.0587,,,,
WHOI,WHOI_MA-RI_202210_WE16,GLIDER_TRACK,2022-10-29T13:12:05Z,41.0333,-71.0614,,,,
WHOI,WHOI_MA-RI_202210_WE16,GLIDER_TRACK,2022-10-29T13:27:05Z,41.0334,-71.0603,,,,
WHOI,WHOI_MA-RI_202210_WE16,GLIDER_TRACK,2022-10-29T14:12:05Z,41.0337,-71.0568,,,,
WHOI,WHOI_MA-RI_202210_WE16,GLIDER_TRACK,2022-10-29T15:11:20Z,41.0341,-71.0522,,,,
WHOI,WHOI_MA-RI_202210_WE16,GLIDER_TRACK,2022-10-29T15:42:05Z,41.0341,-71.0525,,,,
WHOI,WHOI_MA-RI_202210_WE16,GLIDER_TRACK,2022-10-29T16:12:05Z,41.0323,-71.048,,,,
WHOI,WHOI_MA-RI_202210_WE16,GLIDER_TRACK,2022-10-29T17:12:05Z,41.0286,-71.0389,,,,
WHOI,WHOI_MA-RI_202210_WE16,GLIDER_TRACK,2022-10-29T18:12:05Z,41.0241,-71.0352,,,,
WHOI,WHOI_MA-RI_202210_WE16,GLIDER_TRACK,2022-10-29T19:12:05Z,41.0148,-71.0272,,,,
WHOI,WHOI_MA-RI_202210_WE16,GLIDER_TRACK,2022-10-29T20:27:05Z,41.0051,-71.0245,,,,
WHOI,WHOI_MA-RI_202210_WE16,GLIDER_TRACK,2022-10-29T21:12:05Z,40.9976,-71.0223,,,,
WHOI,WHOI_MA-RI_202210_WE16,GLIDER_TRACK,2022-10-29T22:12:05Z,40.9874,-71.0194,,,,
WHOI,WHOI_MA-RI_202210_WE16,GLIDER_TRACK,2022-10-29T23:12:05Z,40.9833,-71.0219,,,,
WHOI,WHOI_MA-RI_202210_WE16,GLIDER_TRACK,2022-10-29T23:27:05Z,40.9825,-71.0214,,,,
WHOI,WHOI_MA-RI_202210_WE16,GLIDER_TRACK,2022-10-30T00:12:05Z,40.9827,-71.0209,,,,
WHOI,WHOI_MA-RI_202210_WE16,GLIDER_TRACK,2022-10-30T00:27:05Z,40.9828,-71.0207,,,,
WHOI,WHOI_MA-RI_202210_WE16,GLIDER_TRACK,2022-10-30T01:12:05Z,40.9835,-71.024,,,,
WHOI,WHOI_MA-RI_202210_WE16,GLIDER_TRACK,2022-10-30T01:27:05Z,40.9845,-71.0234,,,,
WHOI,WHOI_MA-RI_202210_WE16,GLIDER_TRACK,2022-10-30T02:12:05Z,40.9875,-71.0217,,,,
WHOI,WHOI_MA-RI_202210_WE16,GLIDER_TRACK,2022-10-30T02:27:05Z,40.9885,-71.0211,,,,
WHOI,WHOI_MA-RI_202210_WE16,GLIDER_TRACK,2022-10-30T03:04:03Z,40.991,-71.0198,,,,
WHOI,WHOI_MA-RI_202210_WE16,GLIDER_TRACK,2022-10-30T03:27:05Z,40.9915,-71.0225,,,,
WHOI,WHOI_MA-RI_202210_WE16,GLIDER_TRACK,2022-10-30T03:42:05Z,40.9916,-71.0213,,,,
WHOI,WHOI_MA-RI_202210_WE16,GLIDER_TRACK,2022-10-30T04:12:05Z,40.9918,-71.018,,,,
WHOI,WHOI_MA-RI_202210_WE16,GLIDER_TRACK,2022-10-30T05:12:05Z,40.9921,-71.0114,,,,
WHOI,WHOI_MA-RI_202210_WE16,GLIDER_TRACK,2022-10-30T06:12:05Z,40.9901,-71.0067,,,,
WHOI,WHOI_MA-RI_202210_WE16,GLIDER_TRACK,2022-10-30T06:27:05Z,40.9891,-71.0042,,,,
WHOI,WHOI_MA-RI_202210_WE16,GLIDER_TRACK,2022-10-30T07:12:05Z,40.9864,-70.9961,,,,
WHOI,WHOI_MA-RI_202210_WE16,GLIDER_TRACK,2022-10-30T08:12:05Z,40.9843,-70.989,,,,
WHOI,WHOI_MA-RI_202210_WE16,GLIDER_TRACK,2022-10-30T08:27:05Z,40.9837,-70.9858,,,,
WHOI,WHOI_MA-RI_202210_WE16,GLIDER_TRACK,2022-10-30T09:12:05Z,40.9822,-70.9783,,,,
WHOI,WHOI_MA-RI_202210_WE16,GLIDER_TRACK,2022-10-30T09:27:05Z,40.9817,-70.976,,,,
WHOI,WHOI_MA-RI_202210_WE16,GLIDER_TRACK,2022-10-30T10:02:42Z,40.981,-70.9719,,,,
WHOI,WHOI_MA-RI_202210_WE16,GLIDER_TRACK,2022-10-30T10:27:05Z,40.9808,-70.9706,,,,
WHOI,WHOI_MA-RI_202210_WE16,GLIDER_TRACK,2022-10-30T11:12:05Z,40.9821,-70.9671,,,,
WHOI,WHOI_MA-RI_202210_WE16,GLIDER_TRACK,2022-10-30T12:12:05Z,40.984,-70.9624,,,,
WHOI,WHOI_MA-RI_202210_WE16,GLIDER_TRACK,2022-10-30T13:12:05Z,40.9887,-70.9651,,,,
WHOI,WHOI_MA-RI_202210_WE16,GLIDER_TRACK,2022-10-30T13:27:05Z,40.9915,-70.965,,,,
WHOI,WHOI_MA-RI_202210_WE16,GLIDER_TRACK,2022-10-30T14:12:05Z,40.9996,-70.9648,,,,
WHOI,WHOI_MA-RI_202210_WE16,GLIDER_TRACK,2022-10-30T15:12:05Z,41.0072,-70.9643,,,,
WHOI,WHOI_MA-RI_202210_WE16,GLIDER_TRACK,2022-10-30T16:12:05Z,41.0185,-70.9593,,,,
WHOI,WHOI_MA-RI_202210_WE16,GLIDER_TRACK,2022-10-30T17:27:05Z,41.0276,-70.9536,,,,
WHOI,WHOI_MA-RI_202210_WE16,GLIDER_TRACK,2022-10-30T17:42:05Z,41.0293,-70.9512,,,,
WHOI,WHOI_MA-RI_202210_WE16,GLIDER_TRACK,2022-10-30T18:12:05Z,41.0327,-70.9463,,,,
WHOI,WHOI_MA-RI_202210_WE16,GLIDER_TRACK,2022-10-30T18:27:05Z,41.0343,-70.9439,,,,
WHOI,WHOI_MA-RI_202210_WE16,GLIDER_TRACK,2022-10-30T19:12:05Z,41.0394,-70.9365,,,,
WHOI,WHOI_MA-RI_202210_WE16,GLIDER_TRACK,2022-10-30T19:14:38Z,41.0394,-70.9365,,,,
WHOI,WHOI_MA-RI_202210_WE16,GLIDER_TRACK,2022-10-30T19:42:05Z,41.0396,-70.9349,,,,
WHOI,WHOI_MA-RI_202210_WE16,GLIDER_TRACK,2022-10-30T20:12:05Z,41.041,-70.9324,,,,
WHOI,WHOI_MA-RI_202210_WE16,GLIDER_TRACK,2022-10-30T21:12:05Z,41.0439,-70.9274,,,,
WHOI,WHOI_MA-RI_202210_WE16,GLIDER_TRACK,2022-10-30T22:12:05Z,41.0455,-70.9263,,,,
WHOI,WHOI_MA-RI_202210_WE16,GLIDER_TRACK,2022-10-30T23:12:05Z,41.0486,-70.9272,,,,
WHOI,WHOI_MA-RI_202210_WE16,GLIDER_TRACK,2022-10-30T23:27:05Z,41.0495,-70.9278,,,,
WHOI,WHOI_MA-RI_202210_WE16,GLIDER_TRACK,2022-10-31T00:12:05Z,41.0508,-70.9305,,,,
WHOI,WHOI_MA-RI_202210_WE16,GLIDER_TRACK,2022-10-31T00:27:05Z,41.0525,-70.9321,,,,
WHOI,WHOI_MA-RI_202210_WE16,GLIDER_TRACK,2022-10-31T00:42:05Z,41.0543,-70.9339,,,,
WHOI,WHOI_MA-RI_202210_WE16,GLIDER_TRACK,2022-10-31T01:12:05Z,41.0581,-70.9374,,,,
WHOI,WHOI_MA-RI_202210_WE16,GLIDER_TRACK,2022-10-31T01:27:05Z,41.0599,-70.9392,,,,
WHOI,WHOI_MA-RI_202210_WE16,GLIDER_TRACK,2022-10-31T02:10:21Z,41.0654,-70.9445,,,,
WHOI,WHOI_MA-RI_202210_WE16,GLIDER_TRACK,2022-10-31T02:42:05Z,41.0681,-70.9495,,,,
WHOI,WHOI_MA-RI_202210_WE16,GLIDER_TRACK,2022-10-31T03:12:05Z,41.0737,-70.9522,,,,
WHOI,WHOI_MA-RI_202210_WE16,GLIDER_TRACK,2022-10-31T04:12:05Z,41.0848,-70.9577,,,,
WHOI,WHOI_MA-RI_202210_WE16,GLIDER_TRACK,2022-10-31T05:12:05Z,41.0924,-70.9593,,,,
WHOI,WHOI_MA-RI_202210_WE16,GLIDER_TRACK,2022-10-31T06:12:05Z,41.1015,-70.9566,,,,
WHOI,WHOI_MA-RI_202210_WE16,GLIDER_TRACK,2022-10-31T06:27:05Z,41.1038,-70.9559,,,,
WHOI,WHOI_MA-RI_202210_WE16,GLIDER_TRACK,2022-10-31T07:12:05Z,41.1073,-70.9534,,,,
WHOI,WHOI_MA-RI_202210_WE16,GLIDER_TRACK,2022-10-31T07:27:05Z,41.1086,-70.9518,,,,
WHOI,WHOI_MA-RI_202210_WE16,GLIDER_TRACK,2022-10-31T08:12:05Z,41.1128,-70.9471,,,,
WHOI,WHOI_MA-RI_202210_WE16,GLIDER_TRACK,2022-10-31T08:27:05Z,41.1142,-70.9456,,,,
WHOI,WHOI_MA-RI_202210_WE16,GLIDER_TRACK,2022-10-31T09:02:53Z,41.1169,-70.9424,,,,
WHOI,WHOI_MA-RI_202210_WE16,GLIDER_TRACK,2022-10-31T09:27:05Z,41.1174,-70.9412,,,,
WHOI,WHOI_MA-RI_202210_WE16,GLIDER_TRACK,2022-10-31T09:42:05Z,41.1185,-70.9412,,,,
WHOI,WHOI_MA-RI_202210_WE16,GLIDER_TRACK,2022-10-31T10:12:05Z,41.1206,-70.9412,,,,
WHOI,WHOI_MA-RI_202210_WE16,GLIDER_TRACK,2022-10-31T10:27:05Z,41.1217,-70.9412,,,,
WHOI,WHOI_MA-RI_202210_WE16,GLIDER_TRACK,2022-10-31T11:12:05Z,41.1249,-70.9411,,,,
WHOI,WHOI_MA-RI_202210_WE16,GLIDER_TRACK,2022-10-31T11:20:06Z,41.1255,-70.9412,,,,
WHOI,WHOI_MA-RI_202210_WE16,GLIDER_TRACK,2022-10-31T11:42:05Z,41.1252,-70.9423,,,,
WHOI,WHOI_MA-RI_202210_WE16,GLIDER_TRACK,2022-10-31T12:12:05Z,41.1283,-70.9441,,,,
WHOI,WHOI_MA-RI_202210_WE16,GLIDER_TRACK,2022-10-31T12:27:05Z,41.1299,-70.945,,,,
WHOI,WHOI_MA-RI_202210_WE16,GLIDER_TRACK,2022-10-31T13:12:05Z,41.1347,-70.9478,,,,
WHOI,WHOI_MA-RI_202210_WE16,GLIDER_TRACK,2022-10-31T13:27:05Z,41.1363,-70.9487,,,,
WHOI,WHOI_MA-RI_202210_WE16,GLIDER_TRACK,2022-10-31T14:12:05Z,41.1403,-70.9512,,,,
WHOI,WHOI_MA-RI_202210_WE16,GLIDER_TRACK,2022-10-31T14:27:05Z,41.1429,-70.9514,,,,
WHOI,WHOI_MA-RI_202210_WE16,GLIDER_TRACK,2022-10-31T15:12:05Z,41.151,-70.952,,,,
WHOI,WHOI_MA-RI_202210_WE16,GLIDER_TRACK,2022-10-31T15:27:05Z,41.1537,-70.9523,,,,
WHOI,WHOI_MA-RI_202210_WE16,GLIDER_TRACK,2022-10-31T16:27:05Z,41.1613,-70.9517,,,,
WHOI,WHOI_MA-RI_202210_WE16,GLIDER_TRACK,2022-10-31T16:42:05Z,41.1618,-70.9483,,,,
WHOI,WHOI_MA-RI_202210_WE16,GLIDER_TRACK,2022-10-31T17:12:05Z,41.1627,-70.9417,,,,
WHOI,WHOI_MA-RI_202210_WE16,GLIDER_TRACK,2022-10-31T18:12:05Z,41.1645,-70.9283,,,,
WHOI,WHOI_MA-RI_202210_WE16,GLIDER_TRACK,2022-10-31T18:15:07Z,41.1645,-70.9283,,,,
WHOI,WHOI_MA-RI_202210_WE16,GLIDER_TRACK,2022-10-31T19:12:05Z,41.1605,-70.9149,,,,
WHOI,WHOI_MA-RI_202210_WE16,GLIDER_TRACK,2022-10-31T19:27:05Z,41.1589,-70.9108,,,,
WHOI,WHOI_MA-RI_202210_WE16,GLIDER_TRACK,2022-10-31T20:12:05Z,41.154,-70.8984,,,,
WHOI,WHOI_MA-RI_202210_WE16,GLIDER_TRACK,2022-10-31T20:23:31Z,41.1526,-70.8951,,,,
WHOI,WHOI_MA-RI_202210_WE16,GLIDER_TRACK,2022-10-31T21:12:05Z,41.1469,-70.8908,,,,
WHOI,WHOI_MA-RI_202210_WE16,GLIDER_TRACK,2022-10-31T21:27:05Z,41.1435,-70.89,,,,
WHOI,WHOI_MA-RI_202210_WE16,GLIDER_TRACK,2022-10-31T22:12:05Z,41.1333,-70.8875,,,,
WHOI,WHOI_MA-RI_202210_WE16,GLIDER_TRACK,2022-10-31T23:12:05Z,41.1226,-70.8851,,,,
WHOI,WHOI_MA-RI_202210_WE16,GLIDER_TRACK,2022-10-31T23:27:05Z,41.1194,-70.886,,,,
WHOI,WHOI_MA-RI_202210_WE16,GLIDER_TRACK,2022-11-01T00:12:05Z,41.1099,-70.8887,,,,
WHOI,WHOI_MA-RI_202210_WE16,GLIDER_TRACK,2022-11-01T01:07:18Z,41.098,-70.892,,,,
WHOI,WHOI_MA-RI_202210_WE16,GLIDER_TRACK,2022-11-01T01:42:05Z,41.0967,-70.8927,,,,
WHOI,WHOI_MA-RI_202210_WE16,GLIDER_TRACK,2022-11-01T01:57:05Z,41.095,-70.8944,,,,
WHOI,WHOI_MA-RI_202210_WE16,GLIDER_TRACK,2022-11-01T02:12:05Z,41.0933,-70.8961,,,,
WHOI,WHOI_MA-RI_202210_WE16,GLIDER_TRACK,2022-11-01T03:12:05Z,41.0866,-70.9029,,,,
WHOI,WHOI_MA-RI_202210_WE16,GLIDER_TRACK,2022-11-01T03:27:05Z,41.0849,-70.9046,,,,
WHOI,WHOI_MA-RI_202210_WE16,GLIDER_TRACK,2022-11-01T04:12:05Z,41.0832,-70.9071,,,,
WHOI,WHOI_MA-RI_202210_WE16,GLIDER_TRACK,2022-11-01T05:12:05Z,41.0801,-70.9095,,,,
WHOI,WHOI_MA-RI_202210_WE16,GLIDER_TRACK,2022-11-01T06:12:05Z,41.0792,-70.9106,,,,
WHOI,WHOI_MA-RI_202210_WE16,GLIDER_TRACK,2022-11-01T06:27:05Z,41.0781,-70.9098,,,,
WHOI,WHOI_MA-RI_202210_WE16,GLIDER_TRACK,2022-11-01T07:12:05Z,41.0736,-70.9069,,,,
WHOI,WHOI_MA-RI_202210_WE16,GLIDER_TRACK,2022-11-01T08:12:05Z,41.0675,-70.9029,,,,
WHOI,WHOI_MA-RI_202210_WE16,GLIDER_TRACK,2022-11-01T08:12:30Z,41.0675,-70.9029,,,,
WHOI,WHOI_MA-RI_202210_WE16,GLIDER_TRACK,2022-11-01T08:42:05Z,41.0666,-70.8983,,,,
WHOI,WHOI_MA-RI_202210_WE16,GLIDER_TRACK,2022-11-01T09:12:05Z,41.0616,-70.8954,,,,
WHOI,WHOI_MA-RI_202210_WE16,GLIDER_TRACK,2022-11-01T10:12:05Z,41.0515,-70.8896,,,,
WHOI,WHOI_MA-RI_202210_WE16,GLIDER_TRACK,2022-11-01T11:12:05Z,41.044,-70.885,,,,
WHOI,WHOI_MA-RI_202210_WE16,GLIDER_TRACK,2022-11-01T12:12:05Z,41.0325,-70.8848,,,,
WHOI,WHOI_MA-RI_202210_WE16,GLIDER_TRACK,2022-11-01T13:12:05Z,41.0242,-70.8838,,,,
WHOI,WHOI_MA-RI_202210_WE16,GLIDER_TRACK,2022-11-01T13:27:05Z,41.0217,-70.8848,,,,
WHOI,WHOI_MA-RI_202210_WE16,GLIDER_TRACK,2022-11-01T14:12:05Z,41.015,-70.8875,,,,
WHOI,WHOI_MA-RI_202210_WE16,GLIDER_TRACK,2022-11-01T14:27:05Z,41.0129,-70.8884,,,,
WHOI,WHOI_MA-RI_202210_WE16,GLIDER_TRACK,2022-11-01T15:12:05Z,41.0069,-70.8908,,,,
WHOI,WHOI_MA-RI_202210_WE16,GLIDER_TRACK,2022-11-01T15:12:30Z,41.0069,-70.8908,,,,
WHOI,WHOI_MA-RI_202210_WE16,GLIDER_TRACK,2022-11-01T16:12:05Z,41.0059,-70.892,,,,
WHOI,WHOI_MA-RI_202210_WE16,GLIDER_TRACK,2022-11-01T16:27:05Z,41.0048,-70.8923,,,,
WHOI,WHOI_MA-RI_202210_WE16,GLIDER_TRACK,2022-11-01T17:12:05Z,41.0015,-70.8928,,,,
WHOI,WHOI_MA-RI_202210_WE16,GLIDER_TRACK,2022-11-01T18:12:05Z,41.0009,-70.8923,,,,
WHOI,WHOI_MA-RI_202210_WE16,GLIDER_TRACK,2022-11-01T19:12:05Z,40.9963,-70.8904,,,,
WHOI,WHOI_MA-RI_202210_WE16,GLIDER_TRACK,2022-11-01T19:27:05Z,40.9951,-70.8899,,,,
WHOI,WHOI_MA-RI_202210_WE16,GLIDER_TRACK,2022-11-01T20:12:05Z,40.9942,-70.8859,,,,
WHOI,WHOI_MA-RI_202210_WE16,GLIDER_TRACK,2022-11-01T20:27:05Z,40.9933,-70.8828,,,,
WHOI,WHOI_MA-RI_202210_WE16,GLIDER_TRACK,2022-11-01T20:42:05Z,40.9922,-70.879,,,,
WHOI,WHOI_MA-RI_202210_WE16,GLIDER_TRACK,2022-11-01T21:12:05Z,40.99,-70.8716,,,,
WHOI,WHOI_MA-RI_202210_WE16,GLIDER_TRACK,2022-11-01T21:27:05Z,40.9888,-70.8678,,,,
WHOI,WHOI_MA-RI_202210_WE16,GLIDER_TRACK,2022-11-01T22:12:05Z,40.9854,-70.8566,,,,
WHOI,WHOI_MA-RI_202210_WE16,GLIDER_TRACK,2022-11-01T22:14:33Z,40.9854,-70.8566,,,,
WHOI,WHOI_MA-RI_202210_WE16,GLIDER_TRACK,2022-11-01T22:27:05Z,40.9846,-70.8547,,,,
WHOI,WHOI_MA-RI_202210_WE16,GLIDER_TRACK,2022-11-01T22:42:05Z,40.9855,-70.8547,,,,
WHOI,WHOI_MA-RI_202210_WE16,GLIDER_TRACK,2022-11-01T23:12:05Z,40.9873,-70.8548,,,,
WHOI,WHOI_MA-RI_202210_WE16,GLIDER_TRACK,2022-11-01T23:27:05Z,40.9883,-70.8548,,,,
WHOI,WHOI_MA-RI_202210_WE16,GLIDER_TRACK,2022-11-02T00:12:05Z,40.991,-70.855,,,,
WHOI,WHOI_MA-RI_202210_WE16,GLIDER_TRACK,2022-11-02T01:12:05Z,40.9909,-70.8546,,,,
WHOI,WHOI_MA-RI_202210_WE16,GLIDER_TRACK,2022-11-02T01:27:05Z,40.992,-70.8556,,,,
WHOI,WHOI_MA-RI_202210_WE16,GLIDER_TRACK,2022-11-02T02:12:05Z,40.9954,-70.8587,,,,
WHOI,WHOI_MA-RI_202210_WE16,GLIDER_TRACK,2022-11-02T02:27:05Z,40.9965,-70.8597,,,,
WHOI,WHOI_MA-RI_202210_WE16,GLIDER_TRACK,2022-11-02T03:12:05Z,40.9966,-70.8629,,,,
WHOI,WHOI_MA-RI_202210_WE16,GLIDER_TRACK,2022-11-02T03:27:05Z,40.9987,-70.8641,,,,
WHOI,WHOI_MA-RI_202210_WE16,GLIDER_TRACK,2022-11-02T04:12:05Z,41.0052,-70.8679,,,,
WHOI,WHOI_MA-RI_202210_WE16,GLIDER_TRACK,2022-11-02T04:27:05Z,41.0074,-70.8692,,,,
WHOI,WHOI_MA-RI_202210_WE16,GLIDER_TRACK,2022-11-02T05:04:45Z,41.0129,-70.8724,,,,
WHOI,WHOI_MA-RI_202210_WE16,GLIDER_TRACK,2022-11-02T05:27:05Z,41.0116,-70.873,,,,
WHOI,WHOI_MA-RI_202210_WE16,GLIDER_TRACK,2022-11-02T05:42:05Z,41.0137,-70.8729,,,,
WHOI,WHOI_MA-RI_202210_WE16,GLIDER_TRACK,2022-11-02T06:12:05Z,41.0189,-70.8726,,,,
WHOI,WHOI_MA-RI_202210_WE16,GLIDER_TRACK,2022-11-02T06:27:05Z,41.0215,-70.8724,,,,
WHOI,WHOI_MA-RI_202210_WE16,GLIDER_TRACK,2022-11-02T07:12:05Z,41.0293,-70.8719,,,,
WHOI,WHOI_MA-RI_202210_WE16,GLIDER_TRACK,2022-11-02T07:26:22Z,41.0318,-70.8718,,,,
WHOI,WHOI_MA-RI_202210_WE16,GLIDER_TRACK,2022-11-02T08:12:05Z,41.0364,-70.8695,,,,
WHOI,WHOI_MA-RI_202210_WE16,GLIDER_TRACK,2022-11-02T09:12:05Z,41.0445,-70.8668,,,,
WHOI,WHOI_MA-RI_202210_WE16,GLIDER_TRACK,2022-11-02T10:12:05Z,41.047,-70.8655,,,,
WHOI,WHOI_MA-RI_202210_WE16,GLIDER_TRACK,2022-11-02T11:12:05Z,41.0522,-70.8639,,,,
WHOI,WHOI_MA-RI_202210_WE16,GLIDER_TRACK,2022-11-02T12:02:50Z,41.0547,-70.8651,,,,
WHOI,WHOI_MA-RI_202210_WE16,GLIDER_TRACK,2022-11-02T12:27:05Z,41.0524,-70.8675,,,,
WHOI,WHOI_MA-RI_202210_WE16,GLIDER_TRACK,2022-11-02T12:42:05Z,41.0532,-70.8687,,,,
WHOI,WHOI_MA-RI_202210_WE16,GLIDER_TRACK,2022-11-02T13:12:05Z,41.0547,-70.8711,,,,
WHOI,WHOI_MA-RI_202210_WE16,GLIDER_TRACK,2022-11-02T14:12:05Z,41.0578,-70.8759,,,,
WHOI,WHOI_MA-RI_202210_WE16,GLIDER_TRACK,2022-11-02T15:12:05Z,41.0589,-70.8832,,,,
WHOI,WHOI_MA-RI_202210_WE16,GLIDER_TRACK,2022-11-02T16:12:05Z,41.0658,-70.89,,,,
WHOI,WHOI_MA-RI_202210_WE16,GLIDER_TRACK,2022-11-02T17:12:05Z,41.0704,-70.8974,,,,
WHOI,WHOI_MA-RI_202210_WE16,GLIDER_TRACK,2022-11-02T18:12:05Z,41.0809,-70.9001,,,,
WHOI,WHOI_MA-RI_202210_WE16,GLIDER_TRACK,2022-11-02T19:03:50Z,41.0901,-70.9027,,,,
WHOI,WHOI_MA-RI_202210_WE16,GLIDER_TRACK,2022-11-02T19:27:05Z,41.0906,-70.9042,,,,
WHOI,WHOI_MA-RI_202210_WE16,GLIDER_TRACK,2022-11-02T20:12:05Z,41.098,-70.9006,,,,
WHOI,WHOI_MA-RI_202210_WE16,GLIDER_TRACK,2022-11-02T21:12:05Z,41.1061,-70.8942,,,,
WHOI,WHOI_MA-RI_202210_WE16,GLIDER_TRACK,2022-11-02T22:12:05Z,41.1098,-70.8886,,,,
WHOI,WHOI_MA-RI_202210_WE16,GLIDER_TRACK,2022-11-02T22:27:05Z,41.111,-70.8862,,,,
WHOI,WHOI_MA-RI_202210_WE16,GLIDER_TRACK,2022-11-02T23:12:05Z,41.1147,-70.8789,,,,
WHOI,WHOI_MA-RI_202210_WE16,GLIDER_TRACK,2022-11-02T23:27:05Z,41.1159,-70.8764,,,,
WHOI,WHOI_MA-RI_202210_WE16,GLIDER_TRACK,2022-11-03T00:12:05Z,41.1164,-70.8745,,,,
WHOI,WHOI_MA-RI_202210_WE16,GLIDER_TRACK,2022-11-03T00:27:05Z,41.1172,-70.8741,,,,
WHOI,WHOI_MA-RI_202210_WE16,GLIDER_TRACK,2022-11-03T01:12:05Z,41.1196,-70.873,,,,
WHOI,WHOI_MA-RI_202210_WE16,GLIDER_TRACK,2022-11-03T01:27:05Z,41.1205,-70.8726,,,,
WHOI,WHOI_MA-RI_202210_WE16,GLIDER_TRACK,2022-11-03T02:27:05Z,41.1213,-70.8745,,,,
WHOI,WHOI_MA-RI_202210_WE16,GLIDER_TRACK,2022-11-03T02:42:05Z,41.1227,-70.8758,,,,
WHOI,WHOI_MA-RI_202210_WE16,GLIDER_TRACK,2022-11-03T03:12:05Z,41.1254,-70.8782,,,,
WHOI,WHOI_MA-RI_202210_WE16,GLIDER_TRACK,2022-11-03T03:27:05Z,41.1268,-70.8794,,,,
WHOI,WHOI_MA-RI_202210_WE16,GLIDER_TRACK,2022-11-03T04:12:05Z,41.131,-70.8831,,,,
WHOI,WHOI_MA-RI_202210_WE16,GLIDER_TRACK,2022-11-03T04:13:26Z,41.131,-70.8831,,,,
WHOI,WHOI_MA-RI_202210_WE16,GLIDER_TRACK,2022-11-03T04:42:05Z,41.1319,-70.8869,,,,
WHOI,WHOI_MA-RI_202210_WE16,GLIDER_TRACK,2022-11-03T05:12:05Z,41.1368,-70.8887,,,,
WHOI,WHOI_MA-RI_202210_WE16,GLIDER_TRACK,2022-11-03T05:27:05Z,41.1393,-70.8895,,,,
WHOI,WHOI_MA-RI_202210_WE16,GLIDER_TRACK,2022-11-03T06:12:05Z,41.146,-70.8906,,,,
WHOI,WHOI_MA-RI_202210_WE16,GLIDER_TRACK,2022-11-03T06:27:05Z,41.1486,-70.8906,,,,
WHOI,WHOI_MA-RI_202210_WE16,GLIDER_TRACK,2022-11-03T07:12:05Z,41.1529,-70.8916,,,,
WHOI,WHOI_MA-RI_202210_WE16,GLIDER_TRACK,2022-11-03T07:27:05Z,41.1546,-70.8899,,,,
WHOI,WHOI_MA-RI_202210_WE16,GLIDER_TRACK,2022-11-03T08:12:05Z,41.1596,-70.8849,,,,
WHOI,WHOI_MA-RI_202210_WE16,GLIDER_TRACK,2022-11-03T09:12:05Z,41.164,-70.8805,,,,
WHOI,WHOI_MA-RI_202210_WE16,GLIDER_TRACK,2022-11-03T09:27:05Z,41.1634,-70.8764,,,,
WHOI,WHOI_MA-RI_202210_WE16,GLIDER_TRACK,2022-11-03T10:12:05Z,41.1616,-70.8641,,,,
WHOI,WHOI_MA-RI_202210_WE16,GLIDER_TRACK,2022-11-03T10:27:05Z,41.1611,-70.86,,,,
WHOI,WHOI_MA-RI_202210_WE16,GLIDER_TRACK,2022-11-03T11:07:29Z,41.1595,-70.8487,,,,
WHOI,WHOI_MA-RI_202210_WE16,GLIDER_TRACK,2022-11-03T11:27:05Z,41.1585,-70.8452,,,,
WHOI,WHOI_MA-RI_202210_WE16,GLIDER_TRACK,2022-11-03T12:12:05Z,41.1559,-70.8322,,,,
WHOI,WHOI_MA-RI_202210_WE16,GLIDER_TRACK,2022-11-03T12:27:05Z,41.155,-70.8278,,,,
WHOI,WHOI_MA-RI_202210_WE16,GLIDER_TRACK,2022-11-03T13:12:05Z,41.1524,-70.8148,,,,
WHOI,WHOI_MA-RI_202210_WE16,GLIDER_TRACK,2022-11-03T13:13:26Z,41.1524,-70.8148,,,,
WHOI,WHOI_MA-RI_202210_WE16,GLIDER_TRACK,2022-11-03T13:42:05Z,41.1502,-70.8142,,,,
WHOI,WHOI_MA-RI_202210_WE16,GLIDER_TRACK,2022-11-03T13:57:05Z,41.1483,-70.8139,,,,
WHOI,WHOI_MA-RI_202210_WE16,GLIDER_TRACK,2022-11-03T14:12:05Z,41.1463,-70.8137,,,,
WHOI,WHOI_MA-RI_202210_WE16,GLIDER_TRACK,2022-11-03T15:12:05Z,41.1386,-70.8127,,,,
WHOI,WHOI_MA-RI_202210_WE16,GLIDER_TRACK,2022-11-03T16:12:05Z,41.1332,-70.8144,,,,
WHOI,WHOI_MA-RI_202210_WE16,GLIDER_TRACK,2022-11-03T17:12:05Z,41.126,-70.8165,,,,
WHOI,WHOI_MA-RI_202210_WE16,GLIDER_TRACK,2022-11-03T17:27:05Z,41.1242,-70.817,,,,
WHOI,WHOI_MA-RI_202210_WE16,GLIDER_TRACK,2022-11-03T19:12:05Z,41.124,-70.8207,,,,
WHOI,WHOI_MA-RI_202210_WE16,GLIDER_TRACK,2022-11-03T19:27:05Z,41.1229,-70.8204,,,,
WHOI,WHOI_MA-RI_202210_WE16,GLIDER_TRACK,2022-11-03T20:12:05Z,41.1197,-70.8193,,,,
WHOI,WHOI_MA-RI_202210_WE16,GLIDER_TRACK,2022-11-03T20:27:05Z,41.1187,-70.8189,,,,
WHOI,WHOI_MA-RI_202210_WE16,GLIDER_TRACK,2022-11-03T21:00:35Z,41.1166,-70.8174,,,,
WHOI,WHOI_MA-RI_202210_WE16,GLIDER_TRACK,2022-11-03T23:57:05Z,41.1331,-70.7944,,,,
WHOI,WHOI_MA-RI_202210_WE16,GLIDER_TRACK,2022-11-04T00:12:05Z,41.1304,-70.7933,,,,
WHOI,WHOI_MA-RI_202210_WE16,GLIDER_TRACK,2022-11-04T01:12:05Z,41.1196,-70.789,,,,
WHOI,WHOI_MA-RI_202210_WE16,GLIDER_TRACK,2022-11-04T01:27:05Z,41.1169,-70.788,,,,
WHOI,WHOI_MA-RI_202210_WE16,GLIDER_TRACK,2022-11-04T02:27:05Z,41.1103,-70.7863,,,,
WHOI,WHOI_MA-RI_202210_WE16,GLIDER_TRACK,2022-11-04T03:12:05Z,41.1021,-70.7897,,,,
WHOI,WHOI_MA-RI_202210_WE16,GLIDER_TRACK,2022-11-04T03:27:05Z,41.0993,-70.7909,,,,
WHOI,WHOI_MA-RI_202210_WE16,GLIDER_TRACK,2022-11-04T04:12:05Z,41.0926,-70.7965,,,,
WHOI,WHOI_MA-RI_202210_WE16,GLIDER_TRACK,2022-11-04T05:12:05Z,41.0887,-70.8046,,,,
WHOI,WHOI_MA-RI_202210_WE16,GLIDER_TRACK,2022-11-04T05:27:05Z,41.0869,-70.8069,,,,
WHOI,WHOI_MA-RI_202210_WE16,GLIDER_TRACK,2022-11-04T06:12:05Z,41.0836,-70.813,,,,
WHOI,WHOI_MA-RI_202210_WE16,GLIDER_TRACK,2022-11-04T07:12:05Z,41.0834,-70.8196,,,,
WHOI,WHOI_MA-RI_202210_WE16,GLIDER_TRACK,2022-11-04T07:27:05Z,41.0828,-70.8205,,,,
WHOI,WHOI_MA-RI_202210_WE16,GLIDER_TRACK,2022-11-04T08:12:05Z,41.081,-70.8231,,,,
WHOI,WHOI_MA-RI_202210_WE16,GLIDER_TRACK,2022-11-04T08:27:05Z,41.0804,-70.824,,,,
WHOI,WHOI_MA-RI_202210_WE16,GLIDER_TRACK,2022-11-04T09:12:05Z,41.082,-70.8258,,,,
WHOI,WHOI_MA-RI_202210_WE16,GLIDER_TRACK,2022-11-04T09:27:05Z,41.0809,-70.8246,,,,
WHOI,WHOI_MA-RI_202210_WE16,GLIDER_TRACK,2022-11-04T10:12:05Z,41.0774,-70.8209,,,,
WHOI,WHOI_MA-RI_202210_WE16,GLIDER_TRACK,2022-11-04T11:09:56Z,41.0728,-70.8161,,,,
WHOI,WHOI_MA-RI_202210_WE16,GLIDER_TRACK,2022-11-04T12:12:05Z,41.069,-70.8092,,,,
WHOI,WHOI_MA-RI_202210_WE16,GLIDER_TRACK,2022-11-04T13:12:05Z,41.0603,-70.8012,,,,
WHOI,WHOI_MA-RI_202210_WE16,GLIDER_TRACK,2022-11-04T14:12:05Z,41.0547,-70.7966,,,,
WHOI,WHOI_MA-RI_202210_WE16,GLIDER_TRACK,2022-11-04T15:12:05Z,41.0446,-70.7951,,,,
WHOI,WHOI_MA-RI_202210_WE16,GLIDER_TRACK,2022-11-04T16:12:05Z,41.0387,-70.7935,,,,
WHOI,WHOI_MA-RI_202210_WE16,GLIDER_TRACK,2022-11-04T16:27:05Z,41.0365,-70.7938,,,,
WHOI,WHOI_MA-RI_202210_WE16,GLIDER_TRACK,2022-11-04T17:12:05Z,41.0296,-70.7949,,,,
WHOI,WHOI_MA-RI_202210_WE16,GLIDER_TRACK,2022-11-04T18:05:50Z,41.0214,-70.7962,,,,
WHOI,WHOI_MA-RI_202210_WE16,GLIDER_TRACK,2022-11-04T18:27:05Z,41.0221,-70.7955,,,,
WHOI,WHOI_MA-RI_202210_WE16,GLIDER_TRACK,2022-11-04T19:12:05Z,41.0178,-70.7968,,,,
WHOI,WHOI_MA-RI_202210_WE16,GLIDER_TRACK,2022-11-04T20:12:05Z,41.0119,-70.7985,,,,
WHOI,WHOI_MA-RI_202210_WE16,GLIDER_TRACK,2022-11-04T21:12:05Z,41.0098,-70.7952,,,,
WHOI,WHOI_MA-RI_202210_WE16,GLIDER_TRACK,2022-11-04T22:12:05Z,41.0041,-70.7924,,,,
WHOI,WHOI_MA-RI_202210_WE16,GLIDER_TRACK,2022-11-04T22:27:05Z,41.0027,-70.7917,,,,
WHOI,WHOI_MA-RI_202210_WE16,GLIDER_TRACK,2022-11-04T23:12:05Z,41.0012,-70.7873,,,,
WHOI,WHOI_MA-RI_202210_WE16,GLIDER_TRACK,2022-11-04T23:27:05Z,40.9995,-70.7868,,,,
WHOI,WHOI_MA-RI_202210_WE16,GLIDER_TRACK,2022-11-05T00:12:05Z,40.9943,-70.7853,,,,
WHOI,WHOI_MA-RI_202210_WE16,GLIDER_TRACK,2022-11-05T00:27:05Z,40.9926,-70.7849,,,,
WHOI,WHOI_MA-RI_202210_WE16,GLIDER_TRACK,2022-11-05T01:06:36Z,40.988,-70.7834,,,,
WHOI,WHOI_MA-RI_202210_WE16,GLIDER_TRACK,2022-11-05T01:42:05Z,40.9875,-70.7817,,,,
WHOI,WHOI_MA-RI_202210_WE16,GLIDER_TRACK,2022-11-05T02:12:05Z,40.9851,-70.7852,,,,
WHOI,WHOI_MA-RI_202210_WE16,GLIDER_TRACK,2022-11-05T02:27:05Z,40.9839,-70.787,,,,
WHOI,WHOI_MA-RI_202210_WE16,GLIDER_TRACK,2022-11-05T03:12:05Z,40.9802,-70.7923,,,,
WHOI,WHOI_MA-RI_202210_WE16,GLIDER_TRACK,2022-11-05T03:25:59Z,40.979,-70.794,,,,
WHOI,WHOI_MA-RI_202210_WE16,GLIDER_TRACK,2022-11-05T04:12:05Z,40.9796,-70.7962,,,,
WHOI,WHOI_MA-RI_202210_WE16,GLIDER_TRACK,2022-11-05T05:12:05Z,40.9805,-70.8026,,,,
WHOI,WHOI_MA-RI_202210_WE16,GLIDER_TRACK,2022-11-05T06:12:05Z,40.9824,-70.8061,,,,
WHOI,WHOI_MA-RI_202210_WE16,GLIDER_TRACK,2022-11-05T06:27:05Z,40.9835,-70.8041,,,,
WHOI,WHOI_MA-RI_202210_WE16,GLIDER_TRACK,2022-11-05T07:12:05Z,40.9865,-70.7982,,,,
WHOI,WHOI_MA-RI_202210_WE16,GLIDER_TRACK,2022-11-05T08:07:22Z,40.9903,-70.7907,,,,
WHOI,WHOI_MA-RI_202210_WE16,GLIDER_TRACK,2022-11-05T08:27:05Z,40.9924,-70.7898,,,,
WHOI,WHOI_MA-RI_202210_WE16,GLIDER_TRACK,2022-11-05T09:12:05Z,40.9945,-70.7824,,,,
WHOI,WHOI_MA-RI_202210_WE16,GLIDER_TRACK,2022-11-05T10:12:05Z,40.9975,-70.7719,,,,
WHOI,WHOI_MA-RI_202210_WE16,GLIDER_TRACK,2022-11-05T11:12:05Z,41.0029,-70.7628,,,,
WHOI,WHOI_MA-RI_202210_WE16,GLIDER_TRACK,2022-11-05T12:12:05Z,41.0117,-70.7534,,,,
WHOI,WHOI_MA-RI_202210_WE16,GLIDER_TRACK,2022-11-05T13:12:05Z,41.0175,-70.743,,,,
WHOI,WHOI_MA-RI_202210_WE16,GLIDER_TRACK,2022-11-05T13:27:05Z,41.0188,-70.741,,,,
WHOI,WHOI_MA-RI_202210_WE16,GLIDER_TRACK,2022-11-05T14:12:05Z,41.0227,-70.7352,,,,
WHOI,WHOI_MA-RI_202210_WE16,GLIDER_TRACK,2022-11-05T14:27:05Z,41.024,-70.7333,,,,
WHOI,WHOI_MA-RI_202210_WE16,GLIDER_TRACK,2022-11-05T15:03:48Z,41.027,-70.7294,,,,
WHOI,WHOI_MA-RI_202210_WE16,GLIDER_TRACK,2022-11-05T15:27:05Z,41.0269,-70.727,,,,
WHOI,WHOI_MA-RI_202210_WE16,GLIDER_TRACK,2022-11-05T15:42:05Z,41.0279,-70.7273,,,,
WHOI,WHOI_MA-RI_202210_WE16,GLIDER_TRACK,2022-11-05T16:12:05Z,41.03,-70.7279,,,,
WHOI,WHOI_MA-RI_202210_WE16,GLIDER_TRACK,2022-11-05T16:27:05Z,41.0311,-70.7282,,,,
WHOI,WHOI_MA-RI_202210_WE16,GLIDER_TRACK,2022-11-05T17:12:05Z,41.0343,-70.7292,,,,
WHOI,WHOI_MA-RI_202210_WE16,GLIDER_TRACK,2022-11-05T18:12:05Z,41.0391,-70.7305,,,,
WHOI,WHOI_MA-RI_202210_WE16,GLIDER_TRACK,2022-11-05T19:12:05Z,41.0471,-70.7367,,,,
WHOI,WHOI_MA-RI_202210_WE16,GLIDER_TRACK,2022-11-05T20:12:05Z,41.0544,-70.7405,,,,
WHOI,WHOI_MA-RI_202210_WE16,GLIDER_TRACK,2022-11-05T21:12:05Z,41.0658,-70.7446,,,,
WHOI,WHOI_MA-RI_202210_WE16,GLIDER_TRACK,2022-11-05T22:27:05Z,41.0781,-70.7461,,,,
WHOI,WHOI_MA-RI_202210_WE16,GLIDER_TRACK,2022-11-05T22:42:05Z,41.0806,-70.7454,,,,
WHOI,WHOI_MA-RI_202210_WE16,GLIDER_TRACK,2022-11-05T23:12:05Z,41.0855,-70.7442,,,,
WHOI,WHOI_MA-RI_202210_WE16,GLIDER_TRACK,2022-11-05T23:27:05Z,41.088,-70.7436,,,,
WHOI,WHOI_MA-RI_202210_WE16,GLIDER_TRACK,2022-11-06T00:12:05Z,41.0954,-70.7417,,,,
WHOI,WHOI_MA-RI_202210_WE16,GLIDER_TRACK,2022-11-06T01:12:05Z,41.101,-70.7389,,,,
WHOI,WHOI_MA-RI_202210_WE16,GLIDER_TRACK,2022-11-06T02:12:05Z,41.1073,-70.7367,,,,
WHOI,WHOI_MA-RI_202210_WE16,GLIDER_TRACK,2022-11-06T03:12:05Z,41.1111,-70.7365,,,,
WHOI,WHOI_MA-RI_202210_WE16,GLIDER_TRACK,2022-11-06T04:12:05Z,41.1151,-70.7416,,,,
WHOI,WHOI_MA-RI_202210_WE16,GLIDER_TRACK,2022-11-06T04:27:05Z,41.1161,-70.7429,,,,
WHOI,WHOI_MA-RI_202210_WE16,GLIDER_TRACK,2022-11-06T05:12:05Z,41.1185,-70.746,,,,
WHOI,WHOI_MA-RI_202210_WE16,GLIDER_TRACK,2022-11-06T05:27:05Z,41.12,-70.7483,,,,
WHOI,WHOI_MA-RI_202210_WE16,GLIDER_TRACK,2022-11-06T06:12:05Z,41.1244,-70.7555,,,,
WHOI,WHOI_MA-RI_202210_WE16,GLIDER_TRACK,2022-11-06T07:00:28Z,41.1287,-70.7626,,,,
WHOI,WHOI_MA-RI_202210_WE16,GLIDER_TRACK,2022-11-06T07:27:05Z,41.1307,-70.7642,,,,
WHOI,WHOI_MA-RI_202210_WE16,GLIDER_TRACK,2022-11-06T07:42:05Z,41.1334,-70.7656,,,,
WHOI,WHOI_MA-RI_202210_WE16,GLIDER_TRACK,2022-11-06T08:12:05Z,41.1389,-70.7683,,,,
WHOI,WHOI_MA-RI_202210_WE16,GLIDER_TRACK,2022-11-06T09:12:05Z,41.1497,-70.7737,,,,
WHOI,WHOI_MA-RI_202210_WE16,GLIDER_TRACK,2022-11-06T10:12:05Z,41.1566,-70.7705,,,,
WHOI,WHOI_MA-RI_202210_WE16,GLIDER_TRACK,2022-11-06T11:12:05Z,41.1597,-70.755,,,,
WHOI,WHOI_MA-RI_202210_WE16,GLIDER_TRACK,2022-11-06T12:12:05Z,41.1616,-70.7415,,,,
WHOI,WHOI_MA-RI_202210_WE16,GLIDER_TRACK,2022-11-06T12:27:05Z,41.1607,-70.7365,,,,
WHOI,WHOI_MA-RI_202210_WE16,GLIDER_TRACK,2022-11-06T13:12:05Z,41.1581,-70.7213,,,,
WHOI,WHOI_MA-RI_202210_WE16,GLIDER_TRACK,2022-11-06T13:27:05Z,41.1573,-70.7163,,,,
WHOI,WHOI_MA-RI_202210_WE16,GLIDER_TRACK,2022-11-06T13:58:18Z,41.1535,-70.7089,,,,
WHOI,WHOI_MA-RI_202210_WE16,GLIDER_TRACK,2022-11-06T14:27:05Z,41.152,-70.7038,,,,
WHOI,WHOI_MA-RI_202210_WE16,GLIDER_TRACK,2022-11-06T15:12:05Z,41.1438,-70.6996,,,,
WHOI,WHOI_MA-RI_202210_WE16,GLIDER_TRACK,2022-11-06T16:12:05Z,41.1331,-70.6947,,,,
WHOI,WHOI_MA-RI_202210_WE16,GLIDER_TRACK,2022-11-06T17:12:05Z,41.1257,-70.694,,,,
WHOI,WHOI_MA-RI_202210_WE16,GLIDER_TRACK,2022-11-06T17:27:05Z,41.1238,-70.6942,,,,
WHOI,WHOI_MA-RI_202210_WE16,GLIDER_TRACK,2022-11-06T18:12:05Z,41.1162,-70.6975,,,,
WHOI,WHOI_MA-RI_202210_WE16,GLIDER_TRACK,2022-11-06T18:27:05Z,41.1137,-70.6987,,,,
WHOI,WHOI_MA-RI_202210_WE16,GLIDER_TRACK,2022-11-06T19:12:05Z,41.1111,-70.7016,,,,
WHOI,WHOI_MA-RI_202210_WE16,GLIDER_TRACK,2022-11-06T19:27:05Z,41.1091,-70.7033,,,,
WHOI,WHOI_MA-RI_202210_WE16,GLIDER_TRACK,2022-11-06T20:12:05Z,41.1032,-70.7084,,,,
WHOI,WHOI_MA-RI_202210_WE16,GLIDER_TRACK,2022-11-06T20:27:05Z,41.1012,-70.7101,,,,
WHOI,WHOI_MA-RI_202210_WE16,GLIDER_TRACK,2022-11-06T21:12:05Z,41.1009,-70.7125,,,,
WHOI,WHOI_MA-RI_202210_WE16,GLIDER_TRACK,2022-11-06T21:27:05Z,41.1001,-70.7126,,,,
WHOI,WHOI_MA-RI_202210_WE16,GLIDER_TRACK,2022-11-06T22:12:05Z,41.097,-70.7126,,,,
WHOI,WHOI_MA-RI_202210_WE16,GLIDER_TRACK,2022-11-06T23:12:05Z,41.0929,-70.7127,,,,
WHOI,WHOI_MA-RI_202210_WE16,GLIDER_TRACK,2022-11-07T00:12:05Z,41.0905,-70.7092,,,,
WHOI,WHOI_MA-RI_202210_WE16,GLIDER_TRACK,2022-11-07T01:12:05Z,41.0842,-70.7037,,,,
WHOI,WHOI_MA-RI_202210_WE16,GLIDER_TRACK,2022-11-07T01:27:05Z,41.0826,-70.7023,,,,
WHOI,WHOI_MA-RI_202210_WE16,GLIDER_TRACK,2022-11-07T02:12:05Z,41.0805,-70.6987,,,,
WHOI,WHOI_MA-RI_202210_WE16,GLIDER_TRACK,2022-11-07T02:27:05Z,41.0783,-70.6977,,,,
WHOI,WHOI_MA-RI_202210_WE16,GLIDER_TRACK,2022-11-07T03:12:05Z,41.0715,-70.6945,,,,
WHOI,WHOI_MA-RI_202210_WE16,GLIDER_TRACK,2022-11-07T04:12:05Z,41.0662,-70.6908,,,,
WHOI,WHOI_MA-RI_202210_WE16,GLIDER_TRACK,2022-11-07T04:27:05Z,41.064,-70.6918,,,,
WHOI,WHOI_MA-RI_202210_WE16,GLIDER_TRACK,2022-11-07T05:12:05Z,41.057,-70.6951,,,,
WHOI,WHOI_MA-RI_202210_WE16,GLIDER_TRACK,2022-11-07T06:07:47Z,41.0482,-70.6993,,,,
WHOI,WHOI_MA-RI_202210_WE16,GLIDER_TRACK,2022-11-07T06:42:05Z,41.048,-70.7,,,,
WHOI,WHOI_MA-RI_202210_WE16,GLIDER_TRACK,2022-11-07T07:12:05Z,41.0447,-70.7032,,,,
WHOI,WHOI_MA-RI_202210_WE16,GLIDER_TRACK,2022-11-07T08:12:05Z,41.0383,-70.7096,,,,
WHOI,WHOI_MA-RI_202210_WE16,GLIDER_TRACK,2022-11-07T09:12:05Z,41.0353,-70.7111,,,,
WHOI,WHOI_MA-RI_202210_WE16,GLIDER_TRACK,2022-11-07T10:12:05Z,41.032,-70.7117,,,,
WHOI,WHOI_MA-RI_202210_WE16,GLIDER_TRACK,2022-11-07T11:12:05Z,41.0319,-70.708,,,,
WHOI,WHOI_MA-RI_202210_WE16,GLIDER_TRACK,2022-11-07T12:12:05Z,41.0271,-70.7023,,,,
WHOI,WHOI_MA-RI_202210_WE16,GLIDER_TRACK,2022-11-07T13:01:11Z,41.0236,-70.6981,,,,
WHOI,WHOI_MA-RI_202210_WE16,GLIDER_TRACK,2022-11-07T13:27:05Z,41.0236,-70.6928,,,,
WHOI,WHOI_MA-RI_202210_WE16,GLIDER_TRACK,2022-11-07T13:42:05Z,41.0215,-70.6914,,,,
WHOI,WHOI_MA-RI_202210_WE16,GLIDER_TRACK,2022-11-07T14:12:05Z,41.0174,-70.6885,,,,
WHOI,WHOI_MA-RI_202210_WE16,GLIDER_TRACK,2022-11-07T15:12:05Z,41.0092,-70.6826,,,,
WHOI,WHOI_MA-RI_202210_WE16,GLIDER_TRACK,2022-11-07T16:12:05Z,41.0027,-70.6802,,,,
WHOI,WHOI_MA-RI_202210_WE16,GLIDER_TRACK,2022-11-07T16:27:05Z,41.0003,-70.6813,,,,
WHOI,WHOI_MA-RI_202210_WE16,GLIDER_TRACK,2022-11-07T17:12:05Z,40.9933,-70.6848,,,,
WHOI,WHOI_MA-RI_202210_WE16,GLIDER_TRACK,2022-11-07T18:12:05Z,40.9875,-70.6889,,,,
WHOI,WHOI_MA-RI_202210_WE16,GLIDER_TRACK,2022-11-07T18:27:05Z,40.9858,-70.6922,,,,
WHOI,WHOI_MA-RI_202210_WE16,GLIDER_TRACK,2022-11-07T19:12:05Z,40.9828,-70.7016,,,,
WHOI,WHOI_MA-RI_202210_WE16,GLIDER_TRACK,2022-11-07T19:59:20Z,40.9802,-70.7125,,,,
WHOI,WHOI_MA-RI_202210_WE16,GLIDER_TRACK,2022-11-07T20:27:05Z,40.9798,-70.7124,,,,
WHOI,WHOI_MA-RI_202210_WE16,GLIDER_TRACK,2022-11-07T20:42:05Z,40.9807,-70.7124,,,,
WHOI,WHOI_MA-RI_202210_WE16,GLIDER_TRACK,2022-11-07T21:12:05Z,40.9827,-70.7123,,,,
WHOI,WHOI_MA-RI_202210_WE16,GLIDER_TRACK,2022-11-07T22:12:05Z,40.9866,-70.7123,,,,
WHOI,WHOI_MA-RI_202210_WE16,GLIDER_TRACK,2022-11-07T23:12:05Z,40.9885,-70.7034,,,,
WHOI,WHOI_MA-RI_202210_WE16,GLIDER_TRACK,2022-11-08T00:12:05Z,40.9916,-70.6901,,,,
WHOI,WHOI_MA-RI_202210_WE16,GLIDER_TRACK,2022-11-08T01:12:05Z,40.9941,-70.6789,,,,
WHOI,WHOI_MA-RI_202210_WE16,GLIDER_TRACK,2022-11-08T01:27:05Z,40.995,-70.6764,,,,
WHOI,WHOI_MA-RI_202210_WE16,GLIDER_TRACK,2022-11-08T02:12:05Z,40.9978,-70.669,,,,
WHOI,WHOI_MA-RI_202210_WE16,GLIDER_TRACK,2022-11-08T03:12:05Z,40.9962,-70.6582,,,,
WHOI,WHOI_MA-RI_202210_WE16,GLIDER_TRACK,2022-11-08T03:27:05Z,40.9972,-70.6573,,,,
WHOI,WHOI_MA-RI_202210_WE16,GLIDER_TRACK,2022-11-08T04:12:05Z,41.0006,-70.6548,,,,
WHOI,WHOI_MA-RI_202210_WE16,GLIDER_TRACK,2022-11-08T05:10:42Z,41.005,-70.6515,,,,
WHOI,WHOI_MA-RI_202210_WE16,GLIDER_TRACK,2022-11-08T06:12:05Z,41.0036,-70.652,,,,
WHOI,WHOI_MA-RI_202210_WE16,GLIDER_TRACK,2022-11-08T07:12:05Z,41.009,-70.6558,,,,
WHOI,WHOI_MA-RI_202210_WE16,GLIDER_TRACK,2022-11-08T08:12:05Z,41.0103,-70.6599,,,,
WHOI,WHOI_MA-RI_202210_WE16,GLIDER_TRACK,2022-11-08T09:12:05Z,41.0188,-70.6657,,,,
WHOI,WHOI_MA-RI_202210_WE16,GLIDER_TRACK,2022-11-08T10:12:05Z,41.0245,-70.6698,,,,
WHOI,WHOI_MA-RI_202210_WE16,GLIDER_TRACK,2022-11-08T10:27:05Z,41.0275,-70.6699,,,,
WHOI,WHOI_MA-RI_202210_WE16,GLIDER_TRACK,2022-11-08T11:12:05Z,41.0364,-70.6697,,,,
WHOI,WHOI_MA-RI_202210_WE16,GLIDER_TRACK,2022-11-08T12:11:20Z,41.0494,-70.666,,,,
WHOI,WHOI_MA-RI_202210_WE16,GLIDER_TRACK,2022-11-08T13:12:05Z,41.0579,-70.6582,,,,
WHOI,WHOI_MA-RI_202210_WE16,GLIDER_TRACK,2022-11-08T13:27:05Z,41.0604,-70.6563,,,,
WHOI,WHOI_MA-RI_202210_WE16,GLIDER_TRACK,2022-11-08T14:11:46Z,41.0675,-70.6504,,,,
WHOI,WHOI_MA-RI_202210_WE16,GLIDER_TRACK,2022-11-08T15:12:05Z,41.0697,-70.6446,,,,
WHOI,WHOI_MA-RI_202210_WE16,GLIDER_TRACK,2022-11-08T15:27:05Z,41.0714,-70.6435,,,,
WHOI,WHOI_MA-RI_202210_WE16,GLIDER_TRACK,2022-11-08T16:12:05Z,41.0765,-70.6404,,,,
WHOI,WHOI_MA-RI_202210_WE16,GLIDER_TRACK,2022-11-08T16:27:05Z,41.0783,-70.6394,,,,
WHOI,WHOI_MA-RI_202210_WE16,GLIDER_TRACK,2022-11-08T17:12:05Z,41.0786,-70.6398,,,,
WHOI,WHOI_MA-RI_202210_WE16,GLIDER_TRACK,2022-11-08T18:12:05Z,41.084,-70.6464,,,,
WHOI,WHOI_MA-RI_202210_WE16,GLIDER_TRACK,2022-11-08T18:58:11Z,41.088,-70.6514,,,,
WHOI,WHOI_MA-RI_202210_WE16,GLIDER_TRACK,2022-11-08T19:27:05Z,41.0875,-70.6543,,,,
WHOI,WHOI_MA-RI_202210_WE16,GLIDER_TRACK,2022-11-08T19:42:05Z,41.0895,-70.657,,,,
WHOI,WHOI_MA-RI_202210_WE16,GLIDER_TRACK,2022-11-08T20:12:05Z,41.0936,-70.6622,,,,
WHOI,WHOI_MA-RI_202210_WE16,GLIDER_TRACK,2022-11-08T21:12:05Z,41.1018,-70.6728,,,,
WHOI,WHOI_MA-RI_202210_WE16,GLIDER_TRACK,2022-11-08T22:12:05Z,41.108,-70.682,,,,
WHOI,WHOI_MA-RI_202210_WE16,GLIDER_TRACK,2022-11-08T23:12:05Z,41.1202,-70.6876,,,,
WHOI,WHOI_MA-RI_202210_WE16,GLIDER_TRACK,2022-11-08T23:27:05Z,41.1231,-70.6882,,,,
WHOI,WHOI_MA-RI_202210_WE16,GLIDER_TRACK,2022-11-09T00:12:05Z,41.128,-70.6894,,,,
WHOI,WHOI_MA-RI_202210_WE16,GLIDER_TRACK,2022-11-09T00:27:05Z,41.1307,-70.689,,,,
WHOI,WHOI_MA-RI_202210_WE16,GLIDER_TRACK,2022-11-09T01:12:05Z,41.1389,-70.6862,,,,
WHOI,WHOI_MA-RI_202210_WE16,GLIDER_TRACK,2022-11-09T02:02:53Z,41.1465,-70.6803,,,,
WHOI,WHOI_MA-RI_202210_WE16,GLIDER_TRACK,2022-11-09T02:27:05Z,41.1467,-70.6778,,,,
WHOI,WHOI_MA-RI_202210_WE16,GLIDER_TRACK,2022-11-09T02:42:05Z,41.1479,-70.6747,,,,
WHOI,WHOI_MA-RI_202210_WE16,GLIDER_TRACK,2022-11-09T03:12:05Z,41.1502,-70.6685,,,,
WHOI,WHOI_MA-RI_202210_WE16,GLIDER_TRACK,2022-11-09T04:12:05Z,41.1549,-70.6562,,,,
WHOI,WHOI_MA-RI_202210_WE16,GLIDER_TRACK,2022-11-09T04:25:07Z,41.1555,-70.6542,,,,
WHOI,WHOI_MA-RI_202210_WE16,GLIDER_TRACK,2022-11-09T05:12:05Z,41.1527,-70.6507,,,,
WHOI,WHOI_MA-RI_202210_WE16,GLIDER_TRACK,2022-11-09T06:12:05Z,41.1501,-70.6454,,,,
WHOI,WHOI_MA-RI_202210_WE16,GLIDER_TRACK,2022-11-09T07:27:05Z,41.1454,-70.6442,,,,
WHOI,WHOI_MA-RI_202210_WE16,GLIDER_TRACK,2022-11-09T07:42:05Z,41.1436,-70.645,,,,
WHOI,WHOI_MA-RI_202210_WE16,GLIDER_TRACK,2022-11-09T08:12:05Z,41.1399,-70.6466,,,,
WHOI,WHOI_MA-RI_202210_WE16,GLIDER_TRACK,2022-11-09T09:12:05Z,41.1335,-70.65,,,,
WHOI,WHOI_MA-RI_202210_WE16,GLIDER_TRACK,2022-11-09T10:12:05Z,41.1308,-70.6533,,,,
WHOI,WHOI_MA-RI_202210_WE16,GLIDER_TRACK,2022-11-09T11:12:05Z,41.1271,-70.654,,,,
WHOI,WHOI_MA-RI_202210_WE16,GLIDER_TRACK,2022-11-09T12:12:05Z,41.1252,-70.6534,,,,
WHOI,WHOI_MA-RI_202210_WE16,GLIDER_TRACK,2022-11-09T13:12:05Z,41.122,-70.6476,,,,
WHOI,WHOI_MA-RI_202210_WE16,GLIDER_TRACK,2022-11-09T13:27:05Z,41.1212,-70.6462,,,,
WHOI,WHOI_MA-RI_202210_WE16,GLIDER_TRACK,2022-11-09T14:12:05Z,41.1201,-70.6434,,,,
WHOI,WHOI_MA-RI_202210_WE16,GLIDER_TRACK,2022-11-09T14:27:05Z,41.1187,-70.6415,,,,
WHOI,WHOI_MA-RI_202210_WE16,GLIDER_TRACK,2022-11-09T14:42:05Z,41.1171,-70.6393,,,,
WHOI,WHOI_MA-RI_202210_WE16,GLIDER_TRACK,2022-11-09T15:12:05Z,41.1137,-70.6349,,,,
WHOI,WHOI_MA-RI_202210_WE16,GLIDER_TRACK,2022-11-09T15:27:05Z,41.1121,-70.6326,,,,
WHOI,WHOI_MA-RI_202210_WE16,GLIDER_TRACK,2022-11-09T16:12:05Z,41.1071,-70.626,,,,
WHOI,WHOI_MA-RI_202210_WE16,GLIDER_TRACK,2022-11-09T16:13:26Z,41.1071,-70.626,,,,
WHOI,WHOI_MA-RI_202210_WE16,GLIDER_TRACK,2022-11-09T17:12:05Z,41.1007,-70.6252,,,,
WHOI,WHOI_MA-RI_202210_WE16,GLIDER_TRACK,2022-11-09T17:27:05Z,41.0983,-70.6251,,,,
WHOI,WHOI_MA-RI_202210_WE16,GLIDER_TRACK,2022-11-09T18:12:05Z,41.0908,-70.6247,,,,
WHOI,WHOI_MA-RI_202210_WE16,GLIDER_TRACK,2022-11-09T19:12:05Z,41.0822,-70.6281,,,,
WHOI,WHOI_MA-RI_202210_WE16,GLIDER_TRACK,2022-11-09T19:27:05Z,41.08,-70.6298,,,,
WHOI,WHOI_MA-RI_202210_WE16,GLIDER_TRACK,2022-11-09T20:12:05Z,41.0732,-70.6346,,,,
WHOI,WHOI_MA-RI_202210_WE16,GLIDER_TRACK,2022-11-09T20:27:05Z,41.0709,-70.6362,,,,
WHOI,WHOI_MA-RI_202210_WE16,GLIDER_TRACK,2022-11-09T21:27:05Z,41.0667,-70.6445,,,,
WHOI,WHOI_MA-RI_202210_WE16,GLIDER_TRACK,2022-11-09T21:42:05Z,41.0653,-70.6463,,,,
WHOI,WHOI_MA-RI_202210_WE16,GLIDER_TRACK,2022-11-09T22:12:05Z,41.0626,-70.65,,,,
WHOI,WHOI_MA-RI_202210_WE16,GLIDER_TRACK,2022-11-09T22:27:05Z,41.0613,-70.6518,,,,
WHOI,WHOI_MA-RI_202210_WE16,GLIDER_TRACK,2022-11-09T23:09:46Z,41.0573,-70.6571,,,,
WHOI,WHOI_MA-RI_202210_WE16,GLIDER_TRACK,2022-11-09T23:42:05Z,41.0584,-70.6594,,,,
WHOI,WHOI_MA-RI_202210_WE16,GLIDER_TRACK,2022-11-10T00:12:05Z,41.0569,-70.66,,,,
WHOI,WHOI_MA-RI_202210_WE16,GLIDER_TRACK,2022-11-10T00:27:05Z,41.0562,-70.6603,,,,
WHOI,WHOI_MA-RI_202210_WE16,GLIDER_TRACK,2022-11-10T01:12:05Z,41.0539,-70.6588,,,,
WHOI,WHOI_MA-RI_202210_WE16,GLIDER_TRACK,2022-11-10T01:27:05Z,41.0531,-70.6583,,,,
WHOI,WHOI_MA-RI_202210_WE16,GLIDER_TRACK,2022-11-10T02:12:05Z,41.0534,-70.6559,,,,
WHOI,WHOI_MA-RI_202210_WE16,GLIDER_TRACK,2022-11-10T02:27:05Z,41.0521,-70.6543,,,,
WHOI,WHOI_MA-RI_202210_WE16,GLIDER_TRACK,2022-11-10T03:12:05Z,41.0483,-70.6492,,,,
WHOI,WHOI_MA-RI_202210_WE16,GLIDER_TRACK,2022-11-10T03:27:05Z,41.047,-70.6476,,,,
WHOI,WHOI_MA-RI_202210_WE16,GLIDER_TRACK,2022-11-10T04:12:05Z,41.046,-70.643,,,,
WHOI,WHOI_MA-RI_202210_WE16,GLIDER_TRACK,2022-11-10T04:27:05Z,41.044,-70.6421,,,,
WHOI,WHOI_MA-RI_202210_WE16,GLIDER_TRACK,2022-11-10T05:12:05Z,41.0377,-70.6392,,,,
WHOI,WHOI_MA-RI_202210_WE16,GLIDER_TRACK,2022-11-10T05:27:05Z,41.0357,-70.6383,,,,
WHOI,WHOI_MA-RI_202210_WE16,GLIDER_TRACK,2022-11-10T06:10:42Z,41.0295,-70.6355,,,,
WHOI,WHOI_MA-RI_202210_WE16,GLIDER_TRACK,2022-11-10T06:42:05Z,41.0284,-70.6358,,,,
WHOI,WHOI_MA-RI_202210_WE16,GLIDER_TRACK,2022-11-10T07:12:05Z,41.0239,-70.6378,,,,
WHOI,WHOI_MA-RI_202210_WE16,GLIDER_TRACK,2022-11-10T08:12:05Z,41.015,-70.6417,,,,
WHOI,WHOI_MA-RI_202210_WE16,GLIDER_TRACK,2022-11-10T09:12:05Z,41.0106,-70.645,,,,
WHOI,WHOI_MA-RI_202210_WE16,GLIDER_TRACK,2022-11-10T09:27:05Z,41.0089,-70.6458,,,,
WHOI,WHOI_MA-RI_202210_WE16,GLIDER_TRACK,2022-11-10T10:12:05Z,41.0038,-70.6481,,,,
WHOI,WHOI_MA-RI_202210_WE16,GLIDER_TRACK,2022-11-10T10:27:05Z,41.0021,-70.6489,,,,
WHOI,WHOI_MA-RI_202210_WE16,GLIDER_TRACK,2022-11-10T11:12:05Z,41.0003,-70.6508,,,,
WHOI,WHOI_MA-RI_202210_WE16,GLIDER_TRACK,2022-11-10T11:27:05Z,40.9999,-70.6494,,,,
WHOI,WHOI_MA-RI_202210_WE16,GLIDER_TRACK,2022-11-10T11:42:05Z,40.9994,-70.6476,,,,
WHOI,WHOI_MA-RI_202210_WE16,GLIDER_TRACK,2022-11-10T12:12:05Z,40.9983,-70.644,,,,
WHOI,WHOI_MA-RI_202210_WE16,GLIDER_TRACK,2022-11-10T12:27:05Z,40.9978,-70.6422,,,,
WHOI,WHOI_MA-RI_202210_WE16,GLIDER_TRACK,2022-11-10T13:11:26Z,40.9963,-70.6369,,,,
WHOI,WHOI_MA-RI_202210_WE16,GLIDER_TRACK,2022-11-10T13:42:05Z,40.9978,-70.6315,,,,
WHOI,WHOI_MA-RI_202210_WE16,GLIDER_TRACK,2022-11-10T14:12:05Z,40.9973,-70.6225,,,,
WHOI,WHOI_MA-RI_202210_WE16,GLIDER_TRACK,2022-11-10T14:27:05Z,40.9971,-70.618,,,,
WHOI,WHOI_MA-RI_202210_WE16,GLIDER_TRACK,2022-11-10T15:12:05Z,40.9964,-70.6045,,,,
WHOI,WHOI_MA-RI_202210_WE16,GLIDER_TRACK,2022-11-10T15:27:05Z,40.9962,-70.6,,,,
WHOI,WHOI_MA-RI_202210_WE16,GLIDER_TRACK,2022-11-10T16:12:05Z,40.9955,-70.5911,,,,
WHOI,WHOI_MA-RI_202210_WE16,GLIDER_TRACK,2022-11-10T16:27:05Z,40.9948,-70.5884,,,,
WHOI,WHOI_MA-RI_202210_WE16,GLIDER_TRACK,2022-11-10T17:12:05Z,40.9927,-70.5804,,,,
WHOI,WHOI_MA-RI_202210_WE16,GLIDER_TRACK,2022-11-10T18:12:05Z,40.9905,-70.5707,,,,
WHOI,WHOI_MA-RI_202210_WE16,GLIDER_TRACK,2022-11-10T18:27:05Z,40.9913,-70.5709,,,,
WHOI,WHOI_MA-RI_202210_WE16,GLIDER_TRACK,2022-11-10T19:12:05Z,40.9938,-70.5716,,,,
WHOI,WHOI_MA-RI_202210_WE16,GLIDER_TRACK,2022-11-10T19:27:05Z,40.9946,-70.5718,,,,
WHOI,WHOI_MA-RI_202210_WE16,GLIDER_TRACK,2022-11-10T20:07:25Z,40.9968,-70.5723,,,,
WHOI,WHOI_MA-RI_202210_WE16,GLIDER_TRACK,2022-11-10T20:27:05Z,40.9957,-70.5717,,,,
WHOI,WHOI_MA-RI_202210_WE16,GLIDER_TRACK,2022-11-10T20:42:05Z,40.9966,-70.5728,,,,
WHOI,WHOI_MA-RI_202210_WE16,GLIDER_TRACK,2022-11-10T21:12:05Z,40.9991,-70.5757,,,,
WHOI,WHOI_MA-RI_202210_WE16,GLIDER_TRACK,2022-11-10T22:12:05Z,41.0041,-70.5815,,,,
WHOI,WHOI_MA-RI_202210_WE16,GLIDER_TRACK,2022-11-10T23:12:05Z,41.0093,-70.5846,,,,
WHOI,WHOI_MA-RI_202210_WE16,GLIDER_TRACK,2022-11-11T00:12:05Z,41.0188,-70.5866,,,,
WHOI,WHOI_MA-RI_202210_WE16,GLIDER_TRACK,2022-11-11T01:12:05Z,41.0264,-70.5865,,,,
WHOI,WHOI_MA-RI_202210_WE16,GLIDER_TRACK,2022-11-11T01:27:05Z,41.0289,-70.5846,,,,
WHOI,WHOI_MA-RI_202210_WE16,GLIDER_TRACK,2022-11-11T02:12:05Z,41.0366,-70.5789,,,,
WHOI,WHOI_MA-RI_202210_WE16,GLIDER_TRACK,2022-11-11T03:07:06Z,41.0461,-70.5716,,,,
WHOI,WHOI_MA-RI_202210_WE16,GLIDER_TRACK,2022-11-11T03:42:05Z,41.0487,-70.5654,,,,
WHOI,WHOI_MA-RI_202210_WE16,GLIDER_TRACK,2022-11-11T04:12:05Z,41.0525,-70.5602,,,,
WHOI,WHOI_MA-RI_202210_WE16,GLIDER_TRACK,2022-11-11T05:12:05Z,41.06,-70.5497,,,,
WHOI,WHOI_MA-RI_202210_WE16,GLIDER_TRACK,2022-11-11T06:12:05Z,41.0642,-70.5416,,,,
WHOI,WHOI_MA-RI_202210_WE16,GLIDER_TRACK,2022-11-11T07:12:05Z,41.069,-70.5381,,,,
WHOI,WHOI_MA-RI_202210_WE16,GLIDER_TRACK,2022-11-11T08:12:05Z,41.0719,-70.5346,,,,
WHOI,WHOI_MA-RI_202210_WE16,GLIDER_TRACK,2022-11-11T08:27:05Z,41.0732,-70.5354,,,,
WHOI,WHOI_MA-RI_202210_WE16,GLIDER_TRACK,2022-11-11T09:12:05Z,41.0771,-70.5377,,,,
WHOI,WHOI_MA-RI_202210_WE16,GLIDER_TRACK,2022-11-11T09:27:05Z,41.0784,-70.5384,,,,
WHOI,WHOI_MA-RI_202210_WE16,GLIDER_TRACK,2022-11-11T10:08:50Z,41.0822,-70.5406,,,,
WHOI,WHOI_MA-RI_202210_WE16,GLIDER_TRACK,2022-11-11T10:27:05Z,41.0833,-70.5409,,,,
WHOI,WHOI_MA-RI_202210_WE16,GLIDER_TRACK,2022-11-11T11:12:05Z,41.0888,-70.5433,,,,
WHOI,WHOI_MA-RI_202210_WE16,GLIDER_TRACK,2022-11-11T11:27:05Z,41.0906,-70.5441,,,,
WHOI,WHOI_MA-RI_202210_WE16,GLIDER_TRACK,2022-11-11T11:42:05Z,41.0925,-70.5449,,,,
WHOI,WHOI_MA-RI_202210_WE16,GLIDER_TRACK,2022-11-11T12:08:35Z,41.0957,-70.5463,,,,
WHOI,WHOI_MA-RI_202210_WE16,GLIDER_TRACK,2022-11-11T12:42:05Z,41.0987,-70.5447,,,,
WHOI,WHOI_MA-RI_202210_WE16,GLIDER_TRACK,2022-11-11T12:57:05Z,41.1002,-70.5442,,,,
WHOI,WHOI_MA-RI_202210_WE16,GLIDER_TRACK,2022-11-11T13:12:05Z,41.1027,-70.543,,,,
WHOI,WHOI_MA-RI_202210_WE16,GLIDER_TRACK,2022-11-11T13:27:05Z,41.1052,-70.5417,,,,
WHOI,WHOI_MA-RI_202210_WE16,GLIDER_TRACK,2022-11-11T13:42:05Z,41.1077,-70.5405,,,,
WHOI,WHOI_MA-RI_202210_WE16,GLIDER_TRACK,2022-11-11T14:12:05Z,41.1128,-70.538,,,,
WHOI,WHOI_MA-RI_202210_WE16,GLIDER_TRACK,2022-11-11T14:27:05Z,41.1153,-70.5368,,,,
WHOI,WHOI_MA-RI_202210_WE16,GLIDER_TRACK,2022-11-11T15:12:05Z,41.1198,-70.5314,,,,
WHOI,WHOI_MA-RI_202210_WE16,GLIDER_TRACK,2022-11-11T15:27:05Z,41.1211,-70.5297,,,,
WHOI,WHOI_MA-RI_202210_WE16,GLIDER_TRACK,2022-11-11T15:42:05Z,41.1224,-70.5279,,,,
WHOI,WHOI_MA-RI_202210_WE16,GLIDER_TRACK,2022-11-11T16:12:05Z,41.1251,-70.5244,,,,
WHOI,WHOI_MA-RI_202210_WE16,GLIDER_TRACK,2022-11-11T16:27:05Z,41.1264,-70.5227,,,,
WHOI,WHOI_MA-RI_202210_WE16,GLIDER_TRACK,2022-11-11T17:12:05Z,41.1292,-70.5164,,,,
WHOI,WHOI_MA-RI_202210_WE16,GLIDER_TRACK,2022-11-11T17:27:05Z,41.1291,-70.5169,,,,
WHOI,WHOI_MA-RI_202210_WE16,GLIDER_TRACK,2022-11-11T17:42:05Z,41.129,-70.5174,,,,
WHOI,WHOI_MA-RI_202210_WE16,GLIDER_TRACK,2022-11-11T18:12:05Z,41.1288,-70.5185,,,,
WHOI,WHOI_MA-RI_202210_WE16,GLIDER_TRACK,2022-11-11T18:27:05Z,41.1288,-70.5191,,,,
WHOI,WHOI_MA-RI_202210_WE16,GLIDER_TRACK,2022-11-11T19:09:07Z,41.1285,-70.5206,,,,
WHOI,WHOI_MA-RI_202210_WE16,GLIDER_TRACK,2022-11-11T19:42:05Z,41.1281,-70.5224,,,,
WHOI,WHOI_MA-RI_202210_WE16,GLIDER_TRACK,2022-11-11T20:12:05Z,41.1279,-70.5288,,,,
WHOI,WHOI_MA-RI_202210_WE16,GLIDER_TRACK,2022-11-11T20:27:05Z,41.1278,-70.532,,,,
WHOI,WHOI_MA-RI_202210_WE16,GLIDER_TRACK,2022-11-11T21:12:05Z,41.1275,-70.5416,,,,
WHOI,WHOI_MA-RI_202210_WE16,GLIDER_TRACK,2022-11-11T21:27:05Z,41.1274,-70.5448,,,,
WHOI,WHOI_MA-RI_202210_WE16,GLIDER_TRACK,2022-11-11T22:12:05Z,41.1294,-70.5526,,,,
WHOI,WHOI_MA-RI_202210_WE16,GLIDER_TRACK,2022-11-11T23:12:05Z,41.1345,-70.5684,,,,
WHOI,WHOI_MA-RI_202210_WE16,GLIDER_TRACK,2022-11-12T00:12:05Z,41.1395,-70.5808,,,,
WHOI,WHOI_MA-RI_202210_WE16,GLIDER_TRACK,2022-11-12T00:27:05Z,41.142,-70.5823,,,,
WHOI,WHOI_MA-RI_202210_WE16,GLIDER_TRACK,2022-11-12T01:12:05Z,41.1496,-70.5869,,,,
WHOI,WHOI_MA-RI_202210_WE16,GLIDER_TRACK,2022-11-12T02:11:02Z,41.1595,-70.593,,,,
WHOI,WHOI_MA-RI_202210_WE16,GLIDER_TRACK,2022-11-12T03:12:05Z,41.1638,-70.585,,,,
WHOI,WHOI_MA-RI_202210_WE16,GLIDER_TRACK,2022-11-12T04:12:05Z,41.166,-70.5714,,,,
WHOI,WHOI_MA-RI_202210_WE16,GLIDER_TRACK,2022-11-12T05:12:05Z,41.1686,-70.5607,,,,
WHOI,WHOI_MA-RI_202210_WE16,GLIDER_TRACK,2022-11-12T06:12:05Z,41.1638,-70.5468,,,,
WHOI,WHOI_MA-RI_202210_WE16,GLIDER_TRACK,2022-11-12T06:27:05Z,41.1626,-70.5434,,,,
WHOI,WHOI_MA-RI_202210_WE16,GLIDER_TRACK,2022-11-12T07:27:05Z,41.1607,-70.5346,,,,
WHOI,WHOI_MA-RI_202210_WE16,GLIDER_TRACK,2022-11-12T07:42:05Z,41.1584,-70.5343,,,,
WHOI,WHOI_MA-RI_202210_WE16,GLIDER_TRACK,2022-11-12T08:12:05Z,41.1538,-70.5339,,,,
WHOI,WHOI_MA-RI_202210_WE16,GLIDER_TRACK,2022-11-12T09:12:05Z,41.1447,-70.533,,,,
WHOI,WHOI_MA-RI_202210_WE16,GLIDER_TRACK,2022-11-12T10:12:05Z,41.1402,-70.5342,,,,
WHOI,WHOI_MA-RI_202210_WE16,GLIDER_TRACK,2022-11-12T11:12:05Z,41.1322,-70.5372,,,,
WHOI,WHOI_MA-RI_202210_WE16,GLIDER_TRACK,2022-11-12T12:12:05Z,41.1289,-70.5392,,,,
WHOI,WHOI_MA-RI_202210_WE16,GLIDER_TRACK,2022-11-12T13:12:05Z,41.1229,-70.5388,,,,
WHOI,WHOI_MA-RI_202210_WE16,GLIDER_TRACK,2022-11-12T14:27:05Z,41.1197,-70.5301,,,,
WHOI,WHOI_MA-RI_202210_WE16,GLIDER_TRACK,2022-11-12T15:12:05Z,41.1148,-70.5224,,,,
WHOI,WHOI_MA-RI_202210_WE16,GLIDER_TRACK,2022-11-12T16:12:05Z,41.1076,-70.5107,,,,
WHOI,WHOI_MA-RI_202210_WE16,GLIDER_TRACK,2022-11-12T17:12:05Z,41.0994,-70.4983,,,,
WHOI,WHOI_MA-RI_202210_WE16,GLIDER_TRACK,2022-11-12T18:12:05Z,41.0914,-70.4879,,,,
WHOI,WHOI_MA-RI_202210_WE16,GLIDER_TRACK,2022-11-12T19:12:05Z,41.0841,-70.4791,,,,
WHOI,WHOI_MA-RI_202210_WE16,GLIDER_TRACK,2022-11-12T20:12:05Z,41.0707,-70.4794,,,,
WHOI,WHOI_MA-RI_202210_WE16,GLIDER_TRACK,2022-11-12T20:57:26Z,41.0608,-70.481,,,,
WHOI,WHOI_MA-RI_202210_WE16,GLIDER_TRACK,2022-11-12T21:12:05Z,41.0592,-70.4815,,,,
WHOI,WHOI_MA-RI_202210_WE16,GLIDER_TRACK,2022-11-12T21:27:05Z,41.0561,-70.4835,,,,
WHOI,WHOI_MA-RI_202210_WE16,GLIDER_TRACK,2022-11-12T22:12:05Z,41.0471,-70.4896,,,,
WHOI,WHOI_MA-RI_202210_WE16,GLIDER_TRACK,2022-11-12T23:08:55Z,41.0357,-70.4973,,,,
WHOI,WHOI_MA-RI_202210_WE16,GLIDER_TRACK,2022-11-13T00:12:05Z,41.0299,-70.5036,,,,
WHOI,WHOI_MA-RI_202210_WE16,GLIDER_TRACK,2022-11-13T01:12:05Z,41.0222,-70.5106,,,,
WHOI,WHOI_MA-RI_202210_WE16,GLIDER_TRACK,2022-11-13T02:12:05Z,41.0187,-70.5125,,,,
WHOI,WHOI_MA-RI_202210_WE16,GLIDER_TRACK,2022-11-13T03:12:05Z,41.0139,-70.5116,,,,
WHOI,WHOI_MA-RI_202210_WE16,GLIDER_TRACK,2022-11-13T04:27:05Z,41.0098,-70.5084,,,,
WHOI,WHOI_MA-RI_202210_WE16,GLIDER_TRACK,2022-11-13T05:12:05Z,41.0052,-70.5042,,,,
WHOI,WHOI_MA-RI_202210_WE16,GLIDER_TRACK,2022-11-13T06:12:05Z,40.9991,-70.4986,,,,
WHOI,WHOI_MA-RI_202210_WE16,GLIDER_TRACK,2022-11-13T07:12:05Z,40.9942,-70.4952,,,,
WHOI,WHOI_MA-RI_202210_WE16,GLIDER_TRACK,2022-11-13T08:12:05Z,40.9856,-70.4935,,,,
WHOI,WHOI_MA-RI_202210_WE16,GLIDER_TRACK,2022-11-13T09:12:05Z,40.9798,-70.4933,,,,
WHOI,WHOI_MA-RI_202210_WE16,GLIDER_TRACK,2022-11-13T10:12:05Z,40.9702,-70.4979,,,,
WHOI,WHOI_MA-RI_202210_WE16,GLIDER_TRACK,2022-11-13T11:27:05Z,40.9615,-70.5027,,,,
WHOI,WHOI_MA-RI_202210_WE16,GLIDER_TRACK,2022-11-13T12:12:05Z,40.9558,-70.5069,,,,
WHOI,WHOI_MA-RI_202210_WE16,GLIDER_TRACK,2022-11-13T13:12:05Z,40.9482,-70.5125,,,,
WHOI,WHOI_MA-RI_202210_WE16,GLIDER_TRACK,2022-11-13T14:12:05Z,40.9446,-70.5149,,,,
WHOI,WHOI_MA-RI_202210_WE16,GLIDER_TRACK,2022-11-13T15:12:05Z,40.9396,-70.5171,,,,
WHOI,WHOI_MA-RI_202210_WE16,GLIDER_TRACK,2022-11-13T16:12:05Z,40.9383,-70.5147,,,,
WHOI,WHOI_MA-RI_202210_WE16,GLIDER_TRACK,2022-11-13T17:12:05Z,40.9328,-70.5131,,,,
WHOI,WHOI_MA-RI_202210_WE16,GLIDER_TRACK,2022-11-13T17:27:05Z,40.9312,-70.5129,,,,
WHOI,WHOI_MA-RI_202210_WE16,GLIDER_TRACK,2022-11-13T18:12:05Z,40.9271,-70.5089,,,,
WHOI,WHOI_MA-RI_202210_WE16,GLIDER_TRACK,2022-11-13T18:27:05Z,40.9253,-70.5094,,,,
WHOI,WHOI_MA-RI_202210_WE16,GLIDER_TRACK,2022-11-13T19:12:05Z,40.9201,-70.5107,,,,
WHOI,WHOI_MA-RI_202210_WE16,GLIDER_TRACK,2022-11-13T19:27:05Z,40.9183,-70.5125,,,,
WHOI,WHOI_MA-RI_202210_WE16,GLIDER_TRACK,2022-11-13T20:09:55Z,40.9126,-70.5177,,,,
WHOI,WHOI_MA-RI_202210_WE16,GLIDER_TRACK,2022-11-13T20:42:05Z,40.909,-70.5187,,,,
WHOI,WHOI_MA-RI_202210_WE16,GLIDER_TRACK,2022-11-13T21:12:05Z,40.9064,-70.5265,,,,
WHOI,WHOI_MA-RI_202210_WE16,GLIDER_TRACK,2022-11-13T22:12:05Z,40.9012,-70.5422,,,,
WHOI,WHOI_MA-RI_202210_WE16,GLIDER_TRACK,2022-11-13T23:12:05Z,40.8974,-70.5493,,,,
WHOI,WHOI_MA-RI_202210_WE16,GLIDER_TRACK,2022-11-14T00:12:05Z,40.8991,-70.5528,,,,
WHOI,WHOI_MA-RI_202210_WE16,GLIDER_TRACK,2022-11-14T00:27:05Z,40.8995,-70.5537,,,,
WHOI,WHOI_MA-RI_202210_WE16,GLIDER_TRACK,2022-11-14T01:12:05Z,40.8986,-70.5555,,,,
WHOI,WHOI_MA-RI_202210_WE16,GLIDER_TRACK,2022-11-14T01:27:05Z,40.8996,-70.5551,,,,
WHOI,WHOI_MA-RI_202210_WE16,GLIDER_TRACK,2022-11-14T01:42:05Z,40.9007,-70.5545,,,,
WHOI,WHOI_MA-RI_202210_WE16,GLIDER_TRACK,2022-11-14T02:12:05Z,40.903,-70.5533,,,,
WHOI,WHOI_MA-RI_202210_WE16,GLIDER_TRACK,2022-11-14T02:27:05Z,40.9041,-70.5527,,,,
WHOI,WHOI_MA-RI_202210_WE16,GLIDER_TRACK,2022-11-14T03:12:05Z,40.9074,-70.5509,,,,
WHOI,WHOI_MA-RI_202210_WE16,GLIDER_TRACK,2022-11-14T03:14:26Z,40.9074,-70.5509,,,,
WHOI,WHOI_MA-RI_202210_WE16,GLIDER_TRACK,2022-11-14T03:42:05Z,40.9077,-70.5493,,,,
WHOI,WHOI_MA-RI_202210_WE16,GLIDER_TRACK,2022-11-14T03:57:05Z,40.909,-70.5473,,,,
WHOI,WHOI_MA-RI_202210_WE16,GLIDER_TRACK,2022-11-14T04:12:05Z,40.9102,-70.5452,,,,
WHOI,WHOI_MA-RI_202210_WE16,GLIDER_TRACK,2022-11-14T04:27:05Z,40.9113,-70.5434,,,,
WHOI,WHOI_MA-RI_202210_WE16,GLIDER_TRACK,2022-11-14T05:12:05Z,40.914,-70.5354,,,,
WHOI,WHOI_MA-RI_202210_WE16,GLIDER_TRACK,2022-11-14T05:27:05Z,40.9149,-70.5325,,,,
WHOI,WHOI_MA-RI_202210_WE16,GLIDER_TRACK,2022-11-14T06:12:05Z,40.9147,-70.525,,,,
WHOI,WHOI_MA-RI_202210_WE16,GLIDER_TRACK,2022-11-14T06:27:05Z,40.9146,-70.5218,,,,
WHOI,WHOI_MA-RI_202210_WE16,GLIDER_TRACK,2022-11-14T07:12:05Z,40.9143,-70.512200000000007,,,,
WHOI,WHOI_MA-RI_202210_WE16,GLIDER_TRACK,2022-11-14T07:27:05Z,40.9142,-70.509,,,,
WHOI,WHOI_MA-RI_202210_WE16,GLIDER_TRACK,2022-11-14T08:27:05Z,40.9142,-70.5003,,,,
WHOI,WHOI_MA-RI_202210_WE16,GLIDER_TRACK,2022-11-14T08:42:05Z,40.9156,-70.5004,,,,
WHOI,WHOI_MA-RI_202210_WE16,GLIDER_TRACK,2022-11-14T08:57:05Z,40.9171,-70.5004,,,,
WHOI,WHOI_MA-RI_202210_WE16,GLIDER_TRACK,2022-11-14T09:12:05Z,40.9185,-70.5005,,,,
WHOI,WHOI_MA-RI_202210_WE16,GLIDER_TRACK,2022-11-14T09:27:05Z,40.9199,-70.5006,,,,
WHOI,WHOI_MA-RI_202210_WE16,GLIDER_TRACK,2022-11-14T09:42:05Z,40.9213,-70.5007,,,,
WHOI,WHOI_MA-RI_202210_WE16,GLIDER_TRACK,2022-11-14T10:12:05Z,40.9242,-70.5009,,,,
WHOI,WHOI_MA-RI_202210_WE16,GLIDER_TRACK,2022-11-14T10:19:12Z,40.9246,-70.5008,,,,
WHOI,WHOI_MA-RI_202210_WE16,GLIDER_TRACK,2022-11-14T10:42:05Z,40.9222,-70.4994,,,,
WHOI,WHOI_MA-RI_202210_WE16,GLIDER_TRACK,2022-11-14T10:57:05Z,40.9235,-70.4998,,,,
WHOI,WHOI_MA-RI_202210_WE16,GLIDER_TRACK,2022-11-14T11:12:05Z,40.9252,-70.5002,,,,
WHOI,WHOI_MA-RI_202210_WE16,GLIDER_TRACK,2022-11-14T11:27:05Z,40.9269,-70.5007,,,,
WHOI,WHOI_MA-RI_202210_WE16,GLIDER_TRACK,2022-11-14T12:12:05Z,40.9318,-70.502,,,,
WHOI,WHOI_MA-RI_202210_WE16,GLIDER_TRACK,2022-11-14T12:27:05Z,40.9335,-70.5024,,,,
WHOI,WHOI_MA-RI_202210_WE16,GLIDER_TRACK,2022-11-14T13:12:05Z,40.9369,-70.5017,,,,
WHOI,WHOI_MA-RI_202210_WE16,GLIDER_TRACK,2022-11-14T13:27:05Z,40.9392,-70.5015,,,,
WHOI,WHOI_MA-RI_202210_WE16,GLIDER_TRACK,2022-11-14T14:12:05Z,40.9463,-70.5009,,,,
WHOI,WHOI_MA-RI_202210_WE16,GLIDER_TRACK,2022-11-14T14:27:05Z,40.9487,-70.5008,,,,
WHOI,WHOI_MA-RI_202210_WE16,GLIDER_TRACK,2022-11-14T14:42:05Z,40.9511,-70.5006,,,,
WHOI,WHOI_MA-RI_202210_WE16,GLIDER_TRACK,2022-11-14T15:12:05Z,40.9536,-70.499,,,,
WHOI,WHOI_MA-RI_202210_WE16,GLIDER_TRACK,2022-11-14T15:27:05Z,40.9563,-70.4972,,,,
WHOI,WHOI_MA-RI_202210_WE16,GLIDER_TRACK,2022-11-14T15:42:05Z,40.9591,-70.4954,,,,
WHOI,WHOI_MA-RI_202210_WE16,GLIDER_TRACK,2022-11-14T16:12:05Z,40.9646,-70.4919,,,,
WHOI,WHOI_MA-RI_202210_WE16,GLIDER_TRACK,2022-11-14T16:27:05Z,40.9674,-70.4901,,,,
WHOI,WHOI_MA-RI_202210_WE16,GLIDER_TRACK,2022-11-14T17:10:01Z,40.9754,-70.4849,,,,
WHOI,WHOI_MA-RI_202210_WE16,GLIDER_TRACK,2022-11-14T17:42:05Z,40.9758,-70.4791,,,,
WHOI,WHOI_MA-RI_202210_WE16,GLIDER_TRACK,2022-11-14T17:57:05Z,40.9778,-70.4765,,,,
WHOI,WHOI_MA-RI_202210_WE16,GLIDER_TRACK,2022-11-14T18:12:05Z,40.9799,-70.4739,,,,
WHOI,WHOI_MA-RI_202210_WE16,GLIDER_TRACK,2022-11-14T18:27:05Z,40.982,-70.4713,,,,
WHOI,WHOI_MA-RI_202210_WE16,GLIDER_TRACK,2022-11-14T19:12:05Z,40.9881,-70.4635,,,,
WHOI,WHOI_MA-RI_202210_WE16,GLIDER_TRACK,2022-11-14T19:27:05Z,40.9902,-70.4609,,,,
WHOI,WHOI_MA-RI_202210_WE16,GLIDER_TRACK,2022-11-14T20:12:05Z,40.9925,-70.4558,,,,
WHOI,WHOI_MA-RI_202210_WE16,GLIDER_TRACK,2022-11-14T20:27:05Z,40.9935,-70.4549,,,,
WHOI,WHOI_MA-RI_202210_WE16,GLIDER_TRACK,2022-11-14T20:42:05Z,40.9946,-70.454,,,,
WHOI,WHOI_MA-RI_202210_WE16,GLIDER_TRACK,2022-11-14T21:12:05Z,40.9967,-70.4523,,,,
WHOI,WHOI_MA-RI_202210_WE16,GLIDER_TRACK,2022-11-14T21:27:05Z,40.9978,-70.4514,,,,
WHOI,WHOI_MA-RI_202210_WE16,GLIDER_TRACK,2022-11-14T22:27:05Z,40.9965,-70.4494,,,,
WHOI,WHOI_MA-RI_202210_WE16,GLIDER_TRACK,2022-11-14T22:42:05Z,40.9974,-70.4506,,,,
WHOI,WHOI_MA-RI_202210_WE16,GLIDER_TRACK,2022-11-14T23:12:05Z,40.9991,-70.4534,,,,
WHOI,WHOI_MA-RI_202210_WE16,GLIDER_TRACK,2022-11-14T23:27:05Z,40.9999,-70.4548,,,,
WHOI,WHOI_MA-RI_202210_WE16,GLIDER_TRACK,2022-11-14T23:42:05Z,41.0007,-70.4562,,,,
WHOI,WHOI_MA-RI_202210_WE16,GLIDER_TRACK,2022-11-15T00:12:05Z,41.0024,-70.459,,,,
WHOI,WHOI_MA-RI_202210_WE16,GLIDER_TRACK,2022-11-15T01:12:05Z,41.0047,-70.465,,,,
WHOI,WHOI_MA-RI_202210_WE16,GLIDER_TRACK,2022-11-15T02:12:05Z,41.0123,-70.4723,,,,
WHOI,WHOI_MA-RI_202210_WE16,GLIDER_TRACK,2022-11-15T03:12:05Z,41.0176,-70.4776,,,,
WHOI,WHOI_MA-RI_202210_WE16,GLIDER_TRACK,2022-11-15T03:27:05Z,41.0204,-70.4777,,,,
WHOI,WHOI_MA-RI_202210_WE16,GLIDER_TRACK,2022-11-15T04:12:05Z,41.0287,-70.4779,,,,
WHOI,WHOI_MA-RI_202210_WE16,GLIDER_TRACK,2022-11-15T05:03:43Z,41.0384,-70.4778,,,,
WHOI,WHOI_MA-RI_202210_WE16,GLIDER_TRACK,2022-11-15T05:27:05Z,41.0387,-70.477,,,,
WHOI,WHOI_MA-RI_202210_WE16,GLIDER_TRACK,2022-11-15T05:42:05Z,41.0413,-70.4753,,,,
WHOI,WHOI_MA-RI_202210_WE16,GLIDER_TRACK,2022-11-15T06:12:05Z,41.0465,-70.4719,,,,
WHOI,WHOI_MA-RI_202210_WE16,GLIDER_TRACK,2022-11-15T07:12:05Z,41.057,-70.4652,,,,
WHOI,WHOI_MA-RI_202210_WE16,GLIDER_TRACK,2022-11-15T08:12:05Z,41.062,-70.4595,,,,
WHOI,WHOI_MA-RI_202210_WE16,GLIDER_TRACK,2022-11-15T09:12:05Z,41.0693,-70.455,,,,
WHOI,WHOI_MA-RI_202210_WE16,GLIDER_TRACK,2022-11-15T10:12:05Z,41.0716,-70.4523,,,,
WHOI,WHOI_MA-RI_202210_WE16,GLIDER_TRACK,2022-11-15T10:27:05Z,41.0729,-70.4533,,,,
WHOI,WHOI_MA-RI_202210_WE16,GLIDER_TRACK,2022-11-15T11:12:05Z,41.0771,-70.456,,,,
WHOI,WHOI_MA-RI_202210_WE16,GLIDER_TRACK,2022-11-15T12:03:46Z,41.0817,-70.4594,,,,
WHOI,WHOI_MA-RI_202210_WE16,GLIDER_TRACK,2022-11-15T12:27:05Z,41.0806,-70.4605,,,,
WHOI,WHOI_MA-RI_202210_WE16,GLIDER_TRACK,2022-11-15T13:12:05Z,41.0858,-70.4653,,,,
WHOI,WHOI_MA-RI_202210_WE16,GLIDER_TRACK,2022-11-15T14:12:05Z,41.0929,-70.472,,,,
WHOI,WHOI_MA-RI_202210_WE16,GLIDER_TRACK,2022-11-15T15:12:05Z,41.0987,-70.4757,,,,
WHOI,WHOI_MA-RI_202210_WE16,GLIDER_TRACK,2022-11-15T16:12:05Z,41.1091,-70.4781,,,,
WHOI,WHOI_MA-RI_202210_WE16,GLIDER_TRACK,2022-11-15T17:12:05Z,41.1175,-70.4787,,,,
WHOI,WHOI_MA-RI_202210_WE16,GLIDER_TRACK,2022-11-15T17:27:05Z,41.1197,-70.4783,,,,
WHOI,WHOI_MA-RI_202210_WE16,GLIDER_TRACK,2022-11-15T18:12:05Z,41.1264,-70.477,,,,
WHOI,WHOI_MA-RI_202210_WE16,GLIDER_TRACK,2022-11-15T18:27:05Z,41.1286,-70.4766,,,,
WHOI,WHOI_MA-RI_202210_WE16,GLIDER_TRACK,2022-11-15T18:58:24Z,41.1331,-70.4758,,,,
WHOI,WHOI_MA-RI_202210_WE16,GLIDER_TRACK,2022-11-15T19:27:05Z,41.1325,-70.4747,,,,
WHOI,WHOI_MA-RI_202210_WE16,GLIDER_TRACK,2022-11-15T20:12:05Z,41.1368,-70.4761,,,,
WHOI,WHOI_MA-RI_202210_WE16,GLIDER_TRACK,2022-11-15T21:12:05Z,41.1426,-70.4779,,,,
WHOI,WHOI_MA-RI_202210_WE16,GLIDER_TRACK,2022-11-15T22:12:05Z,41.1435,-70.4844,,,,
WHOI,WHOI_MA-RI_202210_WE16,GLIDER_TRACK,2022-11-15T22:27:05Z,41.1444,-70.4875,,,,
WHOI,WHOI_MA-RI_202210_WE16,GLIDER_TRACK,2022-11-15T23:12:05Z,41.1472,-70.4967,,,,
WHOI,WHOI_MA-RI_202210_WE16,GLIDER_TRACK,2022-11-16T00:12:05Z,41.1493,-70.5059,,,,
WHOI,WHOI_MA-RI_202210_WE16,GLIDER_TRACK,2022-11-16T01:12:05Z,41.1512,-70.5075,,,,
WHOI,WHOI_MA-RI_202210_WE16,GLIDER_TRACK,2022-11-16T01:27:05Z,41.1517,-70.5079,,,,
WHOI,WHOI_MA-RI_202210_WE16,GLIDER_TRACK,2022-11-16T01:57:39Z,41.1526,-70.5087,,,,
WHOI,WHOI_MA-RI_202210_WE16,GLIDER_TRACK,2022-11-16T02:12:05Z,41.1529,-70.5109,,,,
WHOI,WHOI_MA-RI_202210_WE16,GLIDER_TRACK,2022-11-16T02:27:05Z,41.1534,-70.5108,,,,
WHOI,WHOI_MA-RI_202210_WE16,GLIDER_TRACK,2022-11-16T03:12:05Z,41.1553,-70.5098,,,,
WHOI,WHOI_MA-RI_202210_WE16,GLIDER_TRACK,2022-11-16T04:09:56Z,41.1578,-70.5076,,,,
WHOI,WHOI_MA-RI_202210_WE16,GLIDER_TRACK,2022-11-16T04:42:05Z,41.1581,-70.5137,,,,
WHOI,WHOI_MA-RI_202210_WE16,GLIDER_TRACK,2022-11-16T04:57:05Z,41.1587,-70.512,,,,
WHOI,WHOI_MA-RI_202210_WE16,GLIDER_TRACK,2022-11-16T05:12:05Z,41.1594,-70.5098,,,,
WHOI,WHOI_MA-RI_202210_WE16,GLIDER_TRACK,2022-11-16T05:27:05Z,41.1602,-70.5076,,,,
WHOI,WHOI_MA-RI_202210_WE16,GLIDER_TRACK,2022-11-16T06:12:05Z,41.1623,-70.5009,,,,
WHOI,WHOI_MA-RI_202210_WE16,GLIDER_TRACK,2022-11-16T06:27:05Z,41.163,-70.4987,,,,
WHOI,WHOI_MA-RI_202210_WE16,GLIDER_TRACK,2022-11-16T07:12:05Z,41.1643,-70.4965,,,,
WHOI,WHOI_MA-RI_202210_WE16,GLIDER_TRACK,2022-11-16T08:12:05Z,41.1656,-70.4854,,,,
WHOI,WHOI_MA-RI_202210_WE16,GLIDER_TRACK,2022-11-16T08:27:05Z,41.1659,-70.4824,,,,
WHOI,WHOI_MA-RI_202210_WE16,GLIDER_TRACK,2022-11-16T08:58:40Z,41.1665,-70.4764,,,,
WHOI,WHOI_MA-RI_202210_WE16,GLIDER_TRACK,2022-11-16T09:27:05Z,41.1669,-70.4781,,,,
WHOI,WHOI_MA-RI_202210_WE16,GLIDER_TRACK,2022-11-16T09:42:05Z,41.1663,-70.4764,,,,
WHOI,WHOI_MA-RI_202210_WE16,GLIDER_TRACK,2022-11-16T10:12:05Z,41.165,-70.4728,,,,
WHOI,WHOI_MA-RI_202210_WE16,GLIDER_TRACK,2022-11-16T10:27:05Z,41.1644,-70.4711,,,,
WHOI,WHOI_MA-RI_202210_WE16,GLIDER_TRACK,2022-11-16T11:12:05Z,41.1627,-70.467,,,,
WHOI,WHOI_MA-RI_202210_WE16,GLIDER_TRACK,2022-11-16T11:22:47Z,41.1622,-70.4663,,,,
WHOI,WHOI_MA-RI_202210_WE16,GLIDER_TRACK,2022-11-16T12:12:05Z,41.1609,-70.4719,,,,
WHOI,WHOI_MA-RI_202210_WE16,GLIDER_TRACK,2022-11-16T12:27:05Z,41.1594,-70.4726,,,,
WHOI,WHOI_MA-RI_202210_WE16,GLIDER_TRACK,2022-11-16T13:12:05Z,41.155,-70.4746,,,,
WHOI,WHOI_MA-RI_202210_WE16,GLIDER_TRACK,2022-11-16T14:12:05Z,41.1519,-70.4814,,,,
WHOI,WHOI_MA-RI_202210_WE16,GLIDER_TRACK,2022-11-16T14:27:05Z,41.1501,-70.4828,,,,
WHOI,WHOI_MA-RI_202210_WE16,GLIDER_TRACK,2022-11-16T15:12:05Z,41.1447,-70.4874,,,,
WHOI,WHOI_MA-RI_202210_WE16,GLIDER_TRACK,2022-11-16T16:02:30Z,41.1393,-70.4919,,,,
WHOI,WHOI_MA-RI_202210_WE16,GLIDER_TRACK,2022-11-16T16:27:05Z,41.1404,-70.494,,,,
WHOI,WHOI_MA-RI_202210_WE16,GLIDER_TRACK,2022-11-16T16:42:05Z,41.1392,-70.4939,,,,
WHOI,WHOI_MA-RI_202210_WE16,GLIDER_TRACK,2022-11-16T17:12:05Z,41.1366,-70.4937,,,,
WHOI,WHOI_MA-RI_202210_WE16,GLIDER_TRACK,2022-11-16T18:12:05Z,41.1312,-70.4932,,,,
WHOI,WHOI_MA-RI_202210_WE16,GLIDER_TRACK,2022-11-16T18:25:51Z,41.13,-70.4931,,,,
WHOI,WHOI_MA-RI_202210_WE16,GLIDER_TRACK,2022-11-16T19:12:05Z,41.1286,-70.4863,,,,
WHOI,WHOI_MA-RI_202210_WE16,GLIDER_TRACK,2022-11-16T19:27:05Z,41.1268,-70.4844,,,,
WHOI,WHOI_MA-RI_202210_WE16,GLIDER_TRACK,2022-11-16T20:12:05Z,41.1215,-70.4788,,,,
WHOI,WHOI_MA-RI_202210_WE16,GLIDER_TRACK,2022-11-16T20:27:05Z,41.1197,-70.477,,,,
WHOI,WHOI_MA-RI_202210_WE16,GLIDER_TRACK,2022-11-16T21:12:05Z,41.116,-70.4707,,,,
WHOI,WHOI_MA-RI_202210_WE16,GLIDER_TRACK,2022-11-16T21:27:05Z,41.1137,-70.4696,,,,
WHOI,WHOI_MA-RI_202210_WE16,GLIDER_TRACK,2022-11-16T22:12:05Z,41.1067,-70.4663,,,,
WHOI,WHOI_MA-RI_202210_WE16,GLIDER_TRACK,2022-11-16T22:27:05Z,41.1043,-70.4652,,,,
WHOI,WHOI_MA-RI_202210_WE16,GLIDER_TRACK,2022-11-16T23:02:15Z,41.0996,-70.463,,,,
WHOI,WHOI_MA-RI_202210_WE16,GLIDER_TRACK,2022-11-16T23:27:05Z,41.0973,-70.4602,,,,
WHOI,WHOI_MA-RI_202210_WE16,GLIDER_TRACK,2022-11-16T23:42:05Z,41.0944,-70.4602,,,,
WHOI,WHOI_MA-RI_202210_WE16,GLIDER_TRACK,2022-11-17T00:12:05Z,41.0884,-70.4602,,,,
WHOI,WHOI_MA-RI_202210_WE16,GLIDER_TRACK,2022-11-17T01:12:05Z,41.0786,-70.4627,,,,
WHOI,WHOI_MA-RI_202210_WE16,GLIDER_TRACK,2022-11-17T02:12:05Z,41.072,-70.4637,,,,
WHOI,WHOI_MA-RI_202210_WE16,GLIDER_TRACK,2022-11-17T02:27:05Z,41.0699,-70.4645,,,,
WHOI,WHOI_MA-RI_202210_WE16,GLIDER_TRACK,2022-11-17T03:12:05Z,41.0637,-70.467,,,,
WHOI,WHOI_MA-RI_202210_WE16,GLIDER_TRACK,2022-11-17T03:27:05Z,41.0617,-70.4678,,,,
WHOI,WHOI_MA-RI_202210_WE16,GLIDER_TRACK,2022-11-17T04:12:05Z,41.0589,-70.4682,,,,
WHOI,WHOI_MA-RI_202210_WE16,GLIDER_TRACK,2022-11-17T04:27:05Z,41.0577,-70.4674,,,,
WHOI,WHOI_MA-RI_202210_WE16,GLIDER_TRACK,2022-11-17T05:12:05Z,41.0542,-70.4651,,,,
WHOI,WHOI_MA-RI_202210_WE16,GLIDER_TRACK,2022-11-17T06:06:15Z,41.05,-70.4622,,,,
WHOI,WHOI_MA-RI_202210_WE16,GLIDER_TRACK,2022-11-17T06:27:05Z,41.0506,-70.4595,,,,
WHOI,WHOI_MA-RI_202210_WE16,GLIDER_TRACK,2022-11-17T06:42:05Z,41.0495,-70.4568,,,,
WHOI,WHOI_MA-RI_202210_WE16,GLIDER_TRACK,2022-11-17T06:57:05Z,41.0483,-70.4538,,,,
WHOI,WHOI_MA-RI_202210_WE16,GLIDER_TRACK,2022-11-17T07:12:05Z,41.047,-70.4509,,,,
WHOI,WHOI_MA-RI_202210_WE16,GLIDER_TRACK,2022-11-17T07:27:05Z,41.0458,-70.4479,,,,
WHOI,WHOI_MA-RI_202210_WE16,GLIDER_TRACK,2022-11-17T08:12:05Z,41.0422,-70.4391,,,,
WHOI,WHOI_MA-RI_202210_WE16,GLIDER_TRACK,2022-11-17T08:24:31Z,41.0411,-70.4364,,,,
WHOI,WHOI_MA-RI_202210_WE16,GLIDER_TRACK,2022-11-17T09:12:05Z,41.0381,-70.426,,,,
WHOI,WHOI_MA-RI_202210_WE16,GLIDER_TRACK,2022-11-17T09:27:05Z,41.0362,-70.4226,,,,
WHOI,WHOI_MA-RI_202210_WE16,GLIDER_TRACK,2022-11-17T10:12:05Z,41.0302,-70.4132,,,,
WHOI,WHOI_MA-RI_202210_WE16,GLIDER_TRACK,2022-11-17T10:27:05Z,41.0279,-70.4104,,,,
WHOI,WHOI_MA-RI_202210_WE16,GLIDER_TRACK,2022-11-17T11:12:05Z,41.0235,-70.4022,,,,
WHOI,WHOI_MA-RI_202210_WE16,GLIDER_TRACK,2022-11-17T11:27:05Z,41.0206,-70.401,,,,
WHOI,WHOI_MA-RI_202210_WE16,GLIDER_TRACK,2022-11-17T12:12:05Z,41.012,-70.3977,,,,
WHOI,WHOI_MA-RI_202210_WE16,GLIDER_TRACK,2022-11-17T12:27:05Z,41.0092,-70.3966,,,,
WHOI,WHOI_MA-RI_202210_WE16,GLIDER_TRACK,2022-11-17T13:07:10Z,41.0015,-70.3934,,,,
WHOI,WHOI_MA-RI_202210_WE16,GLIDER_TRACK,2022-11-17T13:27:05Z,41.0004,-70.391,,,,
WHOI,WHOI_MA-RI_202210_WE16,GLIDER_TRACK,2022-11-17T13:42:05Z,40.9975,-70.3911,,,,
WHOI,WHOI_MA-RI_202210_WE16,GLIDER_TRACK,2022-11-17T14:12:05Z,40.9913,-70.3914,,,,
WHOI,WHOI_MA-RI_202210_WE16,GLIDER_TRACK,2022-11-17T14:27:05Z,40.9892,-70.3914,,,,
WHOI,WHOI_MA-RI_202210_WE16,GLIDER_TRACK,2022-11-17T15:12:05Z,40.9801,-70.393,,,,
WHOI,WHOI_MA-RI_202210_WE16,GLIDER_TRACK,2022-11-17T15:27:05Z,40.977,-70.3935,,,,
WHOI,WHOI_MA-RI_202210_WE16,GLIDER_TRACK,2022-11-17T16:12:05Z,40.9714,-70.3912,,,,
WHOI,WHOI_MA-RI_202210_WE16,GLIDER_TRACK,2022-11-17T16:27:05Z,40.9691,-70.391,,,,
WHOI,WHOI_MA-RI_202210_WE16,GLIDER_TRACK,2022-11-17T17:12:05Z,40.9622,-70.3903,,,,
WHOI,WHOI_MA-RI_202210_WE16,GLIDER_TRACK,2022-11-17T17:27:05Z,40.9606,-70.3901,,,,
WHOI,WHOI_MA-RI_202210_WE16,GLIDER_TRACK,2022-11-17T18:12:05Z,40.9571,-70.3828,,,,
WHOI,WHOI_MA-RI_202210_WE16,GLIDER_TRACK,2022-11-17T18:27:05Z,40.9551,-70.3814,,,,
WHOI,WHOI_MA-RI_202210_WE16,GLIDER_TRACK,2022-11-17T19:12:05Z,40.9498,-70.376,,,,
WHOI,WHOI_MA-RI_202210_WE16,GLIDER_TRACK,2022-11-17T19:27:05Z,40.9479,-70.374,,,,
WHOI,WHOI_MA-RI_202210_WE16,GLIDER_TRACK,2022-11-17T20:10:03Z,40.9425,-70.3683,,,,
WHOI,WHOI_MA-RI_202210_WE16,GLIDER_TRACK,2022-11-17T20:42:05Z,40.9417,-70.3576,,,,
WHOI,WHOI_MA-RI_202210_WE16,GLIDER_TRACK,2022-11-17T20:57:05Z,40.9392,-70.3559,,,,
WHOI,WHOI_MA-RI_202210_WE16,GLIDER_TRACK,2022-11-17T21:12:05Z,40.9367,-70.3541,,,,
WHOI,WHOI_MA-RI_202210_WE16,GLIDER_TRACK,2022-11-17T21:27:05Z,40.9342,-70.3523,,,,
WHOI,WHOI_MA-RI_202210_WE16,GLIDER_TRACK,2022-11-17T22:12:05Z,40.9268,-70.347,,,,
WHOI,WHOI_MA-RI_202210_WE16,GLIDER_TRACK,2022-11-17T22:27:05Z,40.9243,-70.3452,,,,
WHOI,WHOI_MA-RI_202210_WE16,GLIDER_TRACK,2022-11-17T23:12:05Z,40.9168,-70.3388,,,,
WHOI,WHOI_MA-RI_202210_WE16,GLIDER_TRACK,2022-11-17T23:27:05Z,40.9135,-70.3391,,,,
WHOI,WHOI_MA-RI_202210_WE16,GLIDER_TRACK,2022-11-17T23:42:05Z,40.9102,-70.3395,,,,
WHOI,WHOI_MA-RI_202210_WE16,GLIDER_TRACK,2022-11-18T00:12:05Z,40.9035,-70.3402,,,,
WHOI,WHOI_MA-RI_202210_WE16,GLIDER_TRACK,2022-11-18T00:27:05Z,40.9002,-70.3405,,,,
WHOI,WHOI_MA-RI_202210_WE16,GLIDER_TRACK,2022-11-18T00:42:05Z,40.8979,-70.341,,,,
WHOI,WHOI_MA-RI_202210_WE16,GLIDER_TRACK,2022-11-18T00:58:45Z,40.8942,-70.3432,,,,
WHOI,WHOI_MA-RI_202210_WE16,GLIDER_TRACK,2022-11-18T01:27:05Z,40.8893,-70.3417,,,,
WHOI,WHOI_MA-RI_202210_WE16,GLIDER_TRACK,2022-11-18T01:42:05Z,40.8869,-70.3446,,,,
WHOI,WHOI_MA-RI_202210_WE16,GLIDER_TRACK,2022-11-18T02:12:05Z,40.882,-70.3505,,,,
WHOI,WHOI_MA-RI_202210_WE16,GLIDER_TRACK,2022-11-18T02:27:05Z,40.8796,-70.3534,,,,
WHOI,WHOI_MA-RI_202210_WE16,GLIDER_TRACK,2022-11-18T03:12:05Z,40.8722,-70.3622,,,,
WHOI,WHOI_MA-RI_202210_WE16,GLIDER_TRACK,2022-11-18T03:19:03Z,40.8706,-70.3633,,,,
WHOI,WHOI_MA-RI_202210_WE16,GLIDER_TRACK,2022-11-18T03:42:05Z,40.8678,-70.3621,,,,
WHOI,WHOI_MA-RI_202210_WE16,GLIDER_TRACK,2022-11-18T03:57:05Z,40.8668,-70.3647,,,,
WHOI,WHOI_MA-RI_202210_WE16,GLIDER_TRACK,2022-11-18T04:12:05Z,40.8666,-70.368,,,,
WHOI,WHOI_MA-RI_202210_WE16,GLIDER_TRACK,2022-11-18T04:27:05Z,40.8664,-70.3712,,,,
WHOI,WHOI_MA-RI_202210_WE16,GLIDER_TRACK,2022-11-18T05:12:05Z,40.8657,-70.3809,,,,
WHOI,WHOI_MA-RI_202210_WE16,GLIDER_TRACK,2022-11-18T05:27:05Z,40.8655,-70.3842,,,,
WHOI,WHOI_MA-RI_202210_WE16,GLIDER_TRACK,2022-11-18T06:12:05Z,40.8647,-70.3863,,,,
WHOI,WHOI_MA-RI_202210_WE16,GLIDER_TRACK,2022-11-18T06:27:05Z,40.8653,-70.3886,,,,
WHOI,WHOI_MA-RI_202210_WE16,GLIDER_TRACK,2022-11-18T07:12:05Z,40.8674,-70.3944,,,,
WHOI,WHOI_MA-RI_202210_WE16,GLIDER_TRACK,2022-11-18T07:27:05Z,40.8682,-70.3956,,,,
WHOI,WHOI_MA-RI_202210_WE16,GLIDER_TRACK,2022-11-18T08:05:38Z,40.8701,-70.3987,,,,
WHOI,WHOI_MA-RI_202210_WE16,GLIDER_TRACK,2022-11-18T08:42:05Z,40.8698,-70.3942,,,,
WHOI,WHOI_MA-RI_202210_WE16,GLIDER_TRACK,2022-11-18T08:57:05Z,40.8699,-70.3947,,,,
WHOI,WHOI_MA-RI_202210_WE16,GLIDER_TRACK,2022-11-18T09:12:05Z,40.8701,-70.3951,,,,
WHOI,WHOI_MA-RI_202210_WE16,GLIDER_TRACK,2022-11-18T09:27:05Z,40.8703,-70.3956,,,,
WHOI,WHOI_MA-RI_202210_WE16,GLIDER_TRACK,2022-11-18T10:12:05Z,40.8709,-70.3969,,,,
WHOI,WHOI_MA-RI_202210_WE16,GLIDER_TRACK,2022-11-18T10:27:05Z,40.8711,-70.3973,,,,
WHOI,WHOI_MA-RI_202210_WE16,GLIDER_TRACK,2022-11-18T11:12:05Z,40.8695,-70.3945,,,,
WHOI,WHOI_MA-RI_202210_WE16,GLIDER_TRACK,2022-11-18T11:27:05Z,40.869,-70.3953,,,,
WHOI,WHOI_MA-RI_202210_WE16,GLIDER_TRACK,2022-11-18T12:12:05Z,40.8669,-70.3981,,,,
WHOI,WHOI_MA-RI_202210_WE16,GLIDER_TRACK,2022-11-18T12:27:05Z,40.8662,-70.3991,,,,
WHOI,WHOI_MA-RI_202210_WE16,GLIDER_TRACK,2022-11-18T13:27:05Z,40.8601,-70.3984,,,,
WHOI,WHOI_MA-RI_202210_WE16,GLIDER_TRACK,2022-11-18T13:42:05Z,40.8593,-70.4008,,,,
WHOI,WHOI_MA-RI_202210_WE16,GLIDER_TRACK,2022-11-18T14:12:05Z,40.8579,-70.4061,,,,
WHOI,WHOI_MA-RI_202210_WE16,GLIDER_TRACK,2022-11-18T14:27:05Z,40.8572,-70.4087,,,,
WHOI,WHOI_MA-RI_202210_WE16,GLIDER_TRACK,2022-11-18T15:12:05Z,40.8551,-70.4167,,,,
WHOI,WHOI_MA-RI_202210_WE16,GLIDER_TRACK,2022-11-18T15:15:14Z,40.8551,-70.4167,,,,
WHOI,WHOI_MA-RI_202210_WE16,GLIDER_TRACK,2022-11-18T16:12:05Z,40.8531,-70.4211,,,,
WHOI,WHOI_MA-RI_202210_WE16,GLIDER_TRACK,2022-11-18T16:27:05Z,40.8533,-70.4235,,,,
WHOI,WHOI_MA-RI_202210_WE16,GLIDER_TRACK,2022-11-18T17:12:05Z,40.854,-70.4305,,,,
WHOI,WHOI_MA-RI_202210_WE16,GLIDER_TRACK,2022-11-18T17:27:05Z,40.8542,-70.4329,,,,
WHOI,WHOI_MA-RI_202210_WE16,GLIDER_TRACK,2022-11-18T18:12:05Z,40.8549,-70.4337,,,,
WHOI,WHOI_MA-RI_202210_WE16,GLIDER_TRACK,2022-11-18T19:12:05Z,40.8603,-70.4373,,,,
WHOI,WHOI_MA-RI_202210_WE16,GLIDER_TRACK,2022-11-18T19:27:05Z,40.8616,-70.4382,,,,
WHOI,WHOI_MA-RI_202210_WE16,GLIDER_TRACK,2022-11-18T20:27:05Z,40.8652,-70.4365,,,,
WHOI,WHOI_MA-RI_202210_WE16,GLIDER_TRACK,2022-11-18T20:42:05Z,40.8661,-70.4363,,,,
WHOI,WHOI_MA-RI_202210_WE16,GLIDER_TRACK,2022-11-18T21:12:05Z,40.868,-70.436,,,,
WHOI,WHOI_MA-RI_202210_WE16,GLIDER_TRACK,2022-11-18T21:27:05Z,40.869,-70.4358,,,,
WHOI,WHOI_MA-RI_202210_WE16,GLIDER_TRACK,2022-11-18T22:12:05Z,40.8719,-70.4352,,,,
WHOI,WHOI_MA-RI_202210_WE16,GLIDER_TRACK,2022-11-18T22:16:53Z,40.8719,-70.4352,,,,
WHOI,WHOI_MA-RI_202210_WE16,GLIDER_TRACK,2022-11-18T22:42:05Z,40.8719,-70.43,,,,
WHOI,WHOI_MA-RI_202210_WE16,GLIDER_TRACK,2022-11-18T23:12:05Z,40.8707,-70.4306,,,,
WHOI,WHOI_MA-RI_202210_WE16,GLIDER_TRACK,2022-11-18T23:27:05Z,40.8702,-70.4309,,,,
WHOI,WHOI_MA-RI_202210_WE16,GLIDER_TRACK,2022-11-19T00:12:05Z,40.8685,-70.4318,,,,
WHOI,WHOI_MA-RI_202210_WE16,GLIDER_TRACK,2022-11-19T00:27:05Z,40.8679,-70.4322,,,,
WHOI,WHOI_MA-RI_202210_WE16,GLIDER_TRACK,2022-11-19T01:12:05Z,40.8642,-70.4298,,,,
WHOI,WHOI_MA-RI_202210_WE16,GLIDER_TRACK,2022-11-19T01:27:05Z,40.8634,-70.4312,,,,
WHOI,WHOI_MA-RI_202210_WE16,GLIDER_TRACK,2022-11-19T02:12:05Z,40.862,-70.4352,,,,
WHOI,WHOI_MA-RI_202210_WE16,GLIDER_TRACK,2022-11-19T02:27:05Z,40.8615,-70.4366,,,,
WHOI,WHOI_MA-RI_202210_WE16,GLIDER_TRACK,2022-11-19T02:42:05Z,40.8611,-70.438,,,,
WHOI,WHOI_MA-RI_202210_WE16,GLIDER_TRACK,2022-11-19T03:27:05Z,40.8586,-70.4371,,,,
WHOI,WHOI_MA-RI_202210_WE16,GLIDER_TRACK,2022-11-19T03:42:05Z,40.8591,-70.4388,,,,
WHOI,WHOI_MA-RI_202210_WE16,GLIDER_TRACK,2022-11-19T04:12:05Z,40.8601,-70.4421,,,,
WHOI,WHOI_MA-RI_202210_WE16,GLIDER_TRACK,2022-11-19T04:27:05Z,40.8606,-70.4438,,,,
WHOI,WHOI_MA-RI_202210_WE16,GLIDER_TRACK,2022-11-19T05:12:05Z,40.8621,-70.4488,,,,
WHOI,WHOI_MA-RI_202210_WE16,GLIDER_TRACK,2022-11-19T05:14:10Z,40.8621,-70.4488,,,,
WHOI,WHOI_MA-RI_202210_WE16,GLIDER_TRACK,2022-11-19T05:42:05Z,40.8601,-70.4468,,,,
WHOI,WHOI_MA-RI_202210_WE16,GLIDER_TRACK,2022-11-19T05:57:05Z,40.862,-70.447,,,,
WHOI,WHOI_MA-RI_202210_WE16,GLIDER_TRACK,2022-11-19T06:12:05Z,40.8641,-70.4472,,,,
WHOI,WHOI_MA-RI_202210_WE16,GLIDER_TRACK,2022-11-19T06:27:05Z,40.8663,-70.4474,,,,
WHOI,WHOI_MA-RI_202210_WE16,GLIDER_TRACK,2022-11-19T07:12:05Z,40.8727,-70.4479,,,,
WHOI,WHOI_MA-RI_202210_WE16,GLIDER_TRACK,2022-11-19T07:27:05Z,40.8748,-70.4481,,,,
WHOI,WHOI_MA-RI_202210_WE16,GLIDER_TRACK,2022-11-19T08:12:05Z,40.8775,-70.4442,,,,
WHOI,WHOI_MA-RI_202210_WE16,GLIDER_TRACK,2022-11-19T08:27:05Z,40.8781,-70.4412,,,,
WHOI,WHOI_MA-RI_202210_WE16,GLIDER_TRACK,2022-11-19T09:12:05Z,40.8799,-70.4321,,,,
WHOI,WHOI_MA-RI_202210_WE16,GLIDER_TRACK,2022-11-19T10:02:35Z,40.8817,-70.4231,,,,
WHOI,WHOI_MA-RI_202210_WE16,GLIDER_TRACK,2022-11-19T10:27:05Z,40.8814,-70.416,,,,
WHOI,WHOI_MA-RI_202210_WE16,GLIDER_TRACK,2022-11-19T10:42:05Z,40.8825,-70.4137,,,,
WHOI,WHOI_MA-RI_202210_WE16,GLIDER_TRACK,2022-11-19T11:12:05Z,40.8847,-70.4085,,,,
WHOI,WHOI_MA-RI_202210_WE16,GLIDER_TRACK,2022-11-19T12:12:05Z,40.8893,-70.3983,,,,
WHOI,WHOI_MA-RI_202210_WE16,GLIDER_TRACK,2022-11-19T13:12:05Z,40.8894,-70.3913,,,,
WHOI,WHOI_MA-RI_202210_WE16,GLIDER_TRACK,2022-11-19T13:27:05Z,40.8898,-70.3902,,,,
WHOI,WHOI_MA-RI_202210_WE16,GLIDER_TRACK,2022-11-19T14:12:05Z,40.8906,-70.3889,,,,
WHOI,WHOI_MA-RI_202210_WE16,GLIDER_TRACK,2022-11-19T14:27:05Z,40.8908,-70.3889,,,,
WHOI,WHOI_MA-RI_202210_WE16,GLIDER_TRACK,2022-11-19T15:12:05Z,40.8899,-70.3887,,,,
WHOI,WHOI_MA-RI_202210_WE16,GLIDER_TRACK,2022-11-19T15:27:05Z,40.8905,-70.3901,,,,
WHOI,WHOI_MA-RI_202210_WE16,GLIDER_TRACK,2022-11-19T16:12:05Z,40.8923,-70.3943,,,,
WHOI,WHOI_MA-RI_202210_WE16,GLIDER_TRACK,2022-11-19T16:27:05Z,40.8928,-70.3958,,,,
WHOI,WHOI_MA-RI_202210_WE16,GLIDER_TRACK,2022-11-19T17:09:01Z,40.8945,-70.3997,,,,
WHOI,WHOI_MA-RI_202210_WE16,GLIDER_TRACK,2022-11-19T17:42:05Z,40.8956,-70.4009,,,,
WHOI,WHOI_MA-RI_202210_WE16,GLIDER_TRACK,2022-11-19T18:12:05Z,40.8995,-70.4034,,,,
WHOI,WHOI_MA-RI_202210_WE16,GLIDER_TRACK,2022-11-19T18:27:05Z,40.9014,-70.4046,,,,
WHOI,WHOI_MA-RI_202210_WE16,GLIDER_TRACK,2022-11-19T19:12:05Z,40.9073,-70.4084,,,,
WHOI,WHOI_MA-RI_202210_WE16,GLIDER_TRACK,2022-11-19T19:27:05Z,40.9092,-70.4097,,,,
WHOI,WHOI_MA-RI_202210_WE16,GLIDER_TRACK,2022-11-19T20:12:05Z,40.9139,-70.4069,,,,
WHOI,WHOI_MA-RI_202210_WE16,GLIDER_TRACK,2022-11-19T20:27:05Z,40.9165,-70.4064,,,,
WHOI,WHOI_MA-RI_202210_WE16,GLIDER_TRACK,2022-11-19T21:12:05Z,40.9245,-70.4048,,,,
WHOI,WHOI_MA-RI_202210_WE16,GLIDER_TRACK,2022-11-19T21:27:05Z,40.9271,-70.4042,,,,
WHOI,WHOI_MA-RI_202210_WE16,GLIDER_TRACK,2022-11-19T22:42:05Z,40.9367,-70.3968,,,,
WHOI,WHOI_MA-RI_202210_WE16,GLIDER_TRACK,2022-11-19T23:12:05Z,40.9404,-70.3934,,,,
WHOI,WHOI_MA-RI_202210_WE16,GLIDER_TRACK,2022-11-19T23:27:05Z,40.9423,-70.3917,,,,
WHOI,WHOI_MA-RI_202210_WE16,GLIDER_TRACK,2022-11-20T00:12:05Z,40.9479,-70.3866,,,,
WHOI,WHOI_MA-RI_202210_WE16,GLIDER_TRACK,2022-11-20T00:12:48Z,40.9479,-70.3866,,,,
WHOI,WHOI_MA-RI_202210_WE16,GLIDER_TRACK,2022-11-20T00:27:05Z,40.9481,-70.3843,,,,
WHOI,WHOI_MA-RI_202210_WE16,GLIDER_TRACK,2022-11-20T00:42:05Z,40.949,-70.3838,,,,
WHOI,WHOI_MA-RI_202210_WE16,GLIDER_TRACK,2022-11-20T01:12:05Z,40.9509,-70.3826,,,,
WHOI,WHOI_MA-RI_202210_WE16,GLIDER_TRACK,2022-11-20T01:27:05Z,40.9519,-70.382,,,,
WHOI,WHOI_MA-RI_202210_WE16,GLIDER_TRACK,2022-11-20T02:12:05Z,40.9547,-70.3802,,,,
WHOI,WHOI_MA-RI_202210_WE16,GLIDER_TRACK,2022-11-20T02:25:29Z,40.9556,-70.3797,,,,
WHOI,WHOI_MA-RI_202210_WE16,GLIDER_TRACK,2022-11-20T03:12:05Z,40.9561,-70.379,,,,
WHOI,WHOI_MA-RI_202210_WE16,GLIDER_TRACK,2022-11-20T03:27:05Z,40.9571,-70.3801,,,,
WHOI,WHOI_MA-RI_202210_WE16,GLIDER_TRACK,2022-11-20T04:12:05Z,40.9601,-70.3836,,,,
WHOI,WHOI_MA-RI_202210_WE16,GLIDER_TRACK,2022-11-20T04:27:05Z,40.9611,-70.3847,,,,
WHOI,WHOI_MA-RI_202210_WE16,GLIDER_TRACK,2022-11-20T05:12:05Z,40.9619,-70.3866,,,,
WHOI,WHOI_MA-RI_202210_WE16,GLIDER_TRACK,2022-11-20T05:27:05Z,40.9639,-70.3877,,,,
WHOI,WHOI_MA-RI_202210_WE16,GLIDER_TRACK,2022-11-20T05:42:05Z,40.966,-70.3888,,,,
WHOI,WHOI_MA-RI_202210_WE16,GLIDER_TRACK,2022-11-20T06:12:05Z,40.9702,-70.3911,,,,
WHOI,WHOI_MA-RI_202210_WE16,GLIDER_TRACK,2022-11-20T06:27:05Z,40.9722,-70.3922,,,,
WHOI,WHOI_MA-RI_202210_WE16,GLIDER_TRACK,2022-11-20T07:09:08Z,40.9781,-70.3953,,,,
WHOI,WHOI_MA-RI_202210_WE16,GLIDER_TRACK,2022-11-20T07:42:05Z,40.981,-70.3939,,,,
WHOI,WHOI_MA-RI_202210_WE16,GLIDER_TRACK,2022-11-20T08:12:05Z,40.9868,-70.392,,,,
WHOI,WHOI_MA-RI_202210_WE16,GLIDER_TRACK,2022-11-20T08:27:05Z,40.9897,-70.391,,,,
WHOI,WHOI_MA-RI_202210_WE16,GLIDER_TRACK,2022-11-20T09:12:05Z,40.9984,-70.3881,,,,
WHOI,WHOI_MA-RI_202210_WE16,GLIDER_TRACK,2022-11-20T09:26:41Z,41.0012,-70.387200000000007,,,,
WHOI,WHOI_MA-RI_202210_WE16,GLIDER_TRACK,2022-11-20T10:12:05Z,41.0063,-70.3801,,,,
WHOI,WHOI_MA-RI_202210_WE16,GLIDER_TRACK,2022-11-20T10:27:05Z,41.0085,-70.3778,,,,
WHOI,WHOI_MA-RI_202210_WE16,GLIDER_TRACK,2022-11-20T11:12:05Z,41.0149,-70.3707,,,,
WHOI,WHOI_MA-RI_202210_WE16,GLIDER_TRACK,2022-11-20T11:27:05Z,41.017,-70.3684,,,,
WHOI,WHOI_MA-RI_202210_WE16,GLIDER_TRACK,2022-11-20T12:12:05Z,41.0186,-70.3585,,,,
WHOI,WHOI_MA-RI_202210_WE16,GLIDER_TRACK,2022-11-20T12:27:05Z,41.0198,-70.3569,,,,
WHOI,WHOI_MA-RI_202210_WE16,GLIDER_TRACK,2022-11-20T13:12:05Z,41.0227,-70.353,,,,
WHOI,WHOI_MA-RI_202210_WE16,GLIDER_TRACK,2022-11-20T13:27:05Z,41.0233,-70.3522,,,,
WHOI,WHOI_MA-RI_202210_WE16,GLIDER_TRACK,2022-11-20T14:00:13Z,41.024,-70.3514,,,,
WHOI,WHOI_MA-RI_202210_WE16,GLIDER_TRACK,2022-11-20T14:12:05Z,41.0231,-70.3496,,,,
WHOI,WHOI_MA-RI_202210_WE16,GLIDER_TRACK,2022-11-20T14:27:05Z,41.0232,-70.3506,,,,
WHOI,WHOI_MA-RI_202210_WE16,GLIDER_TRACK,2022-11-20T14:42:05Z,41.0234,-70.3521,,,,
WHOI,WHOI_MA-RI_202210_WE16,GLIDER_TRACK,2022-11-20T15:12:05Z,41.0239,-70.3549,,,,
WHOI,WHOI_MA-RI_202210_WE16,GLIDER_TRACK,2022-11-20T15:27:05Z,41.0242,-70.3563,,,,
WHOI,WHOI_MA-RI_202210_WE16,GLIDER_TRACK,2022-11-20T16:12:05Z,41.0249,-70.3605,,,,
WHOI,WHOI_MA-RI_202210_WE16,GLIDER_TRACK,2022-11-20T16:13:19Z,41.0249,-70.3605,,,,
WHOI,WHOI_MA-RI_202210_WE16,GLIDER_TRACK,2022-11-20T16:42:05Z,41.0244,-70.3616,,,,
WHOI,WHOI_MA-RI_202210_WE16,GLIDER_TRACK,2022-11-20T17:12:05Z,41.0264,-70.3656,,,,
WHOI,WHOI_MA-RI_202210_WE16,GLIDER_TRACK,2022-11-20T17:27:05Z,41.0275,-70.3676,,,,
WHOI,WHOI_MA-RI_202210_WE16,GLIDER_TRACK,2022-11-20T18:12:05Z,41.0306,-70.3736,,,,
WHOI,WHOI_MA-RI_202210_WE16,GLIDER_TRACK,2022-11-20T18:20:34Z,41.0311,-70.3747,,,,
WHOI,WHOI_MA-RI_202210_WE16,GLIDER_TRACK,2022-11-20T18:57:05Z,41.0295,-70.3728,,,,
WHOI,WHOI_MA-RI_202210_WE16,GLIDER_TRACK,2022-11-20T19:12:05Z,41.0318,-70.373,,,,
WHOI,WHOI_MA-RI_202210_WE16,GLIDER_TRACK,2022-11-20T19:27:05Z,41.0342,-70.3731,,,,
WHOI,WHOI_MA-RI_202210_WE16,GLIDER_TRACK,2022-11-20T20:12:05Z,41.0412,-70.3736,,,,
WHOI,WHOI_MA-RI_202210_WE16,GLIDER_TRACK,2022-11-20T20:27:05Z,41.0435,-70.3738,,,,
WHOI,WHOI_MA-RI_202210_WE16,GLIDER_TRACK,2022-11-20T21:27:05Z,41.0493,-70.3682,,,,
WHOI,WHOI_MA-RI_202210_WE16,GLIDER_TRACK,2022-11-20T21:42:05Z,41.0514,-70.3663,,,,
WHOI,WHOI_MA-RI_202210_WE16,GLIDER_TRACK,2022-11-20T22:12:05Z,41.0556,-70.3626,,,,
WHOI,WHOI_MA-RI_202210_WE16,GLIDER_TRACK,2022-11-20T22:27:05Z,41.0577,-70.3607,,,,
WHOI,WHOI_MA-RI_202210_WE16,GLIDER_TRACK,2022-11-20T23:12:05Z,41.0626,-70.3538,,,,
WHOI,WHOI_MA-RI_202210_WE16,GLIDER_TRACK,2022-11-21T00:12:05Z,41.065,-70.3438,,,,
WHOI,WHOI_MA-RI_202210_WE16,GLIDER_TRACK,2022-11-21T00:27:05Z,41.0658,-70.3418,,,,
WHOI,WHOI_MA-RI_202210_WE16,GLIDER_TRACK,2022-11-21T01:12:05Z,41.0683,-70.3359,,,,
WHOI,WHOI_MA-RI_202210_WE16,GLIDER_TRACK,2022-11-21T01:27:05Z,41.0692,-70.3339,,,,
WHOI,WHOI_MA-RI_202210_WE16,GLIDER_TRACK,2022-11-21T02:12:05Z,41.0634,-70.3239,,,,
WHOI,WHOI_MA-RI_202210_WE16,GLIDER_TRACK,2022-11-21T02:27:05Z,41.0633,-70.3243,,,,
WHOI,WHOI_MA-RI_202210_WE16,GLIDER_TRACK,2022-11-21T03:12:05Z,41.0628,-70.328,,,,
WHOI,WHOI_MA-RI_202210_WE16,GLIDER_TRACK,2022-11-21T03:27:05Z,41.0626,-70.3294,,,,
WHOI,WHOI_MA-RI_202210_WE16,GLIDER_TRACK,2022-11-21T04:08:39Z,41.062,-70.333,,,,
WHOI,WHOI_MA-RI_202210_WE16,GLIDER_TRACK,2022-11-21T04:42:05Z,41.058,-70.3327,,,,
WHOI,WHOI_MA-RI_202210_WE16,GLIDER_TRACK,2022-11-21T04:57:05Z,41.0585,-70.3351,,,,
WHOI,WHOI_MA-RI_202210_WE16,GLIDER_TRACK,2022-11-21T05:12:05Z,41.0589,-70.3374,,,,
WHOI,WHOI_MA-RI_202210_WE16,GLIDER_TRACK,2022-11-21T05:27:05Z,41.0594,-70.3396,,,,
WHOI,WHOI_MA-RI_202210_WE16,GLIDER_TRACK,2022-11-21T06:12:05Z,41.0608,-70.3458,,,,
WHOI,WHOI_MA-RI_202210_WE16,GLIDER_TRACK,2022-11-21T06:27:05Z,41.0616,-70.3475,,,,
WHOI,WHOI_MA-RI_202210_WE16,GLIDER_TRACK,2022-11-21T07:12:05Z,41.0631,-70.3472,,,,
WHOI,WHOI_MA-RI_202210_WE16,GLIDER_TRACK,2022-11-21T07:27:05Z,41.0649,-70.3484,,,,
WHOI,WHOI_MA-RI_202210_WE16,GLIDER_TRACK,2022-11-21T08:12:05Z,41.0708,-70.3511,,,,
WHOI,WHOI_MA-RI_202210_WE16,GLIDER_TRACK,2022-11-21T08:27:05Z,41.0724,-70.3511,,,,
WHOI,WHOI_MA-RI_202210_WE16,GLIDER_TRACK,2022-11-21T09:12:05Z,41.0751,-70.346,,,,
WHOI,WHOI_MA-RI_202210_WE16,GLIDER_TRACK,2022-11-21T09:27:05Z,41.0772,-70.3439,,,,
WHOI,WHOI_MA-RI_202210_WE16,GLIDER_TRACK,2022-11-21T09:42:05Z,41.0794,-70.3418,,,,
WHOI,WHOI_MA-RI_202210_WE16,GLIDER_TRACK,2022-11-21T10:12:05Z,41.0839,-70.3375,,,,
WHOI,WHOI_MA-RI_202210_WE16,GLIDER_TRACK,2022-11-21T10:27:05Z,41.0861,-70.3354,,,,
WHOI,WHOI_MA-RI_202210_WE16,GLIDER_TRACK,2022-11-21T11:10:18Z,41.0907,-70.3269,,,,
WHOI,WHOI_MA-RI_202210_WE16,GLIDER_TRACK,2022-11-21T11:42:05Z,41.0899,-70.3173,,,,
WHOI,WHOI_MA-RI_202210_WE16,GLIDER_TRACK,2022-11-21T12:12:05Z,41.0914,-70.3111,,,,
WHOI,WHOI_MA-RI_202210_WE16,GLIDER_TRACK,2022-11-21T13:12:05Z,41.0931,-70.3008,,,,
WHOI,WHOI_MA-RI_202210_WE16,GLIDER_TRACK,2022-11-21T14:12:05Z,41.0893,-70.2942,,,,
WHOI,WHOI_MA-RI_202210_WE16,GLIDER_TRACK,2022-11-21T15:12:05Z,41.086,-70.2982,,,,
WHOI,WHOI_MA-RI_202210_WE16,GLIDER_TRACK,2022-11-21T16:12:05Z,41.0813,-70.3011,,,,
WHOI,WHOI_MA-RI_202210_WE16,GLIDER_TRACK,2022-11-21T16:27:05Z,41.0811,-70.3049,,,,
WHOI,WHOI_MA-RI_202210_WE16,GLIDER_TRACK,2022-11-21T17:12:05Z,41.0805,-70.3161,,,,
WHOI,WHOI_MA-RI_202210_WE16,GLIDER_TRACK,2022-11-21T18:07:42Z,41.0796,-70.3299,,,,
WHOI,WHOI_MA-RI_202210_WE16,GLIDER_TRACK,2022-11-21T18:42:05Z,41.0802,-70.3339,,,,
WHOI,WHOI_MA-RI_202210_WE16,GLIDER_TRACK,2022-11-21T19:12:05Z,41.0831,-70.3399,,,,
WHOI,WHOI_MA-RI_202210_WE16,GLIDER_TRACK,2022-11-21T19:27:05Z,41.0845,-70.343,,,,
WHOI,WHOI_MA-RI_202210_WE16,GLIDER_TRACK,2022-11-21T20:12:05Z,41.0889,-70.352,,,,
WHOI,WHOI_MA-RI_202210_WE16,GLIDER_TRACK,2022-11-21T20:27:05Z,41.0903,-70.3551,,,,
WHOI,WHOI_MA-RI_202210_WE16,GLIDER_TRACK,2022-11-21T21:12:05Z,41.0942,-70.354,,,,
WHOI,WHOI_MA-RI_202210_WE16,GLIDER_TRACK,2022-11-21T22:12:05Z,41.1021,-70.3546,,,,
WHOI,WHOI_MA-RI_202210_WE16,GLIDER_TRACK,2022-11-21T23:27:05Z,41.1096,-70.3497,,,,
WHOI,WHOI_MA-RI_202210_WE16,GLIDER_TRACK,2022-11-21T23:42:05Z,41.1107,-70.3484,,,,
WHOI,WHOI_MA-RI_202210_WE16,GLIDER_TRACK,2022-11-22T00:12:05Z,41.1124,-70.3463,,,,
WHOI,WHOI_MA-RI_202210_WE16,GLIDER_TRACK,2022-11-22T00:27:05Z,41.1131,-70.3447,,,,
WHOI,WHOI_MA-RI_202210_WE16,GLIDER_TRACK,2022-11-22T01:12:05Z,41.1154,-70.34,,,,
WHOI,WHOI_MA-RI_202210_WE16,GLIDER_TRACK,2022-11-22T01:12:58Z,41.1154,-70.34,,,,
WHOI,WHOI_MA-RI_202210_WE16,GLIDER_TRACK,2022-11-22T01:42:05Z,41.1162,-70.3331,,,,
WHOI,WHOI_MA-RI_202210_WE16,GLIDER_TRACK,2022-11-22T02:12:05Z,41.1159,-70.3315,,,,
WHOI,WHOI_MA-RI_202210_WE16,GLIDER_TRACK,2022-11-22T02:27:05Z,41.1156,-70.331,,,,
WHOI,WHOI_MA-RI_202210_WE16,GLIDER_TRACK,2022-11-22T03:12:05Z,41.1131,-70.3324,,,,
WHOI,WHOI_MA-RI_202210_WE16,GLIDER_TRACK,2022-11-22T03:27:05Z,41.1122,-70.3328,,,,
WHOI,WHOI_MA-RI_202210_WE16,GLIDER_TRACK,2022-11-22T04:12:05Z,41.1105,-70.3329,,,,
WHOI,WHOI_MA-RI_202210_WE16,GLIDER_TRACK,2022-11-22T04:27:05Z,41.1097,-70.3351,,,,
WHOI,WHOI_MA-RI_202210_WE16,GLIDER_TRACK,2022-11-22T05:12:05Z,41.1079,-70.3409,,,,
WHOI,WHOI_MA-RI_202210_WE16,GLIDER_TRACK,2022-11-22T05:27:05Z,41.1074,-70.343,,,,
WHOI,WHOI_MA-RI_202210_WE16,GLIDER_TRACK,2022-11-22T06:12:05Z,41.1057,-70.3413,,,,
WHOI,WHOI_MA-RI_202210_WE16,GLIDER_TRACK,2022-11-22T06:27:05Z,41.1058,-70.343,,,,
WHOI,WHOI_MA-RI_202210_WE16,GLIDER_TRACK,2022-11-22T06:42:05Z,41.1058,-70.3448,,,,
WHOI,WHOI_MA-RI_202210_WE16,GLIDER_TRACK,2022-11-22T07:12:05Z,41.1062,-70.3483,,,,
WHOI,WHOI_MA-RI_202210_WE16,GLIDER_TRACK,2022-11-22T07:27:05Z,41.1071,-70.3497,,,,
WHOI,WHOI_MA-RI_202210_WE16,GLIDER_TRACK,2022-11-22T08:12:05Z,41.11,-70.3529,,,,
WHOI,WHOI_MA-RI_202210_WE16,GLIDER_TRACK,2022-11-22T08:12:21Z,41.11,-70.3529,,,,
WHOI,WHOI_MA-RI_202210_WE16,GLIDER_TRACK,2022-11-22T08:42:05Z,41.1107,-70.3473,,,,
WHOI,WHOI_MA-RI_202210_WE16,GLIDER_TRACK,2022-11-22T09:12:05Z,41.1142,-70.3443,,,,
WHOI,WHOI_MA-RI_202210_WE16,GLIDER_TRACK,2022-11-22T09:27:05Z,41.1159,-70.3428,,,,
WHOI,WHOI_MA-RI_202210_WE16,GLIDER_TRACK,2022-11-22T09:57:05Z,41.1194,-70.3399,,,,
WHOI,WHOI_MA-RI_202210_WE16,GLIDER_TRACK,2022-11-22T10:12:05Z,41.1212,-70.3384,,,,
WHOI,WHOI_MA-RI_202210_WE16,GLIDER_TRACK,2022-11-22T10:27:05Z,41.1229,-70.337,,,,
WHOI,WHOI_MA-RI_202210_WE16,GLIDER_TRACK,2022-11-22T11:12:05Z,41.1236,-70.3261,,,,
WHOI,WHOI_MA-RI_202210_WE16,GLIDER_TRACK,2022-11-22T11:27:05Z,41.1241,-70.3233,,,,
WHOI,WHOI_MA-RI_202210_WE16,GLIDER_TRACK,2022-11-22T12:12:05Z,41.1251,-70.3147,,,,
WHOI,WHOI_MA-RI_202210_WE16,GLIDER_TRACK,2022-11-22T13:12:05Z,41.1243,-70.2999,,,,
WHOI,WHOI_MA-RI_202210_WE16,GLIDER_TRACK,2022-11-22T13:27:05Z,41.1236,-70.2988,,,,
WHOI,WHOI_MA-RI_202210_WE16,GLIDER_TRACK,2022-11-22T14:12:05Z,41.1215,-70.2956,,,,
WHOI,WHOI_MA-RI_202210_WE16,GLIDER_TRACK,2022-11-22T15:06:08Z,41.1188,-70.2915,,,,
WHOI,WHOI_MA-RI_202210_WE16,GLIDER_TRACK,2022-11-22T15:27:05Z,41.1164,-70.29,,,,
WHOI,WHOI_MA-RI_202210_WE16,GLIDER_TRACK,2022-11-22T15:42:05Z,41.1154,-70.2932,,,,
WHOI,WHOI_MA-RI_202210_WE16,GLIDER_TRACK,2022-11-22T16:12:05Z,41.1132,-70.3011,,,,
WHOI,WHOI_MA-RI_202210_WE16,GLIDER_TRACK,2022-11-22T17:12:05Z,41.1087,-70.3169,,,,
WHOI,WHOI_MA-RI_202210_WE16,GLIDER_TRACK,2022-11-22T17:27:05Z,41.1076,-70.3209,,,,
WHOI,WHOI_MA-RI_202210_WE16,GLIDER_TRACK,2022-11-22T18:12:05Z,41.1062,-70.3322,,,,
WHOI,WHOI_MA-RI_202210_WE16,GLIDER_TRACK,2022-11-22T18:27:05Z,41.1067,-70.3376,,,,
WHOI,WHOI_MA-RI_202210_WE16,GLIDER_TRACK,2022-11-22T19:12:05Z,41.108,-70.3537,,,,
WHOI,WHOI_MA-RI_202210_WE16,GLIDER_TRACK,2022-11-22T19:27:05Z,41.1085,-70.3591,,,,
WHOI,WHOI_MA-RI_202210_WE16,GLIDER_TRACK,2022-11-22T20:12:05Z,41.1091,-70.3697,,,,
WHOI,WHOI_MA-RI_202210_WE16,GLIDER_TRACK,2022-11-22T20:27:05Z,41.1112,-70.3724,,,,
WHOI,WHOI_MA-RI_202210_WE16,GLIDER_TRACK,2022-11-22T20:42:05Z,41.1137,-70.3752,,,,
WHOI,WHOI_MA-RI_202210_WE16,GLIDER_TRACK,2022-11-22T21:12:05Z,41.1186,-70.381,,,,
WHOI,WHOI_MA-RI_202210_WE16,GLIDER_TRACK,2022-11-22T21:27:05Z,41.121,-70.3839,,,,
WHOI,WHOI_MA-RI_202210_WE16,GLIDER_TRACK,2022-11-22T22:10:53Z,41.1283,-70.3924,,,,
WHOI,WHOI_MA-RI_202210_WE16,GLIDER_TRACK,2022-11-22T22:42:05Z,41.131100000000004,-70.3907,,,,
WHOI,WHOI_MA-RI_202210_WE16,GLIDER_TRACK,2022-11-22T23:12:05Z,41.1356,-70.39,,,,
WHOI,WHOI_MA-RI_202210_WE16,GLIDER_TRACK,2022-11-23T00:12:05Z,41.1447,-70.3884,,,,
WHOI,WHOI_MA-RI_202210_WE16,GLIDER_TRACK,2022-11-23T00:27:05Z,41.147,-70.388,,,,
WHOI,WHOI_MA-RI_202210_WE16,GLIDER_TRACK,2022-11-23T01:12:05Z,41.1498,-70.384,,,,
WHOI,WHOI_MA-RI_202210_WE16,GLIDER_TRACK,2022-11-23T01:27:05Z,41.1502,-70.3842,,,,
WHOI,WHOI_MA-RI_202210_WE16,GLIDER_TRACK,2022-11-23T02:12:05Z,41.1516,-70.3848,,,,
WHOI,WHOI_MA-RI_202210_WE16,GLIDER_TRACK,2022-11-23T02:27:05Z,41.1521,-70.385,,,,
WHOI,WHOI_MA-RI_202210_WE16,GLIDER_TRACK,2022-11-23T03:27:05Z,41.1512,-70.3834,,,,
WHOI,WHOI_MA-RI_202210_WE16,GLIDER_TRACK,2022-11-23T03:42:05Z,41.1508,-70.3864,,,,
WHOI,WHOI_MA-RI_202210_WE16,GLIDER_TRACK,2022-11-23T04:12:05Z,41.1499,-70.3924,,,,
WHOI,WHOI_MA-RI_202210_WE16,GLIDER_TRACK,2022-11-23T04:27:05Z,41.1495,-70.3954,,,,
WHOI,WHOI_MA-RI_202210_WE16,GLIDER_TRACK,2022-11-23T05:12:05Z,41.1482,-70.4044,,,,
WHOI,WHOI_MA-RI_202210_WE16,GLIDER_TRACK,2022-11-23T06:12:05Z,41.1472,-70.4085,,,,
WHOI,WHOI_MA-RI_202210_WE16,GLIDER_TRACK,2022-11-23T07:12:05Z,41.1493,-70.4135,,,,
WHOI,WHOI_MA-RI_202210_WE16,GLIDER_TRACK,2022-11-23T08:12:05Z,41.1506,-70.4158,,,,
WHOI,WHOI_MA-RI_202210_WE16,GLIDER_TRACK,2022-11-23T08:27:05Z,41.1516,-70.4143,,,,
WHOI,WHOI_MA-RI_202210_WE16,GLIDER_TRACK,2022-11-23T09:12:05Z,41.1545,-70.4097,,,,
WHOI,WHOI_MA-RI_202210_WE16,GLIDER_TRACK,2022-11-23T09:27:05Z,41.1555,-70.4081,,,,
WHOI,WHOI_MA-RI_202210_WE16,GLIDER_TRACK,2022-11-23T10:03:42Z,41.158,-70.404,,,,
WHOI,WHOI_MA-RI_202210_WE16,GLIDER_TRACK,2022-11-23T10:27:05Z,41.1586,-70.4019,,,,
WHOI,WHOI_MA-RI_202210_WE16,GLIDER_TRACK,2022-11-23T10:42:05Z,41.1592,-70.3974,,,,
WHOI,WHOI_MA-RI_202210_WE16,GLIDER_TRACK,2022-11-23T11:12:05Z,41.1605,-70.3884,,,,
WHOI,WHOI_MA-RI_202210_WE16,GLIDER_TRACK,2022-11-23T12:12:05Z,41.1631,-70.3703,,,,
WHOI,WHOI_MA-RI_202210_WE16,GLIDER_TRACK,2022-11-23T13:12:05Z,41.16,-70.3566,,,,
WHOI,WHOI_MA-RI_202210_WE16,GLIDER_TRACK,2022-11-23T14:12:05Z,41.1505,-70.3427,,,,
WHOI,WHOI_MA-RI_202210_WE16,GLIDER_TRACK,2022-11-23T15:12:05Z,41.1423,-70.3322,,,,
WHOI,WHOI_MA-RI_202210_WE16,GLIDER_TRACK,2022-11-23T15:27:05Z,41.1388,-70.3323,,,,
WHOI,WHOI_MA-RI_202210_WE16,GLIDER_TRACK,2022-11-23T16:12:05Z,41.1283,-70.3326,,,,
WHOI,WHOI_MA-RI_202210_WE16,GLIDER_TRACK,2022-11-23T17:00:37Z,41.1178,-70.3329,,,,
WHOI,WHOI_MA-RI_202210_WE16,GLIDER_TRACK,2022-11-23T17:27:05Z,41.1136,-70.3351,,,,
WHOI,WHOI_MA-RI_202210_WE16,GLIDER_TRACK,2022-11-23T17:42:05Z,41.1105,-70.3381,,,,
WHOI,WHOI_MA-RI_202210_WE16,GLIDER_TRACK,2022-11-23T18:12:05Z,41.1044,-70.3442,,,,
WHOI,WHOI_MA-RI_202210_WE16,GLIDER_TRACK,2022-11-23T19:12:05Z,41.092,-70.3563,,,,
WHOI,WHOI_MA-RI_202210_WE16,GLIDER_TRACK,2022-11-23T19:18:21Z,41.092,-70.3563,,,,
WHOI,WHOI_MA-RI_202210_WE16,GLIDER_TRACK,2022-11-23T20:12:05Z,41.0863,-70.3665,,,,
WHOI,WHOI_MA-RI_202210_WE16,GLIDER_TRACK,2022-11-23T20:27:05Z,41.0847,-70.3689,,,,
WHOI,WHOI_MA-RI_202210_WE16,GLIDER_TRACK,2022-11-23T21:12:05Z,41.08,-70.3762,,,,
WHOI,WHOI_MA-RI_202210_WE16,GLIDER_TRACK,2022-11-23T21:27:05Z,41.0784,-70.3787,,,,
WHOI,WHOI_MA-RI_202210_WE16,GLIDER_TRACK,2022-11-23T22:12:05Z,41.0769,-70.3829,,,,
WHOI,WHOI_MA-RI_202210_WE16,GLIDER_TRACK,2022-11-23T22:27:05Z,41.0761,-70.3819,,,,
WHOI,WHOI_MA-RI_202210_WE16,GLIDER_TRACK,2022-11-23T23:12:05Z,41.0738,-70.3787,,,,
WHOI,WHOI_MA-RI_202210_WE16,GLIDER_TRACK,2022-11-23T23:27:05Z,41.073,-70.3776,,,,
WHOI,WHOI_MA-RI_202210_WE16,GLIDER_TRACK,2022-11-24T00:04:39Z,41.0711,-70.3746,,,,
WHOI,WHOI_MA-RI_202210_WE16,GLIDER_TRACK,2022-11-24T00:27:05Z,41.0712,-70.3723,,,,
WHOI,WHOI_MA-RI_202210_WE16,GLIDER_TRACK,2022-11-24T00:42:05Z,41.0697,-70.3687,,,,
WHOI,WHOI_MA-RI_202210_WE16,GLIDER_TRACK,2022-11-24T01:12:05Z,41.0668,-70.3615,,,,
WHOI,WHOI_MA-RI_202210_WE16,GLIDER_TRACK,2022-11-24T01:27:05Z,41.0653,-70.358,,,,
WHOI,WHOI_MA-RI_202210_WE16,GLIDER_TRACK,2022-11-24T02:12:05Z,41.0608,-70.3472,,,,
WHOI,WHOI_MA-RI_202210_WE16,GLIDER_TRACK,2022-11-24T02:25:07Z,41.0595,-70.3441,,,,
WHOI,WHOI_MA-RI_202210_WE16,GLIDER_TRACK,2022-11-24T03:12:05Z,41.0534,-70.3372,,,,
WHOI,WHOI_MA-RI_202210_WE16,GLIDER_TRACK,2022-11-24T03:27:05Z,41.0504,-70.3354,,,,
WHOI,WHOI_MA-RI_202210_WE16,GLIDER_TRACK,2022-11-24T04:12:05Z,41.0413,-70.3299,,,,
WHOI,WHOI_MA-RI_202210_WE16,GLIDER_TRACK,2022-11-24T04:27:05Z,41.0383,-70.3281,,,,
WHOI,WHOI_MA-RI_202210_WE16,GLIDER_TRACK,2022-11-24T05:12:05Z,41.0309,-70.3273,,,,
WHOI,WHOI_MA-RI_202210_WE16,GLIDER_TRACK,2022-11-24T05:27:05Z,41.0273,-70.329,,,,
WHOI,WHOI_MA-RI_202210_WE16,GLIDER_TRACK,2022-11-24T05:42:05Z,41.0238,-70.3306,,,,
WHOI,WHOI_MA-RI_202210_WE16,GLIDER_TRACK,2022-11-24T06:12:05Z,41.0167,-70.3339,,,,
WHOI,WHOI_MA-RI_202210_WE16,GLIDER_TRACK,2022-11-24T06:27:05Z,41.0131,-70.3356,,,,
WHOI,WHOI_MA-RI_202210_WE16,GLIDER_TRACK,2022-11-24T07:05:29Z,41.0039,-70.3399,,,,
WHOI,WHOI_MA-RI_202210_WE16,GLIDER_TRACK,2022-11-24T07:42:05Z,40.9996,-70.3455,,,,
WHOI,WHOI_MA-RI_202210_WE16,GLIDER_TRACK,2022-11-24T08:12:05Z,40.9953,-70.3507,,,,
WHOI,WHOI_MA-RI_202210_WE16,GLIDER_TRACK,2022-11-24T08:27:05Z,40.9931,-70.3534,,,,
WHOI,WHOI_MA-RI_202210_WE16,GLIDER_TRACK,2022-11-24T09:12:05Z,40.9867,-70.3612,,,,
WHOI,WHOI_MA-RI_202210_WE16,GLIDER_TRACK,2022-11-24T09:26:03Z,40.9847,-70.3636,,,,
WHOI,WHOI_MA-RI_202210_WE16,GLIDER_TRACK,2022-11-24T10:12:05Z,40.9844,-70.3669,,,,
WHOI,WHOI_MA-RI_202210_WE16,GLIDER_TRACK,2022-11-24T10:27:05Z,40.9837,-70.3669,,,,
WHOI,WHOI_MA-RI_202210_WE16,GLIDER_TRACK,2022-11-24T11:12:05Z,40.9818,-70.3671,,,,
WHOI,WHOI_MA-RI_202210_WE16,GLIDER_TRACK,2022-11-24T11:27:05Z,40.9812,-70.3671,,,,
WHOI,WHOI_MA-RI_202210_WE16,GLIDER_TRACK,2022-11-24T12:12:05Z,40.9812,-70.3653,,,,
WHOI,WHOI_MA-RI_202210_WE16,GLIDER_TRACK,2022-11-24T12:27:05Z,40.9798,-70.3627,,,,
WHOI,WHOI_MA-RI_202210_WE16,GLIDER_TRACK,2022-11-24T13:12:05Z,40.9757,-70.355,,,,
WHOI,WHOI_MA-RI_202210_WE16,GLIDER_TRACK,2022-11-24T14:07:02Z,40.9706,-70.3455,,,,
WHOI,WHOI_MA-RI_202210_WE16,GLIDER_TRACK,2022-11-24T14:42:05Z,40.9683,-70.3413,,,,
WHOI,WHOI_MA-RI_202210_WE16,GLIDER_TRACK,2022-11-24T15:12:05Z,40.9621,-70.3391,,,,
WHOI,WHOI_MA-RI_202210_WE16,GLIDER_TRACK,2022-11-24T15:27:05Z,40.959,-70.338,,,,
WHOI,WHOI_MA-RI_202210_WE16,GLIDER_TRACK,2022-11-24T16:12:05Z,40.9497,-70.3348,,,,
WHOI,WHOI_MA-RI_202210_WE16,GLIDER_TRACK,2022-11-24T17:12:05Z,40.9383,-70.3378,,,,
WHOI,WHOI_MA-RI_202210_WE16,GLIDER_TRACK,2022-11-24T18:12:05Z,40.9223,-70.3499,,,,
WHOI,WHOI_MA-RI_202210_WE16,GLIDER_TRACK,2022-11-24T19:27:05Z,40.9073,-70.3654,,,,
WHOI,WHOI_MA-RI_202210_WE16,GLIDER_TRACK,2022-11-24T19:42:05Z,40.9049,-70.369,,,,
WHOI,WHOI_MA-RI_202210_WE16,GLIDER_TRACK,2022-11-24T20:12:05Z,40.9001,-70.3763,,,,
WHOI,WHOI_MA-RI_202210_WE16,GLIDER_TRACK,2022-11-24T21:12:05Z,40.8906,-70.3909,,,,
WHOI,WHOI_MA-RI_202210_WE16,GLIDER_TRACK,2022-11-24T22:12:05Z,40.8945,-70.3951,,,,
WHOI,WHOI_MA-RI_202210_WE16,GLIDER_TRACK,2022-11-24T22:27:05Z,40.8956,-70.3948,,,,
WHOI,WHOI_MA-RI_202210_WE16,GLIDER_TRACK,2022-11-24T23:12:05Z,40.8988,-70.394,,,,
WHOI,WHOI_MA-RI_202210_WE16,GLIDER_TRACK,2022-11-24T23:27:05Z,40.8998,-70.3937,,,,
WHOI,WHOI_MA-RI_202210_WE16,GLIDER_TRACK,2022-11-25T00:12:05Z,40.9045,-70.3894,,,,
WHOI,WHOI_MA-RI_202210_WE16,GLIDER_TRACK,2022-11-25T01:12:05Z,40.9075,-70.3764,,,,
WHOI,WHOI_MA-RI_202210_WE16,GLIDER_TRACK,2022-11-25T01:27:05Z,40.9082,-70.3731,,,,
WHOI,WHOI_MA-RI_202210_WE16,GLIDER_TRACK,2022-11-25T02:27:05Z,40.9105,-70.3609,,,,
WHOI,WHOI_MA-RI_202210_WE16,GLIDER_TRACK,2022-11-25T03:12:05Z,40.9062,-70.3514,,,,
WHOI,WHOI_MA-RI_202210_WE16,GLIDER_TRACK,2022-11-25T03:27:05Z,40.9048,-70.3482,,,,
WHOI,WHOI_MA-RI_202210_WE16,GLIDER_TRACK,2022-11-25T04:12:05Z,40.9005,-70.3386,,,,
WHOI,WHOI_MA-RI_202210_WE16,GLIDER_TRACK,2022-11-25T04:13:57Z,40.9005,-70.3386,,,,
WHOI,WHOI_MA-RI_202210_WE16,GLIDER_TRACK,2022-11-25T04:42:05Z,40.8994,-70.3348,,,,
WHOI,WHOI_MA-RI_202210_WE16,GLIDER_TRACK,2022-11-25T05:12:05Z,40.8943,-70.3351,,,,
WHOI,WHOI_MA-RI_202210_WE16,GLIDER_TRACK,2022-11-25T06:12:05Z,40.8851,-70.3391,,,,
WHOI,WHOI_MA-RI_202210_WE16,GLIDER_TRACK,2022-11-25T07:12:05Z,40.8804,-70.3449,,,,
WHOI,WHOI_MA-RI_202210_WE16,GLIDER_TRACK,2022-11-25T07:27:05Z,40.8796,-70.3483,,,,
WHOI,WHOI_MA-RI_202210_WE16,GLIDER_TRACK,2022-11-25T08:12:05Z,40.8775,-70.3583,,,,
WHOI,WHOI_MA-RI_202210_WE16,GLIDER_TRACK,2022-11-25T08:27:05Z,40.8767,-70.3616,,,,
WHOI,WHOI_MA-RI_202210_WE16,GLIDER_TRACK,2022-11-25T09:27:05Z,40.877,-70.3704,,,,
WHOI,WHOI_MA-RI_202210_WE16,GLIDER_TRACK,2022-11-25T09:42:05Z,40.8783,-70.3736,,,,
WHOI,WHOI_MA-RI_202210_WE16,GLIDER_TRACK,2022-11-25T10:12:05Z,40.8809,-70.3798,,,,
WHOI,WHOI_MA-RI_202210_WE16,GLIDER_TRACK,2022-11-25T10:27:05Z,40.8823,-70.3829,,,,
WHOI,WHOI_MA-RI_202210_WE16,GLIDER_TRACK,2022-11-25T11:12:05Z,40.8893,-70.3887,,,,
WHOI,WHOI_MA-RI_202210_WE16,GLIDER_TRACK,2022-11-25T11:18:57Z,40.8908,-70.3893,,,,
WHOI,WHOI_MA-RI_202210_WE16,GLIDER_TRACK,2022-11-25T12:12:05Z,40.8977,-70.387200000000007,,,,
WHOI,WHOI_MA-RI_202210_WE16,GLIDER_TRACK,2022-11-25T12:27:05Z,40.9,-70.3868,,,,
WHOI,WHOI_MA-RI_202210_WE16,GLIDER_TRACK,2022-11-25T13:12:05Z,40.9066,-70.3858,,,,
WHOI,WHOI_MA-RI_202210_WE16,GLIDER_TRACK,2022-11-25T13:27:05Z,40.9088,-70.3854,,,,
WHOI,WHOI_MA-RI_202210_WE16,GLIDER_TRACK,2022-11-25T14:12:05Z,40.9132,-70.3786,,,,
WHOI,WHOI_MA-RI_202210_WE16,GLIDER_TRACK,2022-11-25T14:27:05Z,40.9135,-70.3768,,,,
WHOI,WHOI_MA-RI_202210_WE16,GLIDER_TRACK,2022-11-25T15:12:05Z,40.9147,-70.3716,,,,
WHOI,WHOI_MA-RI_202210_WE16,GLIDER_TRACK,2022-11-25T16:05:41Z,40.916,-70.3651,,,,
WHOI,WHOI_MA-RI_202210_WE16,GLIDER_TRACK,2022-11-25T16:27:05Z,40.9154,-70.3604,,,,
WHOI,WHOI_MA-RI_202210_WE16,GLIDER_TRACK,2022-11-25T16:42:05Z,40.9137,-70.3613,,,,
WHOI,WHOI_MA-RI_202210_WE16,GLIDER_TRACK,2022-11-25T17:12:05Z,40.9104,-70.3633,,,,
WHOI,WHOI_MA-RI_202210_WE16,GLIDER_TRACK,2022-11-25T17:27:05Z,40.9087,-70.3642,,,,
WHOI,WHOI_MA-RI_202210_WE16,GLIDER_TRACK,2022-11-25T18:12:05Z,40.9037,-70.3672,,,,
WHOI,WHOI_MA-RI_202210_WE16,GLIDER_TRACK,2022-11-25T18:25:05Z,40.9023,-70.3679,,,,
WHOI,WHOI_MA-RI_202210_WE16,GLIDER_TRACK,2022-11-25T19:12:05Z,40.8979,-70.3743,,,,
WHOI,WHOI_MA-RI_202210_WE16,GLIDER_TRACK,2022-11-25T19:27:05Z,40.8967,-70.3784,,,,
WHOI,WHOI_MA-RI_202210_WE16,GLIDER_TRACK,2022-11-25T20:12:05Z,40.893,-70.3908,,,,
WHOI,WHOI_MA-RI_202210_WE16,GLIDER_TRACK,2022-11-25T20:27:05Z,40.8918,-70.395,,,,
WHOI,WHOI_MA-RI_202210_WE16,GLIDER_TRACK,2022-11-25T21:12:05Z,40.8886,-70.4025,,,,
WHOI,WHOI_MA-RI_202210_WE16,GLIDER_TRACK,2022-11-25T21:27:05Z,40.8892,-70.4081,,,,
WHOI,WHOI_MA-RI_202210_WE16,GLIDER_TRACK,2022-11-25T22:12:05Z,40.8911,-70.425,,,,
WHOI,WHOI_MA-RI_202210_WE16,GLIDER_TRACK,2022-11-25T22:27:05Z,40.8917,-70.4306,,,,
WHOI,WHOI_MA-RI_202210_WE16,GLIDER_TRACK,2022-11-25T23:09:37Z,40.8956,-70.4444,,,,
WHOI,WHOI_MA-RI_202210_WE16,GLIDER_TRACK,2022-11-25T23:27:05Z,40.8969,-70.4463,,,,
WHOI,WHOI_MA-RI_202210_WE16,GLIDER_TRACK,2022-11-26T00:12:05Z,40.9038,-70.4548,,,,
WHOI,WHOI_MA-RI_202210_WE16,GLIDER_TRACK,2022-11-26T00:27:05Z,40.9061,-70.4576,,,,
WHOI,WHOI_MA-RI_202210_WE16,GLIDER_TRACK,2022-11-26T01:12:05Z,40.913,-70.4661,,,,
WHOI,WHOI_MA-RI_202210_WE16,GLIDER_TRACK,2022-11-26T01:21:05Z,40.9145,-70.4677,,,,
WHOI,WHOI_MA-RI_202210_WE16,GLIDER_TRACK,2022-11-26T02:12:05Z,40.9168,-70.4649,,,,
WHOI,WHOI_MA-RI_202210_WE16,GLIDER_TRACK,2022-11-26T02:27:05Z,40.9186,-70.466,,,,
WHOI,WHOI_MA-RI_202210_WE16,GLIDER_TRACK,2022-11-26T03:12:05Z,40.9235,-70.4676,,,,
WHOI,WHOI_MA-RI_202210_WE16,GLIDER_TRACK,2022-11-26T04:12:05Z,40.9254,-70.4607,,,,
WHOI,WHOI_MA-RI_202210_WE16,GLIDER_TRACK,2022-11-26T04:27:05Z,40.9257,-70.4612,,,,
WHOI,WHOI_MA-RI_202210_WE16,GLIDER_TRACK,2022-11-26T05:12:05Z,40.9264,-70.4625,,,,
WHOI,WHOI_MA-RI_202210_WE16,GLIDER_TRACK,2022-11-26T06:11:26Z,40.9273,-70.4642,,,,
WHOI,WHOI_MA-RI_202210_WE16,GLIDER_TRACK,2022-11-26T06:42:05Z,40.9232,-70.4627,,,,
WHOI,WHOI_MA-RI_202210_WE16,GLIDER_TRACK,2022-11-26T07:12:05Z,40.9217,-70.4676,,,,
WHOI,WHOI_MA-RI_202210_WE16,GLIDER_TRACK,2022-11-26T07:27:05Z,40.921,-70.4701,,,,
WHOI,WHOI_MA-RI_202210_WE16,GLIDER_TRACK,2022-11-26T08:12:05Z,40.9192,-70.4781,,,,
WHOI,WHOI_MA-RI_202210_WE16,GLIDER_TRACK,2022-11-26T08:27:05Z,40.9186,-70.4813,,,,
WHOI,WHOI_MA-RI_202210_WE16,GLIDER_TRACK,2022-11-26T09:12:05Z,40.915,-70.4867,,,,
WHOI,WHOI_MA-RI_202210_WE16,GLIDER_TRACK,2022-11-26T09:27:05Z,40.9155,-70.4895,,,,
WHOI,WHOI_MA-RI_202210_WE16,GLIDER_TRACK,2022-11-26T10:12:05Z,40.9178,-70.4982,,,,
WHOI,WHOI_MA-RI_202210_WE16,GLIDER_TRACK,2022-11-26T10:27:05Z,40.9187,-70.5014,,,,
WHOI,WHOI_MA-RI_202210_WE16,GLIDER_TRACK,2022-11-26T11:27:05Z,40.9207,-70.5066,,,,
WHOI,WHOI_MA-RI_202210_WE16,GLIDER_TRACK,2022-11-26T11:42:05Z,40.9227,-70.5082,,,,
WHOI,WHOI_MA-RI_202210_WE16,GLIDER_TRACK,2022-11-26T12:12:05Z,40.9266,-70.5115,,,,
WHOI,WHOI_MA-RI_202210_WE16,GLIDER_TRACK,2022-11-26T12:27:05Z,40.9285,-70.5132,,,,
WHOI,WHOI_MA-RI_202210_WE16,GLIDER_TRACK,2022-11-26T13:12:05Z,40.9344,-70.5181,,,,
WHOI,WHOI_MA-RI_202210_WE16,GLIDER_TRACK,2022-11-26T13:13:39Z,40.9344,-70.5181,,,,
WHOI,WHOI_MA-RI_202210_WE16,GLIDER_TRACK,2022-11-26T14:12:05Z,40.9381,-70.5117,,,,
WHOI,WHOI_MA-RI_202210_WE16,GLIDER_TRACK,2022-11-26T15:12:05Z,40.943600000000004,-70.5083,,,,
WHOI,WHOI_MA-RI_202210_WE16,GLIDER_TRACK,2022-11-26T15:27:05Z,40.945,-70.5074,,,,
WHOI,WHOI_MA-RI_202210_WE16,GLIDER_TRACK,2022-11-26T16:12:05Z,40.9444,-70.4998,,,,
WHOI,WHOI_MA-RI_202210_WE16,GLIDER_TRACK,2022-11-26T17:12:05Z,40.9444,-70.4971,,,,
WHOI,WHOI_MA-RI_202210_WE16,GLIDER_TRACK,2022-11-26T18:27:05Z,40.9411,-70.492,,,,
WHOI,WHOI_MA-RI_202210_WE16,GLIDER_TRACK,2022-11-26T18:42:05Z,40.9401,-70.4935,,,,
WHOI,WHOI_MA-RI_202210_WE16,GLIDER_TRACK,2022-11-26T19:12:05Z,40.9385,-70.4972,,,,
WHOI,WHOI_MA-RI_202210_WE16,GLIDER_TRACK,2022-11-26T20:12:05Z,40.9352,-70.5084,,,,
WHOI,WHOI_MA-RI_202210_WE16,GLIDER_TRACK,2022-11-26T21:12:05Z,40.9308,-70.5175,,,,
WHOI,WHOI_MA-RI_202210_WE16,GLIDER_TRACK,2022-11-26T22:12:05Z,40.9303,-70.535,,,,
WHOI,WHOI_MA-RI_202210_WE16,GLIDER_TRACK,2022-11-26T23:12:05Z,40.9323,-70.5482,,,,
WHOI,WHOI_MA-RI_202210_WE16,GLIDER_TRACK,2022-11-26T23:27:05Z,40.9339,-70.552,,,,
WHOI,WHOI_MA-RI_202210_WE16,GLIDER_TRACK,2022-11-27T00:12:05Z,40.9386,-70.5633,,,,
WHOI,WHOI_MA-RI_202210_WE16,GLIDER_TRACK,2022-11-27T00:58:01Z,40.9433,-70.5746,,,,
WHOI,WHOI_MA-RI_202210_WE16,GLIDER_TRACK,2022-11-27T01:42:05Z,40.9467,-70.5724,,,,
WHOI,WHOI_MA-RI_202210_WE16,GLIDER_TRACK,2022-11-27T01:57:05Z,40.9485,-70.5736,,,,
WHOI,WHOI_MA-RI_202210_WE16,GLIDER_TRACK,2022-11-27T02:12:05Z,40.9504,-70.574700000000007,,,,
WHOI,WHOI_MA-RI_202210_WE16,GLIDER_TRACK,2022-11-27T02:27:05Z,40.9522,-70.5758,,,,
WHOI,WHOI_MA-RI_202210_WE16,GLIDER_TRACK,2022-11-27T03:12:05Z,40.9576,-70.5792,,,,
WHOI,WHOI_MA-RI_202210_WE16,GLIDER_TRACK,2022-11-27T04:12:05Z,40.9621,-70.5759,,,,
WHOI,WHOI_MA-RI_202210_WE16,GLIDER_TRACK,2022-11-27T04:27:05Z,40.9629,-70.5755,,,,
WHOI,WHOI_MA-RI_202210_WE16,GLIDER_TRACK,2022-11-27T05:12:05Z,40.9655,-70.5745,,,,
WHOI,WHOI_MA-RI_202210_WE16,GLIDER_TRACK,2022-11-27T06:27:05Z,40.9671,-70.5698,,,,
WHOI,WHOI_MA-RI_202210_WE16,GLIDER_TRACK,2022-11-27T07:12:05Z,40.9668,-70.5731,,,,
WHOI,WHOI_MA-RI_202210_WE16,GLIDER_TRACK,2022-11-27T07:27:05Z,40.9666,-70.5742,,,,
WHOI,WHOI_MA-RI_202210_WE16,GLIDER_TRACK,2022-11-27T08:12:05Z,40.9663,-70.5775,,,,
WHOI,WHOI_MA-RI_202210_WE16,GLIDER_TRACK,2022-11-27T09:12:05Z,40.9648,-70.5795,,,,
WHOI,WHOI_MA-RI_202210_WE16,GLIDER_TRACK,2022-11-27T09:27:05Z,40.965,-70.582,,,,
WHOI,WHOI_MA-RI_202210_WE16,GLIDER_TRACK,2022-11-27T10:12:05Z,40.9656,-70.5893,,,,
WHOI,WHOI_MA-RI_202210_WE16,GLIDER_TRACK,2022-11-27T11:12:05Z,40.9663,-70.594,,,,
WHOI,WHOI_MA-RI_202210_WE16,GLIDER_TRACK,2022-11-27T11:27:05Z,40.9678,-70.5962,,,,
WHOI,WHOI_MA-RI_202210_WE16,GLIDER_TRACK,2022-11-27T12:12:05Z,40.9723,-70.6031,,,,
WHOI,WHOI_MA-RI_202210_WE16,GLIDER_TRACK,2022-11-27T13:06:11Z,40.9778,-70.6112,,,,
WHOI,WHOI_MA-RI_202210_WE16,GLIDER_TRACK,2022-11-27T13:27:05Z,40.9789,-70.6085,,,,
WHOI,WHOI_MA-RI_202210_WE16,GLIDER_TRACK,2022-11-27T13:42:05Z,40.9805,-70.6089,,,,
WHOI,WHOI_MA-RI_202210_WE16,GLIDER_TRACK,2022-11-27T14:12:05Z,40.9842,-70.6099,,,,
WHOI,WHOI_MA-RI_202210_WE16,GLIDER_TRACK,2022-11-27T15:12:05Z,40.9917,-70.6118,,,,
WHOI,WHOI_MA-RI_202210_WE16,GLIDER_TRACK,2022-11-27T16:12:05Z,40.9964,-70.6075,,,,
WHOI,WHOI_MA-RI_202210_WE16,GLIDER_TRACK,2022-11-27T17:12:05Z,41,-70.6052,,,,
WHOI,WHOI_MA-RI_202210_WE16,GLIDER_TRACK,2022-11-27T18:12:05Z,41.0018,-70.6029,,,,
WHOI,WHOI_MA-RI_202210_WE16,GLIDER_TRACK,2022-11-27T19:12:05Z,41.0007,-70.6083,,,,
WHOI,WHOI_MA-RI_202210_WE16,GLIDER_TRACK,2022-11-27T19:59:22Z,40.9999,-70.6124,,,,
WHOI,WHOI_MA-RI_202210_WE16,GLIDER_TRACK,2022-11-27T20:12:05Z,40.9992,-70.6131,,,,
WHOI,WHOI_MA-RI_202210_WE16,GLIDER_TRACK,2022-11-27T20:27:05Z,40.9989,-70.6169,,,,
WHOI,WHOI_MA-RI_202210_WE16,GLIDER_TRACK,2022-11-27T21:12:05Z,40.9982,-70.6283,,,,
WHOI,WHOI_MA-RI_202210_WE16,GLIDER_TRACK,2022-11-27T21:27:05Z,40.9979,-70.632,,,,
WHOI,WHOI_MA-RI_202210_WE16,GLIDER_TRACK,2022-11-27T22:05:11Z,40.9973,-70.6416,,,,
WHOI,WHOI_MA-RI_202210_WE16,GLIDER_TRACK,2022-11-27T22:42:05Z,40.9975,-70.6471,,,,
WHOI,WHOI_MA-RI_202210_WE16,GLIDER_TRACK,2022-11-27T23:12:05Z,40.9989,-70.6575,,,,
WHOI,WHOI_MA-RI_202210_WE16,GLIDER_TRACK,2022-11-27T23:27:05Z,40.9996,-70.6626,,,,
WHOI,WHOI_MA-RI_202210_WE16,GLIDER_TRACK,2022-11-28T00:12:05Z,41.0017,-70.6782,,,,
WHOI,WHOI_MA-RI_202210_WE16,GLIDER_TRACK,2022-11-28T00:27:05Z,41.0024,-70.6833,,,,
WHOI,WHOI_MA-RI_202210_WE16,GLIDER_TRACK,2022-11-28T01:12:05Z,41.0077,-70.6942,,,,
WHOI,WHOI_MA-RI_202210_WE16,GLIDER_TRACK,2022-11-28T01:27:05Z,41.0096,-70.6983,,,,
WHOI,WHOI_MA-RI_202210_WE16,GLIDER_TRACK,2022-11-28T02:12:05Z,41.0153,-70.7109,,,,
WHOI,WHOI_MA-RI_202210_WE16,GLIDER_TRACK,2022-11-28T03:12:05Z,41.0244,-70.7223,,,,
WHOI,WHOI_MA-RI_202210_WE16,GLIDER_TRACK,2022-11-28T03:27:05Z,41.0258,-70.7245,,,,
WHOI,WHOI_MA-RI_202210_WE16,GLIDER_TRACK,2022-11-28T04:12:05Z,41.0299,-70.7309,,,,
WHOI,WHOI_MA-RI_202210_WE16,GLIDER_TRACK,2022-11-28T05:07:18Z,41.035,-70.7386,,,,
WHOI,WHOI_MA-RI_202210_WE16,GLIDER_TRACK,2022-11-28T05:42:05Z,41.0362,-70.7355,,,,
WHOI,WHOI_MA-RI_202210_WE16,GLIDER_TRACK,2022-11-28T06:12:05Z,41.0372,-70.7374,,,,
WHOI,WHOI_MA-RI_202210_WE16,GLIDER_TRACK,2022-11-28T06:27:05Z,41.0377,-70.7383,,,,
WHOI,WHOI_MA-RI_202210_WE16,GLIDER_TRACK,2022-11-28T07:12:05Z,41.0392,-70.7412,,,,
WHOI,WHOI_MA-RI_202210_WE16,GLIDER_TRACK,2022-11-28T07:27:05Z,41.0397,-70.7422,,,,
WHOI,WHOI_MA-RI_202210_WE16,GLIDER_TRACK,2022-11-28T08:12:05Z,41.0394,-70.7397,,,,
WHOI,WHOI_MA-RI_202210_WE16,GLIDER_TRACK,2022-11-28T08:27:05Z,41.0396,-70.7413,,,,
WHOI,WHOI_MA-RI_202210_WE16,GLIDER_TRACK,2022-11-28T09:12:05Z,41.0401,-70.746,,,,
WHOI,WHOI_MA-RI_202210_WE16,GLIDER_TRACK,2022-11-28T09:27:05Z,41.0403,-70.7476,,,,
WHOI,WHOI_MA-RI_202210_WE16,GLIDER_TRACK,2022-11-28T10:12:05Z,41.0398,-70.7476,,,,
WHOI,WHOI_MA-RI_202210_WE16,GLIDER_TRACK,2022-11-28T10:27:05Z,41.0403,-70.7501,,,,
WHOI,WHOI_MA-RI_202210_WE16,GLIDER_TRACK,2022-11-28T10:42:05Z,41.0407,-70.7517,,,,
WHOI,WHOI_MA-RI_202210_WE16,GLIDER_TRACK,2022-11-28T11:12:05Z,41.0412,-70.7559,,,,
WHOI,WHOI_MA-RI_202210_WE16,GLIDER_TRACK,2022-11-28T12:12:05Z,41.046,-70.7635,,,,
WHOI,WHOI_MA-RI_202210_WE16,GLIDER_TRACK,2022-11-28T12:12:57Z,41.046,-70.7635,,,,
WHOI,WHOI_MA-RI_202210_WE16,GLIDER_TRACK,2022-11-28T12:42:05Z,41.0468,-70.7614,,,,
WHOI,WHOI_MA-RI_202210_WE16,GLIDER_TRACK,2022-11-28T13:12:05Z,41.0504,-70.7653,,,,
WHOI,WHOI_MA-RI_202210_WE16,GLIDER_TRACK,2022-11-28T13:27:05Z,41.0522,-70.7672,,,,
WHOI,WHOI_MA-RI_202210_WE16,GLIDER_TRACK,2022-11-28T14:12:05Z,41.0576,-70.7708,,,,
WHOI,WHOI_MA-RI_202210_WE16,GLIDER_TRACK,2022-11-28T15:12:05Z,41.0638,-70.7684,,,,
WHOI,WHOI_MA-RI_202210_WE16,GLIDER_TRACK,2022-11-28T16:12:05Z,41.0708,-70.7665,,,,
WHOI,WHOI_MA-RI_202210_WE16,GLIDER_TRACK,2022-11-28T16:27:05Z,41.0726,-70.766,,,,
WHOI,WHOI_MA-RI_202210_WE16,GLIDER_TRACK,2022-11-28T16:58:44Z,41.0752,-70.7641,,,,
WHOI,WHOI_MA-RI_202210_WE16,GLIDER_TRACK,2022-11-28T17:27:05Z,41.0747,-70.7581,,,,
WHOI,WHOI_MA-RI_202210_WE16,GLIDER_TRACK,2022-11-28T17:42:05Z,41.0759,-70.7565,,,,
WHOI,WHOI_MA-RI_202210_WE16,GLIDER_TRACK,2022-11-28T18:12:05Z,41.0774,-70.7533,,,,
WHOI,WHOI_MA-RI_202210_WE16,GLIDER_TRACK,2022-11-28T18:27:05Z,41.0779,-70.7518,,,,
WHOI,WHOI_MA-RI_202210_WE16,GLIDER_TRACK,2022-11-28T19:12:05Z,41.0793,-70.7472,,,,
WHOI,WHOI_MA-RI_202210_WE16,GLIDER_TRACK,2022-11-28T20:12:05Z,41.0758,-70.7394,,,,
WHOI,WHOI_MA-RI_202210_WE16,GLIDER_TRACK,2022-11-28T21:12:05Z,41.075,-70.7428,,,,
WHOI,WHOI_MA-RI_202210_WE16,GLIDER_TRACK,2022-11-28T22:12:05Z,41.0718,-70.7444,,,,
WHOI,WHOI_MA-RI_202210_WE16,GLIDER_TRACK,2022-11-28T22:27:05Z,41.0716,-70.7471,,,,
WHOI,WHOI_MA-RI_202210_WE16,GLIDER_TRACK,2022-11-28T23:12:05Z,41.0711,-70.7551,,,,
WHOI,WHOI_MA-RI_202210_WE16,GLIDER_TRACK,2022-11-29T00:08:41Z,41.0707,-70.7669,,,,
WHOI,WHOI_MA-RI_202210_WE16,GLIDER_TRACK,2022-11-29T00:42:05Z,41.069,-70.7706,,,,
WHOI,WHOI_MA-RI_202210_WE16,GLIDER_TRACK,2022-11-29T01:12:05Z,41.0709,-70.7793,,,,
WHOI,WHOI_MA-RI_202210_WE16,GLIDER_TRACK,2022-11-29T01:27:05Z,41.0718,-70.7836,,,,
WHOI,WHOI_MA-RI_202210_WE16,GLIDER_TRACK,2022-11-29T02:12:05Z,41.0745,-70.7965,,,,
WHOI,WHOI_MA-RI_202210_WE16,GLIDER_TRACK,2022-11-29T02:27:05Z,41.0754,-70.8008,,,,
WHOI,WHOI_MA-RI_202210_WE16,GLIDER_TRACK,2022-11-29T03:12:05Z,41.0765,-70.808,,,,
WHOI,WHOI_MA-RI_202210_WE16,GLIDER_TRACK,2022-11-29T03:27:05Z,41.0782,-70.811,,,,
WHOI,WHOI_MA-RI_202210_WE16,GLIDER_TRACK,2022-11-29T04:12:05Z,41.0832,-70.8201,,,,
WHOI,WHOI_MA-RI_202210_WE16,GLIDER_TRACK,2022-11-29T04:27:05Z,41.0849,-70.8231,,,,
WHOI,WHOI_MA-RI_202210_WE16,GLIDER_TRACK,2022-11-29T05:12:05Z,41.0881,-70.8292,,,,
WHOI,WHOI_MA-RI_202210_WE16,GLIDER_TRACK,2022-11-29T05:27:05Z,41.089,-70.8302,,,,
WHOI,WHOI_MA-RI_202210_WE16,GLIDER_TRACK,2022-11-29T06:12:05Z,41.0918,-70.8332,,,,
WHOI,WHOI_MA-RI_202210_WE16,GLIDER_TRACK,2022-11-29T06:27:05Z,41.0927,-70.8342,,,,
WHOI,WHOI_MA-RI_202210_WE16,GLIDER_TRACK,2022-11-29T07:09:06Z,41.0953,-70.8369,,,,
WHOI,WHOI_MA-RI_202210_WE16,GLIDER_TRACK,2022-11-29T08:12:05Z,41.0966,-70.8395,,,,
WHOI,WHOI_MA-RI_202210_WE16,GLIDER_TRACK,2022-11-29T09:12:05Z,41.0988,-70.8435,,,,
WHOI,WHOI_MA-RI_202210_WE16,GLIDER_TRACK,2022-11-29T10:12:05Z,41.0987,-70.8497,,,,
WHOI,WHOI_MA-RI_202210_WE16,GLIDER_TRACK,2022-11-29T10:27:05Z,41.0989,-70.852,,,,
WHOI,WHOI_MA-RI_202210_WE16,GLIDER_TRACK,2022-11-29T11:12:05Z,41.0996,-70.8586,,,,
WHOI,WHOI_MA-RI_202210_WE16,GLIDER_TRACK,2022-11-29T11:27:05Z,41.0999,-70.8608,,,,
WHOI,WHOI_MA-RI_202210_WE16,GLIDER_TRACK,2022-11-29T12:27:05Z,41.0973,-70.8648,,,,
WHOI,WHOI_MA-RI_202210_WE16,GLIDER_TRACK,2022-11-29T12:42:05Z,41.0982,-70.8681,,,,
WHOI,WHOI_MA-RI_202210_WE16,GLIDER_TRACK,2022-11-29T12:57:05Z,41.0989,-70.871,,,,
WHOI,WHOI_MA-RI_202210_WE16,GLIDER_TRACK,2022-11-29T13:12:05Z,41.0999,-70.8736,,,,
WHOI,WHOI_MA-RI_202210_WE16,GLIDER_TRACK,2022-11-29T13:27:05Z,41.1012,-70.877,,,,
WHOI,WHOI_MA-RI_202210_WE16,GLIDER_TRACK,2022-11-29T14:12:05Z,41.1051,-70.887,,,,
WHOI,WHOI_MA-RI_202210_WE16,GLIDER_TRACK,2022-11-29T14:15:57Z,41.1051,-70.887,,,,
WHOI,WHOI_MA-RI_202210_WE16,GLIDER_TRACK,2022-11-29T14:42:05Z,41.1062,-70.8899,,,,
WHOI,WHOI_MA-RI_202210_WE16,GLIDER_TRACK,2022-11-29T14:57:05Z,41.1081,-70.8926,,,,
WHOI,WHOI_MA-RI_202210_WE16,GLIDER_TRACK,2022-11-29T15:12:05Z,41.11,-70.8954,,,,
WHOI,WHOI_MA-RI_202210_WE16,GLIDER_TRACK,2022-11-29T15:27:05Z,41.1119,-70.8982,,,,
WHOI,WHOI_MA-RI_202210_WE16,GLIDER_TRACK,2022-11-29T16:12:05Z,41.1176,-70.9066,,,,
WHOI,WHOI_MA-RI_202210_WE16,GLIDER_TRACK,2022-11-29T16:27:05Z,41.1195,-70.9094,,,,
WHOI,WHOI_MA-RI_202210_WE16,GLIDER_TRACK,2022-11-29T17:12:05Z,41.1223,-70.9112,,,,
WHOI,WHOI_MA-RI_202210_WE16,GLIDER_TRACK,2022-11-29T17:27:05Z,41.1233,-70.9126,,,,
WHOI,WHOI_MA-RI_202210_WE16,GLIDER_TRACK,2022-11-29T18:12:05Z,41.1266,-70.9168,,,,
WHOI,WHOI_MA-RI_202210_WE16,GLIDER_TRACK,2022-11-29T18:27:05Z,41.1277,-70.9183,,,,
WHOI,WHOI_MA-RI_202210_WE16,GLIDER_TRACK,2022-11-29T19:27:05Z,41.129,-70.9194,,,,
WHOI,WHOI_MA-RI_202210_WE16,GLIDER_TRACK,2022-11-29T19:42:05Z,41.1289,-70.9207,,,,
WHOI,WHOI_MA-RI_202210_WE16,GLIDER_TRACK,2022-11-29T20:12:05Z,41.1287,-70.9232,,,,
WHOI,WHOI_MA-RI_202210_WE16,GLIDER_TRACK,2022-11-29T20:27:05Z,41.1286,-70.9244,,,,
WHOI,WHOI_MA-RI_202210_WE16,GLIDER_TRACK,2022-11-29T21:12:05Z,41.1283,-70.9282,,,,
WHOI,WHOI_MA-RI_202210_WE16,GLIDER_TRACK,2022-11-29T21:15:13Z,41.1283,-70.9282,,,,
WHOI,WHOI_MA-RI_202210_WE16,GLIDER_TRACK,2022-11-29T21:42:05Z,41.1263,-70.9275,,,,
WHOI,WHOI_MA-RI_202210_WE16,GLIDER_TRACK,2022-11-29T22:12:05Z,41.1252,-70.9337,,,,
WHOI,WHOI_MA-RI_202210_WE16,GLIDER_TRACK,2022-11-29T22:27:05Z,41.1247,-70.9368,,,,
WHOI,WHOI_MA-RI_202210_WE16,GLIDER_TRACK,2022-11-29T23:12:05Z,41.1231,-70.946,,,,
WHOI,WHOI_MA-RI_202210_WE16,GLIDER_TRACK,2022-11-30T00:12:05Z,41.1212,-70.9563,,,,
WHOI,WHOI_MA-RI_202210_WE16,GLIDER_TRACK,2022-11-30T00:27:05Z,41.1218,-70.9606,,,,
WHOI,WHOI_MA-RI_202210_WE16,GLIDER_TRACK,2022-11-30T01:12:05Z,41.1238,-70.9736,,,,
WHOI,WHOI_MA-RI_202210_WE16,GLIDER_TRACK,2022-11-30T02:27:05Z,41.1282,-70.9923,,,,
WHOI,WHOI_MA-RI_202210_WE16,GLIDER_TRACK,2022-11-30T02:42:05Z,41.1315,-70.9959,,,,
WHOI,WHOI_MA-RI_202210_WE16,GLIDER_TRACK,2022-11-30T03:12:05Z,41.1381,-71.0032,,,,
WHOI,WHOI_MA-RI_202210_WE16,GLIDER_TRACK,2022-11-30T04:12:05Z,41.1514,-71.0178,,,,
WHOI,WHOI_MA-RI_202210_WE16,GLIDER_TRACK,2022-11-30T04:22:30Z,41.1538,-71.0204,,,,
WHOI,WHOI_MA-RI_202210_WE16,GLIDER_TRACK,2022-11-30T05:12:05Z,41.154,-71.0229,,,,
WHOI,WHOI_MA-RI_202210_WE16,GLIDER_TRACK,2022-11-30T06:12:05Z,41.1518,-71.0242,,,,
WHOI,WHOI_MA-RI_202210_WE16,GLIDER_TRACK,2022-11-30T07:12:05Z,41.1526,-71.0249,,,,
WHOI,WHOI_MA-RI_202210_WE16,GLIDER_TRACK,2022-11-30T08:12:05Z,41.1455,-71.0205,,,,
WHOI,WHOI_MA-RI_202210_WE16,GLIDER_TRACK,2022-11-30T09:03:52Z,41.1395,-71.0167,,,,
WHOI,WHOI_MA-RI_202210_WE16,GLIDER_TRACK,2022-11-30T09:42:05Z,41.1384,-71.0158,,,,
WHOI,WHOI_MA-RI_202210_WE16,GLIDER_TRACK,2022-11-30T10:12:05Z,41.134,-71.0147,,,,
WHOI,WHOI_MA-RI_202210_WE16,GLIDER_TRACK,2022-11-30T10:27:05Z,41.1318,-71.0141,,,,
WHOI,WHOI_MA-RI_202210_WE16,GLIDER_TRACK,2022-11-30T11:12:05Z,41.1251,-71.0124,,,,
WHOI,WHOI_MA-RI_202210_WE16,GLIDER_TRACK,2022-11-30T11:27:05Z,41.1229,-71.0118,,,,
WHOI,WHOI_MA-RI_202210_WE16,GLIDER_TRACK,2022-11-30T12:12:05Z,41.12,-71.014,,,,
WHOI,WHOI_MA-RI_202210_WE16,GLIDER_TRACK,2022-11-30T13:12:05Z,41.1111,-71.0151,,,,
WHOI,WHOI_MA-RI_202210_WE16,GLIDER_TRACK,2022-11-30T14:12:05Z,41.1064,-71.0176,,,,
WHOI,WHOI_MA-RI_202210_WE16,GLIDER_TRACK,2022-11-30T14:27:05Z,41.1054,-71.0184,,,,
WHOI,WHOI_MA-RI_202210_WE16,GLIDER_TRACK,2022-11-30T14:42:05Z,41.1043,-71.0193,,,,
WHOI,WHOI_MA-RI_202210_WE16,GLIDER_TRACK,2022-11-30T15:12:05Z,41.1022,-71.021,,,,
WHOI,WHOI_MA-RI_202210_WE16,GLIDER_TRACK,2022-11-30T15:27:05Z,41.1011,-71.0218,,,,
WHOI,WHOI_MA-RI_202210_WE16,GLIDER_TRACK,2022-11-30T16:10:11Z,41.0981,-71.0243,,,,
WHOI,WHOI_MA-RI_202210_WE16,GLIDER_TRACK,2022-11-30T16:42:05Z,41.1016,-71.0254,,,,
WHOI,WHOI_MA-RI_202210_WE16,GLIDER_TRACK,2022-11-30T17:12:05Z,41.1008,-71.0246,,,,
WHOI,WHOI_MA-RI_202210_WE16,GLIDER_TRACK,2022-11-30T18:12:05Z,41.0992,-71.023,,,,
WHOI,WHOI_MA-RI_202210_WE16,GLIDER_TRACK,2022-11-30T19:12:05Z,41.1005,-71.0196,,,,
WHOI,WHOI_MA-RI_202210_WE16,GLIDER_TRACK,2022-11-30T19:27:05Z,41.0994,-71.0179,,,,
WHOI,WHOI_MA-RI_202210_WE16,GLIDER_TRACK,2022-11-30T20:12:05Z,41.0948,-71.0127,,,,
WHOI,WHOI_MA-RI_202210_WE16,GLIDER_TRACK,2022-11-30T20:27:05Z,41.093,-71.0107,,,,
WHOI,WHOI_MA-RI_202210_WE16,GLIDER_TRACK,2022-11-30T21:12:05Z,41.0918,-71.0062,,,,
WHOI,WHOI_MA-RI_202210_WE16,GLIDER_TRACK,2022-11-30T21:27:05Z,41.0893,-71.0053,,,,
WHOI,WHOI_MA-RI_202210_WE16,GLIDER_TRACK,2022-11-30T21:42:05Z,41.0868,-71.0044,,,,
WHOI,WHOI_MA-RI_202210_WE16,GLIDER_TRACK,2022-11-30T22:12:05Z,41.0816,-71.0027,,,,
WHOI,WHOI_MA-RI_202210_WE16,GLIDER_TRACK,2022-11-30T22:27:05Z,41.079,-71.0018,,,,
WHOI,WHOI_MA-RI_202210_WE16,GLIDER_TRACK,2022-11-30T23:10:06Z,41.0716,-70.9993,,,,
WHOI,WHOI_MA-RI_202210_WE16,GLIDER_TRACK,2022-11-30T23:42:05Z,41.0709,-70.9992,,,,
WHOI,WHOI_MA-RI_202210_WE16,GLIDER_TRACK,2022-12-01T00:12:05Z,41.0654,-71.0001,,,,
WHOI,WHOI_MA-RI_202210_WE16,GLIDER_TRACK,2022-12-01T00:27:05Z,41.0626,-71.0006,,,,
WHOI,WHOI_MA-RI_202210_WE16,GLIDER_TRACK,2022-12-01T01:12:05Z,41.0543,-71.002,,,,
WHOI,WHOI_MA-RI_202210_WE16,GLIDER_TRACK,2022-12-01T01:27:05Z,41.0516,-71.0025,,,,
WHOI,WHOI_MA-RI_202210_WE16,GLIDER_TRACK,2022-12-01T02:12:05Z,41.0479,-71.0031,,,,
WHOI,WHOI_MA-RI_202210_WE16,GLIDER_TRACK,2022-12-01T02:27:05Z,41.0456,-71.0046,,,,
WHOI,WHOI_MA-RI_202210_WE16,GLIDER_TRACK,2022-12-01T03:12:05Z,41.0386,-71.0092,,,,
WHOI,WHOI_MA-RI_202210_WE16,GLIDER_TRACK,2022-12-01T03:27:05Z,41.0363,-71.0108,,,,
WHOI,WHOI_MA-RI_202210_WE16,GLIDER_TRACK,2022-12-01T04:12:05Z,41.033,-71.0115,,,,
WHOI,WHOI_MA-RI_202210_WE16,GLIDER_TRACK,2022-12-01T04:27:05Z,41.032,-71.0116,,,,
WHOI,WHOI_MA-RI_202210_WE16,GLIDER_TRACK,2022-12-01T05:12:05Z,41.0293,-71.0118,,,,
WHOI,WHOI_MA-RI_202210_WE16,GLIDER_TRACK,2022-12-01T05:27:05Z,41.0284,-71.0119,,,,
WHOI,WHOI_MA-RI_202210_WE16,GLIDER_TRACK,2022-12-01T06:06:19Z,41.026,-71.0121,,,,
WHOI,WHOI_MA-RI_202210_WE16,GLIDER_TRACK,2022-12-01T06:27:05Z,41.026,-71.0099,,,,
WHOI,WHOI_MA-RI_202210_WE16,GLIDER_TRACK,2022-12-01T06:42:05Z,41.0247,-71.0102,,,,
WHOI,WHOI_MA-RI_202210_WE16,GLIDER_TRACK,2022-12-01T07:12:05Z,41.0238,-71.008,,,,
WHOI,WHOI_MA-RI_202210_WE16,GLIDER_TRACK,2022-12-01T07:27:05Z,41.0227,-71.0067,,,,
WHOI,WHOI_MA-RI_202210_WE16,GLIDER_TRACK,2022-12-01T08:12:05Z,41.0192,-71.0027,,,,
WHOI,WHOI_MA-RI_202210_WE16,GLIDER_TRACK,2022-12-01T08:27:05Z,41.0181,-71.0014,,,,
WHOI,WHOI_MA-RI_202210_WE16,GLIDER_TRACK,2022-12-01T09:12:05Z,41.0154,-70.9952,,,,
WHOI,WHOI_MA-RI_202210_WE16,GLIDER_TRACK,2022-12-01T09:27:05Z,41.0135,-70.9941,,,,
WHOI,WHOI_MA-RI_202210_WE16,GLIDER_TRACK,2022-12-01T10:12:05Z,41.0076,-70.9907,,,,
WHOI,WHOI_MA-RI_202210_WE16,GLIDER_TRACK,2022-12-01T10:27:05Z,41.0057,-70.9896,,,,
WHOI,WHOI_MA-RI_202210_WE16,GLIDER_TRACK,2022-12-01T11:12:05Z,41.0009,-70.9867,,,,
WHOI,WHOI_MA-RI_202210_WE16,GLIDER_TRACK,2022-12-01T11:27:05Z,40.9993,-70.9875,,,,
WHOI,WHOI_MA-RI_202210_WE16,GLIDER_TRACK,2022-12-01T12:12:05Z,40.9944,-70.99,,,,
WHOI,WHOI_MA-RI_202210_WE16,GLIDER_TRACK,2022-12-01T12:27:05Z,40.9928,-70.9908,,,,
WHOI,WHOI_MA-RI_202210_WE16,GLIDER_TRACK,2022-12-01T13:00:49Z,40.9896,-70.9925,,,,
WHOI,WHOI_MA-RI_202210_WE16,GLIDER_TRACK,2022-12-01T13:27:05Z,40.987,-70.9894,,,,
WHOI,WHOI_MA-RI_202210_WE16,GLIDER_TRACK,2022-12-01T13:42:05Z,40.9867,-70.9915,,,,
WHOI,WHOI_MA-RI_202210_WE16,GLIDER_TRACK,2022-12-01T13:57:05Z,40.9863,-70.9938,,,,
WHOI,WHOI_MA-RI_202210_WE16,GLIDER_TRACK,2022-12-01T14:12:05Z,40.986,-70.9961,,,,
WHOI,WHOI_MA-RI_202210_WE16,GLIDER_TRACK,2022-12-01T14:27:05Z,40.9857,-70.9985,,,,
WHOI,WHOI_MA-RI_202210_WE16,GLIDER_TRACK,2022-12-01T15:12:05Z,40.9847,-71.0055,,,,
WHOI,WHOI_MA-RI_202210_WE16,GLIDER_TRACK,2022-12-01T15:27:05Z,40.9844,-71.0078,,,,
WHOI,WHOI_MA-RI_202210_WE16,GLIDER_TRACK,2022-12-01T16:12:05Z,40.9859,-71.0041,,,,
WHOI,WHOI_MA-RI_202210_WE16,GLIDER_TRACK,2022-12-01T16:27:05Z,40.9868,-71.0029,,,,
WHOI,WHOI_MA-RI_202210_WE16,GLIDER_TRACK,2022-12-01T17:12:05Z,40.9895,-70.9991,,,,
WHOI,WHOI_MA-RI_202210_WE16,GLIDER_TRACK,2022-12-01T17:27:05Z,40.9905,-70.9978,,,,
WHOI,WHOI_MA-RI_202210_WE16,GLIDER_TRACK,2022-12-01T18:27:05Z,40.993,-70.9892,,,,
WHOI,WHOI_MA-RI_202210_WE16,GLIDER_TRACK,2022-12-01T18:42:05Z,40.9937,-70.9859,,,,
WHOI,WHOI_MA-RI_202210_WE16,GLIDER_TRACK,2022-12-01T19:12:05Z,40.9952,-70.9795,,,,
WHOI,WHOI_MA-RI_202210_WE16,GLIDER_TRACK,2022-12-01T19:27:05Z,40.9959,-70.9763,,,,
WHOI,WHOI_MA-RI_202210_WE16,GLIDER_TRACK,2022-12-01T20:12:05Z,40.9981,-70.9666,,,,
WHOI,WHOI_MA-RI_202210_WE16,GLIDER_TRACK,2022-12-01T20:15:37Z,40.9981,-70.9666,,,,
WHOI,WHOI_MA-RI_202210_WE16,GLIDER_TRACK,2022-12-01T21:12:05Z,41.0042,-70.9559,,,,
WHOI,WHOI_MA-RI_202210_WE16,GLIDER_TRACK,2022-12-01T22:12:05Z,41.0113,-70.9466,,,,
WHOI,WHOI_MA-RI_202210_WE16,GLIDER_TRACK,2022-12-01T22:27:05Z,41.0128,-70.9443,,,,
WHOI,WHOI_MA-RI_202210_WE16,GLIDER_TRACK,2022-12-01T23:12:05Z,41.0135,-70.9379,,,,
WHOI,WHOI_MA-RI_202210_WE16,GLIDER_TRACK,2022-12-02T00:12:05Z,41.0172,-70.9334,,,,
WHOI,WHOI_MA-RI_202210_WE16,GLIDER_TRACK,2022-12-02T00:27:05Z,41.0181,-70.9322,,,,
WHOI,WHOI_MA-RI_202210_WE16,GLIDER_TRACK,2022-12-02T01:27:05Z,41.0147,-70.9245,,,,
WHOI,WHOI_MA-RI_202210_WE16,GLIDER_TRACK,2022-12-02T02:12:05Z,41.0179,-70.9241,,,,
WHOI,WHOI_MA-RI_202210_WE16,GLIDER_TRACK,2022-12-02T02:27:05Z,41.0189,-70.9239,,,,
WHOI,WHOI_MA-RI_202210_WE16,GLIDER_TRACK,2022-12-02T03:12:05Z,41.022,-70.9235,,,,
WHOI,WHOI_MA-RI_202210_WE16,GLIDER_TRACK,2022-12-02T03:16:17Z,41.022,-70.9235,,,,
WHOI,WHOI_MA-RI_202210_WE16,GLIDER_TRACK,2022-12-02T03:42:05Z,41.0218,-70.9216,,,,
WHOI,WHOI_MA-RI_202210_WE16,GLIDER_TRACK,2022-12-02T03:57:05Z,41.0241,-70.922,,,,
WHOI,WHOI_MA-RI_202210_WE16,GLIDER_TRACK,2022-12-02T04:12:05Z,41.0263,-70.9223,,,,
WHOI,WHOI_MA-RI_202210_WE16,GLIDER_TRACK,2022-12-02T04:27:05Z,41.0286,-70.9226,,,,
WHOI,WHOI_MA-RI_202210_WE16,GLIDER_TRACK,2022-12-02T05:12:05Z,41.0353,-70.9236,,,,
WHOI,WHOI_MA-RI_202210_WE16,GLIDER_TRACK,2022-12-02T06:12:05Z,41.0416,-70.9214,,,,
WHOI,WHOI_MA-RI_202210_WE16,GLIDER_TRACK,2022-12-02T06:27:05Z,41.0441,-70.9207,,,,
WHOI,WHOI_MA-RI_202210_WE16,GLIDER_TRACK,2022-12-02T07:12:05Z,41.0516,-70.9184,,,,
WHOI,WHOI_MA-RI_202210_WE16,GLIDER_TRACK,2022-12-02T08:27:05Z,41.0601,-70.9118,,,,
WHOI,WHOI_MA-RI_202210_WE16,GLIDER_TRACK,2022-12-02T08:42:05Z,41.0619,-70.9107,,,,
WHOI,WHOI_MA-RI_202210_WE16,GLIDER_TRACK,2022-12-02T09:12:05Z,41.0649,-70.9072,,,,
WHOI,WHOI_MA-RI_202210_WE16,GLIDER_TRACK,2022-12-02T09:27:05Z,41.0665,-70.9053,,,,
WHOI,WHOI_MA-RI_202210_WE16,GLIDER_TRACK,2022-12-02T10:12:05Z,41.0714,-70.8996,,,,
WHOI,WHOI_MA-RI_202210_WE16,GLIDER_TRACK,2022-12-02T10:14:55Z,41.0714,-70.8996,,,,
WHOI,WHOI_MA-RI_202210_WE16,GLIDER_TRACK,2022-12-02T11:12:05Z,41.0724,-70.8916,,,,
WHOI,WHOI_MA-RI_202210_WE16,GLIDER_TRACK,2022-12-02T11:27:05Z,41.0733,-70.89,,,,
WHOI,WHOI_MA-RI_202210_WE16,GLIDER_TRACK,2022-12-02T12:12:05Z,41.0746,-70.8878,,,,
WHOI,WHOI_MA-RI_202210_WE16,GLIDER_TRACK,2022-12-02T12:27:05Z,41.0751,-70.887,,,,
WHOI,WHOI_MA-RI_202210_WE16,GLIDER_TRACK,2022-12-02T13:12:05Z,41.0733,-70.8845,,,,
WHOI,WHOI_MA-RI_202210_WE16,GLIDER_TRACK,2022-12-02T13:27:05Z,41.0734,-70.885,,,,
WHOI,WHOI_MA-RI_202210_WE16,GLIDER_TRACK,2022-12-02T14:12:05Z,41.0737,-70.8865,,,,
WHOI,WHOI_MA-RI_202210_WE16,GLIDER_TRACK,2022-12-02T14:27:05Z,41.0738,-70.887,,,,
WHOI,WHOI_MA-RI_202210_WE16,GLIDER_TRACK,2022-12-02T14:57:45Z,41.074,-70.888,,,,
WHOI,WHOI_MA-RI_202210_WE16,GLIDER_TRACK,2022-12-02T15:27:05Z,41.0722,-70.8885,,,,
WHOI,WHOI_MA-RI_202210_WE16,GLIDER_TRACK,2022-12-02T15:42:05Z,41.0732,-70.8904,,,,
WHOI,WHOI_MA-RI_202210_WE16,GLIDER_TRACK,2022-12-02T16:12:05Z,41.0751,-70.8941,,,,
WHOI,WHOI_MA-RI_202210_WE16,GLIDER_TRACK,2022-12-02T16:27:05Z,41.0761,-70.896,,,,
WHOI,WHOI_MA-RI_202210_WE16,GLIDER_TRACK,2022-12-02T17:12:05Z,41.079,-70.9017,,,,
WHOI,WHOI_MA-RI_202210_WE16,GLIDER_TRACK,2022-12-02T17:18:26Z,41.079,-70.9017,,,,
WHOI,WHOI_MA-RI_202210_WE16,GLIDER_TRACK,2022-12-02T17:42:05Z,41.0802,-70.9031,,,,
WHOI,WHOI_MA-RI_202210_WE16,GLIDER_TRACK,2022-12-02T18:12:05Z,41.0843,-70.9064,,,,
WHOI,WHOI_MA-RI_202210_WE16,GLIDER_TRACK,2022-12-02T18:27:05Z,41.0863,-70.9081,,,,
WHOI,WHOI_MA-RI_202210_WE16,GLIDER_TRACK,2022-12-02T19:12:05Z,41.0923,-70.913,,,,
WHOI,WHOI_MA-RI_202210_WE16,GLIDER_TRACK,2022-12-02T19:27:05Z,41.0943,-70.9146,,,,
WHOI,WHOI_MA-RI_202210_WE16,GLIDER_TRACK,2022-12-02T19:40:02Z,41.096,-70.916,,,,
WHOI,WHOI_MA-RI_202210_WE16,GLIDER_TRACK,2022-12-02T20:12:05Z,41.0985,-70.9164,,,,
WHOI,WHOI_MA-RI_202210_WE16,GLIDER_TRACK,2022-12-02T20:27:05Z,41.1001,-70.9174,,,,
WHOI,WHOI_MA-RI_202210_WE16,GLIDER_TRACK,2022-12-02T21:12:05Z,41.1051,-70.9203,,,,
WHOI,WHOI_MA-RI_202210_WE16,GLIDER_TRACK,2022-12-02T21:27:05Z,41.1067,-70.9212,,,,
WHOI,WHOI_MA-RI_202210_WE16,GLIDER_TRACK,2022-12-02T22:00:57Z,41.11,-70.9232,,,,
WHOI,WHOI_MA-RI_202210_WE16,GLIDER_TRACK,2022-12-02T22:27:05Z,41.111,-70.9217,,,,
WHOI,WHOI_MA-RI_202210_WE16,GLIDER_TRACK,2022-12-02T22:42:05Z,41.1111,-70.9225,,,,
WHOI,WHOI_MA-RI_202210_WE16,GLIDER_TRACK,2022-12-02T23:12:05Z,41.1115,-70.924,,,,
WHOI,WHOI_MA-RI_202210_WE16,GLIDER_TRACK,2022-12-03T00:12:05Z,41.1123,-70.9272,,,,
WHOI,WHOI_MA-RI_202210_WE16,GLIDER_TRACK,2022-12-03T01:12:05Z,41.112,-70.9295,,,,
WHOI,WHOI_MA-RI_202210_WE16,GLIDER_TRACK,2022-12-03T01:27:05Z,41.1121,-70.9313,,,,
WHOI,WHOI_MA-RI_202210_WE16,GLIDER_TRACK,2022-12-03T02:12:05Z,41.113,-70.9373,,,,
WHOI,WHOI_MA-RI_202210_WE16,GLIDER_TRACK,2022-12-03T03:12:05Z,41.1134,-70.9436,,,,
WHOI,WHOI_MA-RI_202210_WE16,GLIDER_TRACK,2022-12-03T03:27:05Z,41.1144,-70.9464,,,,
WHOI,WHOI_MA-RI_202210_WE16,GLIDER_TRACK,2022-12-03T04:12:05Z,41.1173,-70.9548,,,,
WHOI,WHOI_MA-RI_202210_WE16,GLIDER_TRACK,2022-12-03T05:00:19Z,41.1216,-70.9626,,,,
WHOI,WHOI_MA-RI_202210_WE16,GLIDER_TRACK,2022-12-03T05:27:05Z,41.1241,-70.9658,,,,
WHOI,WHOI_MA-RI_202210_WE16,GLIDER_TRACK,2022-12-03T05:42:05Z,41.1269,-70.9677,,,,
WHOI,WHOI_MA-RI_202210_WE16,GLIDER_TRACK,2022-12-03T06:12:05Z,41.1325,-70.9716,,,,
WHOI,WHOI_MA-RI_202210_WE16,GLIDER_TRACK,2022-12-03T07:12:05Z,41.1438,-70.9792,,,,
WHOI,WHOI_MA-RI_202210_WE16,GLIDER_TRACK,2022-12-03T08:12:05Z,41.1531,-70.979,,,,
WHOI,WHOI_MA-RI_202210_WE16,GLIDER_TRACK,2022-12-03T08:27:05Z,41.1558,-70.9779,,,,
WHOI,WHOI_MA-RI_202210_WE16,GLIDER_TRACK,2022-12-03T09:12:05Z,41.1611,-70.9722,,,,
WHOI,WHOI_MA-RI_202210_WE16,GLIDER_TRACK,2022-12-03T10:12:05Z,41.1631,-70.9633,,,,
WHOI,WHOI_MA-RI_202210_WE16,GLIDER_TRACK,2022-12-03T10:27:05Z,41.1625,-70.9593,,,,
WHOI,WHOI_MA-RI_202210_WE16,GLIDER_TRACK,2022-12-03T11:12:05Z,41.1606,-70.9473,,,,
WHOI,WHOI_MA-RI_202210_WE16,GLIDER_TRACK,2022-12-03T12:01:53Z,41.1586,-70.9352,,,,
WHOI,WHOI_MA-RI_202210_WE16,GLIDER_TRACK,2022-12-03T12:27:05Z,41.1578,-70.9315,,,,
WHOI,WHOI_MA-RI_202210_WE16,GLIDER_TRACK,2022-12-03T13:12:05Z,41.1479,-70.9266,,,,
WHOI,WHOI_MA-RI_202210_WE16,GLIDER_TRACK,2022-12-03T14:12:05Z,41.1348,-70.9201,,,,
WHOI,WHOI_MA-RI_202210_WE16,GLIDER_TRACK,2022-12-03T15:12:05Z,41.1268,-70.9167,,,,
WHOI,WHOI_MA-RI_202210_WE16,GLIDER_TRACK,2022-12-03T16:12:05Z,41.1141,-70.9165,,,,
WHOI,WHOI_MA-RI_202210_WE16,GLIDER_TRACK,2022-12-03T16:27:05Z,41.1116,-70.9164,,,,
WHOI,WHOI_MA-RI_202210_WE16,GLIDER_TRACK,2022-12-03T17:12:05Z,41.1083,-70.9176,,,,
WHOI,WHOI_MA-RI_202210_WE16,GLIDER_TRACK,2022-12-03T17:27:05Z,41.1061,-70.9184,,,,
WHOI,WHOI_MA-RI_202210_WE16,GLIDER_TRACK,2022-12-03T18:12:05Z,41.1004,-70.9205,,,,
WHOI,WHOI_MA-RI_202210_WE16,GLIDER_TRACK,2022-12-03T18:27:05Z,41.099,-70.921,,,,
WHOI,WHOI_MA-RI_202210_WE16,GLIDER_TRACK,2022-12-03T19:01:34Z,41.0961,-70.9222,,,,
WHOI,WHOI_MA-RI_202210_WE16,GLIDER_TRACK,2022-12-03T19:27:05Z,41.1,-70.9214,,,,
WHOI,WHOI_MA-RI_202210_WE16,GLIDER_TRACK,2022-12-03T19:42:05Z,41.0991,-70.9208,,,,
WHOI,WHOI_MA-RI_202210_WE16,GLIDER_TRACK,2022-12-03T20:12:05Z,41.097,-70.9192,,,,
WHOI,WHOI_MA-RI_202210_WE16,GLIDER_TRACK,2022-12-03T20:27:05Z,41.096,-70.9184,,,,
WHOI,WHOI_MA-RI_202210_WE16,GLIDER_TRACK,2022-12-03T21:12:05Z,41.0928,-70.9161,,,,
WHOI,WHOI_MA-RI_202210_WE16,GLIDER_TRACK,2022-12-03T21:27:05Z,41.0917,-70.9153,,,,
WHOI,WHOI_MA-RI_202210_WE16,GLIDER_TRACK,2022-12-03T22:12:05Z,41.0921,-70.9082,,,,
WHOI,WHOI_MA-RI_202210_WE16,GLIDER_TRACK,2022-12-03T22:27:05Z,41.0902,-70.9055,,,,
WHOI,WHOI_MA-RI_202210_WE16,GLIDER_TRACK,2022-12-03T23:12:05Z,41.084,-70.8982,,,,
WHOI,WHOI_MA-RI_202210_WE16,GLIDER_TRACK,2022-12-03T23:27:05Z,41.0817,-70.8953,,,,
WHOI,WHOI_MA-RI_202210_WE16,GLIDER_TRACK,2022-12-04T00:12:05Z,41.0768,-70.8868,,,,
WHOI,WHOI_MA-RI_202210_WE16,GLIDER_TRACK,2022-12-04T00:27:05Z,41.0739,-70.8844,,,,
WHOI,WHOI_MA-RI_202210_WE16,GLIDER_TRACK,2022-12-04T01:12:05Z,41.0653,-70.8775,,,,
WHOI,WHOI_MA-RI_202210_WE16,GLIDER_TRACK,2022-12-04T01:27:05Z,41.0629,-70.8768,,,,
WHOI,WHOI_MA-RI_202210_WE16,GLIDER_TRACK,2022-12-04T02:01:16Z,41.0581,-70.8754,,,,
WHOI,WHOI_MA-RI_202210_WE16,GLIDER_TRACK,2022-12-04T02:42:05Z,41.0552,-70.8694,,,,
WHOI,WHOI_MA-RI_202210_WE16,GLIDER_TRACK,2022-12-04T02:57:05Z,41.0527,-70.8703,,,,
WHOI,WHOI_MA-RI_202210_WE16,GLIDER_TRACK,2022-12-04T03:12:05Z,41.0501,-70.8711,,,,
WHOI,WHOI_MA-RI_202210_WE16,GLIDER_TRACK,2022-12-04T03:27:05Z,41.0476,-70.8719,,,,
WHOI,WHOI_MA-RI_202210_WE16,GLIDER_TRACK,2022-12-04T04:12:05Z,41.0401,-70.8743,,,,
WHOI,WHOI_MA-RI_202210_WE16,GLIDER_TRACK,2022-12-04T05:12:05Z,41.032,-70.8768,,,,
WHOI,WHOI_MA-RI_202210_WE16,GLIDER_TRACK,2022-12-04T06:12:05Z,41.0262,-70.8832,,,,
WHOI,WHOI_MA-RI_202210_WE16,GLIDER_TRACK,2022-12-04T06:27:05Z,41.0247,-70.8849,,,,
WHOI,WHOI_MA-RI_202210_WE16,GLIDER_TRACK,2022-12-04T07:27:05Z,41.021,-70.8878,,,,
WHOI,WHOI_MA-RI_202210_WE16,GLIDER_TRACK,2022-12-04T07:42:05Z,41.0206,-70.8886,,,,
WHOI,WHOI_MA-RI_202210_WE16,GLIDER_TRACK,2022-12-04T08:12:05Z,41.0191,-70.8901,,,,
WHOI,WHOI_MA-RI_202210_WE16,GLIDER_TRACK,2022-12-04T08:27:05Z,41.0184,-70.8908,,,,
WHOI,WHOI_MA-RI_202210_WE16,GLIDER_TRACK,2022-12-04T09:12:05Z,41.0162,-70.8931,,,,
WHOI,WHOI_MA-RI_202210_WE16,GLIDER_TRACK,2022-12-04T09:21:00Z,41.0158,-70.8934,,,,
WHOI,WHOI_MA-RI_202210_WE16,GLIDER_TRACK,2022-12-04T10:12:05Z,41.0135,-70.889,,,,
WHOI,WHOI_MA-RI_202210_WE16,GLIDER_TRACK,2022-12-04T10:27:05Z,41.0124,-70.8884,,,,
WHOI,WHOI_MA-RI_202210_WE16,GLIDER_TRACK,2022-12-04T11:12:05Z,41.0089,-70.8865,,,,
WHOI,WHOI_MA-RI_202210_WE16,GLIDER_TRACK,2022-12-04T12:12:05Z,41.0042,-70.881,,,,
WHOI,WHOI_MA-RI_202210_WE16,GLIDER_TRACK,2022-12-04T12:27:05Z,41.0026,-70.8808,,,,
WHOI,WHOI_MA-RI_202210_WE16,GLIDER_TRACK,2022-12-04T13:12:05Z,40.9978,-70.8803,,,,
WHOI,WHOI_MA-RI_202210_WE16,GLIDER_TRACK,2022-12-04T14:05:53Z,40.9919,-70.8797,,,,
WHOI,WHOI_MA-RI_202210_WE16,GLIDER_TRACK,2022-12-04T14:27:05Z,40.99,-70.8772,,,,
WHOI,WHOI_MA-RI_202210_WE16,GLIDER_TRACK,2022-12-04T14:42:05Z,40.989,-70.8789,,,,
WHOI,WHOI_MA-RI_202210_WE16,GLIDER_TRACK,2022-12-04T15:12:05Z,40.9868,-70.8826,,,,
WHOI,WHOI_MA-RI_202210_WE16,GLIDER_TRACK,2022-12-04T16:12:05Z,40.9825,-70.8899,,,,
WHOI,WHOI_MA-RI_202210_WE16,GLIDER_TRACK,2022-12-04T17:12:05Z,40.9798,-70.8971,,,,
WHOI,WHOI_MA-RI_202210_WE16,GLIDER_TRACK,2022-12-04T18:12:05Z,40.9787,-70.9087,,,,
WHOI,WHOI_MA-RI_202210_WE16,GLIDER_TRACK,2022-12-04T18:27:05Z,40.9784,-70.9116,,,,
WHOI,WHOI_MA-RI_202210_WE16,GLIDER_TRACK,2022-12-04T19:12:05Z,40.979,-70.9149,,,,
WHOI,WHOI_MA-RI_202210_WE16,GLIDER_TRACK,2022-12-04T19:27:05Z,40.9799,-70.9149,,,,
WHOI,WHOI_MA-RI_202210_WE16,GLIDER_TRACK,2022-12-04T20:12:05Z,40.9824,-70.9152,,,,
WHOI,WHOI_MA-RI_202210_WE16,GLIDER_TRACK,2022-12-04T21:27:05Z,40.9853,-70.9143,,,,
WHOI,WHOI_MA-RI_202210_WE16,GLIDER_TRACK,2022-12-04T21:42:05Z,40.9856,-70.911,,,,
WHOI,WHOI_MA-RI_202210_WE16,GLIDER_TRACK,2022-12-04T22:12:05Z,40.9862,-70.9045,,,,
WHOI,WHOI_MA-RI_202210_WE16,GLIDER_TRACK,2022-12-04T23:12:05Z,40.9875,-70.8915,,,,
WHOI,WHOI_MA-RI_202210_WE16,GLIDER_TRACK,2022-12-04T23:23:48Z,40.9877,-70.889,,,,
WHOI,WHOI_MA-RI_202210_WE16,GLIDER_TRACK,2022-12-05T00:12:05Z,40.9902,-70.884,,,,
WHOI,WHOI_MA-RI_202210_WE16,GLIDER_TRACK,2022-12-05T00:27:05Z,40.9919,-70.8822,,,,
WHOI,WHOI_MA-RI_202210_WE16,GLIDER_TRACK,2022-12-05T01:12:05Z,40.9972,-70.8771,,,,
WHOI,WHOI_MA-RI_202210_WE16,GLIDER_TRACK,2022-12-05T02:12:05Z,41,-70.8715,,,,
WHOI,WHOI_MA-RI_202210_WE16,GLIDER_TRACK,2022-12-05T02:27:05Z,41.0014,-70.8712,,,,
WHOI,WHOI_MA-RI_202210_WE16,GLIDER_TRACK,2022-12-05T02:42:05Z,41.0029,-70.8708,,,,
WHOI,WHOI_MA-RI_202210_WE16,GLIDER_TRACK,2022-12-05T03:12:05Z,41.0059,-70.8701,,,,
WHOI,WHOI_MA-RI_202210_WE16,GLIDER_TRACK,2022-12-05T03:27:05Z,41.0074,-70.8697,,,,
WHOI,WHOI_MA-RI_202210_WE16,GLIDER_TRACK,2022-12-05T04:08:49Z,41.0114,-70.8687,,,,
WHOI,WHOI_MA-RI_202210_WE16,GLIDER_TRACK,2022-12-05T04:42:05Z,41.0112,-70.869,,,,
WHOI,WHOI_MA-RI_202210_WE16,GLIDER_TRACK,2022-12-05T05:12:05Z,41.0147,-70.8708,,,,
WHOI,WHOI_MA-RI_202210_WE16,GLIDER_TRACK,2022-12-05T05:27:05Z,41.0164,-70.8716,,,,
WHOI,WHOI_MA-RI_202210_WE16,GLIDER_TRACK,2022-12-05T06:12:05Z,41.0216,-70.8742,,,,
WHOI,WHOI_MA-RI_202210_WE16,GLIDER_TRACK,2022-12-05T06:27:05Z,41.0234,-70.8751,,,,
WHOI,WHOI_MA-RI_202210_WE16,GLIDER_TRACK,2022-12-05T07:12:05Z,41.0266,-70.8777,,,,
WHOI,WHOI_MA-RI_202210_WE16,GLIDER_TRACK,2022-12-05T08:12:05Z,41.0369,-70.8813,,,,
WHOI,WHOI_MA-RI_202210_WE16,GLIDER_TRACK,2022-12-05T09:27:05Z,41.0476,-70.8851,,,,
WHOI,WHOI_MA-RI_202210_WE16,GLIDER_TRACK,2022-12-05T09:42:05Z,41.0506,-70.8851,,,,
WHOI,WHOI_MA-RI_202210_WE16,GLIDER_TRACK,2022-12-05T10:12:05Z,41.0567,-70.885,,,,
WHOI,WHOI_MA-RI_202210_WE16,GLIDER_TRACK,2022-12-05T10:27:05Z,41.0594,-70.8842,,,,
WHOI,WHOI_MA-RI_202210_WE16,GLIDER_TRACK,2022-12-05T11:12:05Z,41.0672,-70.8814,,,,
WHOI,WHOI_MA-RI_202210_WE16,GLIDER_TRACK,2022-12-05T12:12:05Z,41.073,-70.8765,,,,
WHOI,WHOI_MA-RI_202210_WE16,GLIDER_TRACK,2022-12-05T13:12:05Z,41.08,-70.8691,,,,
WHOI,WHOI_MA-RI_202210_WE16,GLIDER_TRACK,2022-12-05T14:12:05Z,41.0837,-70.8647,,,,
WHOI,WHOI_MA-RI_202210_WE16,GLIDER_TRACK,2022-12-05T15:12:05Z,41.0874,-70.8633,,,,
WHOI,WHOI_MA-RI_202210_WE16,GLIDER_TRACK,2022-12-05T15:58:02Z,41.0901,-70.8623,,,,
WHOI,WHOI_MA-RI_202210_WE16,GLIDER_TRACK,2022-12-05T16:27:05Z,41.0903,-70.8641,,,,
WHOI,WHOI_MA-RI_202210_WE16,GLIDER_TRACK,2022-12-05T16:42:05Z,41.0914,-70.8661,,,,
WHOI,WHOI_MA-RI_202210_WE16,GLIDER_TRACK,2022-12-05T17:12:05Z,41.0937,-70.8702,,,,
WHOI,WHOI_MA-RI_202210_WE16,GLIDER_TRACK,2022-12-05T18:12:05Z,41.0982,-70.8782,,,,
WHOI,WHOI_MA-RI_202210_WE16,GLIDER_TRACK,2022-12-05T19:12:05Z,41.1045,-70.8876,,,,
WHOI,WHOI_MA-RI_202210_WE16,GLIDER_TRACK,2022-12-05T20:12:05Z,41.1146,-70.8982,,,,
WHOI,WHOI_MA-RI_202210_WE16,GLIDER_TRACK,2022-12-05T21:12:05Z,41.1246,-70.906,,,,
WHOI,WHOI_MA-RI_202210_WE16,GLIDER_TRACK,2022-12-05T22:12:05Z,41.1386,-70.908,,,,
WHOI,WHOI_MA-RI_202210_WE16,GLIDER_TRACK,2022-12-05T22:27:05Z,41.1421,-70.9085,,,,
WHOI,WHOI_MA-RI_202210_WE16,GLIDER_TRACK,2022-12-05T23:27:05Z,41.1524,-70.909,,,,
WHOI,WHOI_MA-RI_202210_WE16,GLIDER_TRACK,2022-12-06T00:12:05Z,41.1564,-70.9011,,,,
WHOI,WHOI_MA-RI_202210_WE16,GLIDER_TRACK,2022-12-06T00:27:05Z,41.1577,-70.8985,,,,
WHOI,WHOI_MA-RI_202210_WE16,GLIDER_TRACK,2022-12-06T01:12:05Z,41.1618,-70.8906,,,,
WHOI,WHOI_MA-RI_202210_WE16,GLIDER_TRACK,2022-12-06T01:15:58Z,41.1618,-70.8906,,,,
WHOI,WHOI_MA-RI_202210_WE16,GLIDER_TRACK,2022-12-06T02:12:05Z,41.1613,-70.8823,,,,
WHOI,WHOI_MA-RI_202210_WE16,GLIDER_TRACK,2022-12-06T02:27:05Z,41.1607,-70.8791,,,,
WHOI,WHOI_MA-RI_202210_WE16,GLIDER_TRACK,2022-12-06T03:12:05Z,41.1587,-70.8696,,,,
WHOI,WHOI_MA-RI_202210_WE16,GLIDER_TRACK,2022-12-06T03:27:05Z,41.158,-70.8665,,,,
WHOI,WHOI_MA-RI_202210_WE16,GLIDER_TRACK,2022-12-06T04:12:05Z,41.1575,-70.8647,,,,
WHOI,WHOI_MA-RI_202210_WE16,GLIDER_TRACK,2022-12-06T05:12:05Z,41.1564,-70.8585,,,,
WHOI,WHOI_MA-RI_202210_WE16,GLIDER_TRACK,2022-12-06T05:27:05Z,41.1561,-70.8569,,,,
WHOI,WHOI_MA-RI_202210_WE16,GLIDER_TRACK,2022-12-06T06:27:05Z,41.156,-70.8575,,,,
WHOI,WHOI_MA-RI_202210_WE16,GLIDER_TRACK,2022-12-06T07:12:05Z,41.1551,-70.859,,,,
WHOI,WHOI_MA-RI_202210_WE16,GLIDER_TRACK,2022-12-06T07:27:05Z,41.1548,-70.8594,,,,
WHOI,WHOI_MA-RI_202210_WE16,GLIDER_TRACK,2022-12-06T08:11:40Z,41.154,-70.8609,,,,
WHOI,WHOI_MA-RI_202210_WE16,GLIDER_TRACK,2022-12-06T08:42:05Z,41.1556,-70.8653,,,,
WHOI,WHOI_MA-RI_202210_WE16,GLIDER_TRACK,2022-12-06T09:12:05Z,41.1542,-70.8665,,,,
WHOI,WHOI_MA-RI_202210_WE16,GLIDER_TRACK,2022-12-06T09:27:05Z,41.1535,-70.8671,,,,
WHOI,WHOI_MA-RI_202210_WE16,GLIDER_TRACK,2022-12-06T10:12:05Z,41.1515,-70.8689,,,,
WHOI,WHOI_MA-RI_202210_WE16,GLIDER_TRACK,2022-12-06T11:12:05Z,41.1526,-70.8706,,,,
WHOI,WHOI_MA-RI_202210_WE16,GLIDER_TRACK,2022-12-06T12:12:05Z,41.1471,-70.8651,,,,
WHOI,WHOI_MA-RI_202210_WE16,GLIDER_TRACK,2022-12-06T12:58:46Z,41.143,-70.861,,,,
WHOI,WHOI_MA-RI_202210_WE16,GLIDER_TRACK,2022-12-06T13:27:05Z,41.1424,-70.8593,,,,
WHOI,WHOI_MA-RI_202210_WE16,GLIDER_TRACK,2022-12-06T13:42:05Z,41.1398,-70.8573,,,,
WHOI,WHOI_MA-RI_202210_WE16,GLIDER_TRACK,2022-12-06T14:12:05Z,41.1347,-70.8533,,,,
WHOI,WHOI_MA-RI_202210_WE16,GLIDER_TRACK,2022-12-06T14:27:05Z,41.1322,-70.8512,,,,
WHOI,WHOI_MA-RI_202210_WE16,GLIDER_TRACK,2022-12-06T15:12:05Z,41.1245,-70.8452,,,,
WHOI,WHOI_MA-RI_202210_WE16,GLIDER_TRACK,2022-12-06T15:18:16Z,41.1245,-70.8452,,,,
WHOI,WHOI_MA-RI_202210_WE16,GLIDER_TRACK,2022-12-06T16:12:05Z,41.1172,-70.8452,,,,
WHOI,WHOI_MA-RI_202210_WE16,GLIDER_TRACK,2022-12-06T16:27:05Z,41.1142,-70.8454,,,,
WHOI,WHOI_MA-RI_202210_WE16,GLIDER_TRACK,2022-12-06T17:12:05Z,41.1054,-70.8462,,,,
WHOI,WHOI_MA-RI_202210_WE16,GLIDER_TRACK,2022-12-06T17:27:05Z,41.1025,-70.8465,,,,
WHOI,WHOI_MA-RI_202210_WE16,GLIDER_TRACK,2022-12-06T18:12:05Z,41.0985,-70.8513,,,,
WHOI,WHOI_MA-RI_202210_WE16,GLIDER_TRACK,2022-12-06T18:27:05Z,41.0964,-70.8531,,,,
WHOI,WHOI_MA-RI_202210_WE16,GLIDER_TRACK,2022-12-06T19:12:05Z,41.0901,-70.8587,,,,
WHOI,WHOI_MA-RI_202210_WE16,GLIDER_TRACK,2022-12-06T19:27:05Z,41.088,-70.8605,,,,
WHOI,WHOI_MA-RI_202210_WE16,GLIDER_TRACK,2022-12-06T19:58:19Z,41.0839,-70.8643,,,,
WHOI,WHOI_MA-RI_202210_WE16,GLIDER_TRACK,2022-12-06T20:27:05Z,41.0848,-70.8698,,,,
WHOI,WHOI_MA-RI_202210_WE16,GLIDER_TRACK,2022-12-06T20:42:05Z,41.0842,-70.8716,,,,
WHOI,WHOI_MA-RI_202210_WE16,GLIDER_TRACK,2022-12-06T21:12:05Z,41.0829,-70.8751,,,,
WHOI,WHOI_MA-RI_202210_WE16,GLIDER_TRACK,2022-12-06T21:27:05Z,41.0823,-70.8769,,,,
WHOI,WHOI_MA-RI_202210_WE16,GLIDER_TRACK,2022-12-06T22:12:05Z,41.0804,-70.8822,,,,
WHOI,WHOI_MA-RI_202210_WE16,GLIDER_TRACK,2022-12-06T23:12:05Z,41.0815,-70.886,,,,
WHOI,WHOI_MA-RI_202210_WE16,GLIDER_TRACK,2022-12-06T23:27:05Z,41.0808,-70.8857,,,,
WHOI,WHOI_MA-RI_202210_WE16,GLIDER_TRACK,2022-12-07T00:12:05Z,41.0789,-70.885,,,,
WHOI,WHOI_MA-RI_202210_WE16,GLIDER_TRACK,2022-12-07T00:27:05Z,41.0783,-70.8847,,,,
WHOI,WHOI_MA-RI_202210_WE16,GLIDER_TRACK,2022-12-07T01:12:05Z,41.0777,-70.8854,,,,
WHOI,WHOI_MA-RI_202210_WE16,GLIDER_TRACK,2022-12-07T01:27:05Z,41.0761,-70.8841,,,,
WHOI,WHOI_MA-RI_202210_WE16,GLIDER_TRACK,2022-12-07T02:12:05Z,41.0714,-70.8803,,,,
WHOI,WHOI_MA-RI_202210_WE16,GLIDER_TRACK,2022-12-07T02:27:05Z,41.0698,-70.879,,,,
WHOI,WHOI_MA-RI_202210_WE16,GLIDER_TRACK,2022-12-07T02:59:43Z,41.0667,-70.8764,,,,
WHOI,WHOI_MA-RI_202210_WE16,GLIDER_TRACK,2022-12-07T03:27:05Z,41.0658,-70.8776,,,,
WHOI,WHOI_MA-RI_202210_WE16,GLIDER_TRACK,2022-12-07T03:42:05Z,41.0637,-70.8771,,,,
WHOI,WHOI_MA-RI_202210_WE16,GLIDER_TRACK,2022-12-07T04:12:05Z,41.0595,-70.876,,,,
WHOI,WHOI_MA-RI_202210_WE16,GLIDER_TRACK,2022-12-07T05:12:05Z,41.0517,-70.8744,,,,
WHOI,WHOI_MA-RI_202210_WE16,GLIDER_TRACK,2022-12-07T05:20:48Z,41.0503,-70.8757,,,,
WHOI,WHOI_MA-RI_202210_WE16,GLIDER_TRACK,2022-12-07T06:12:05Z,41.0463,-70.8798,,,,
WHOI,WHOI_MA-RI_202210_WE16,GLIDER_TRACK,2022-12-07T06:27:05Z,41.0443,-70.8804,,,,
WHOI,WHOI_MA-RI_202210_WE16,GLIDER_TRACK,2022-12-07T07:12:05Z,41.0393,-70.8811,,,,
WHOI,WHOI_MA-RI_202210_WE16,GLIDER_TRACK,2022-12-07T07:27:05Z,41.0377,-70.8814,,,,
WHOI,WHOI_MA-RI_202210_WE16,GLIDER_TRACK,2022-12-07T08:12:05Z,41.0372,-70.8853,,,,
WHOI,WHOI_MA-RI_202210_WE16,GLIDER_TRACK,2022-12-07T08:27:05Z,41.0361,-70.8856,,,,
WHOI,WHOI_MA-RI_202210_WE16,GLIDER_TRACK,2022-12-07T09:12:05Z,41.033,-70.8861,,,,
WHOI,WHOI_MA-RI_202210_WE16,GLIDER_TRACK,2022-12-07T10:03:44Z,41.0315,-70.8863,,,,
WHOI,WHOI_MA-RI_202210_WE16,GLIDER_TRACK,2022-12-07T10:27:05Z,41.0335,-70.888,,,,
WHOI,WHOI_MA-RI_202210_WE16,GLIDER_TRACK,2022-12-07T10:42:05Z,41.0329,-70.8867,,,,
WHOI,WHOI_MA-RI_202210_WE16,GLIDER_TRACK,2022-12-07T11:12:05Z,41.0316,-70.8841,,,,
WHOI,WHOI_MA-RI_202210_WE16,GLIDER_TRACK,2022-12-07T11:27:05Z,41.031,-70.8828,,,,
WHOI,WHOI_MA-RI_202210_WE16,GLIDER_TRACK,2022-12-07T12:12:05Z,41.0291,-70.8788,,,,
WHOI,WHOI_MA-RI_202210_WE16,GLIDER_TRACK,2022-12-07T12:26:27Z,41.0286,-70.8776,,,,
WHOI,WHOI_MA-RI_202210_WE16,GLIDER_TRACK,2022-12-07T13:12:05Z,41.0289,-70.874,,,,
WHOI,WHOI_MA-RI_202210_WE16,GLIDER_TRACK,2022-12-07T14:12:05Z,41.0223,-70.8629,,,,
WHOI,WHOI_MA-RI_202210_WE16,GLIDER_TRACK,2022-12-07T15:12:05Z,41.0183,-70.8556,,,,
WHOI,WHOI_MA-RI_202210_WE16,GLIDER_TRACK,2022-12-07T15:27:05Z,41.0158,-70.854,,,,
WHOI,WHOI_MA-RI_202210_WE16,GLIDER_TRACK,2022-12-07T16:12:05Z,41.0082,-70.8492,,,,
WHOI,WHOI_MA-RI_202210_WE16,GLIDER_TRACK,2022-12-07T17:06:43Z,40.9991,-70.8434,,,,
WHOI,WHOI_MA-RI_202210_WE16,GLIDER_TRACK,2022-12-07T17:27:05Z,40.9994,-70.8441,,,,
WHOI,WHOI_MA-RI_202210_WE16,GLIDER_TRACK,2022-12-07T17:42:05Z,40.996,-70.8438,,,,
WHOI,WHOI_MA-RI_202210_WE16,GLIDER_TRACK,2022-12-07T18:12:05Z,40.9924,-70.8431,,,,
WHOI,WHOI_MA-RI_202210_WE16,GLIDER_TRACK,2022-12-07T18:27:05Z,40.9906,-70.8425,,,,
WHOI,WHOI_MA-RI_202210_WE16,GLIDER_TRACK,2022-12-07T19:12:05Z,40.9853,-70.8408,,,,
WHOI,WHOI_MA-RI_202210_WE16,GLIDER_TRACK,2022-12-07T20:12:05Z,40.9841,-70.8408,,,,
WHOI,WHOI_MA-RI_202210_WE16,GLIDER_TRACK,2022-12-07T20:27:05Z,40.9839,-70.8401,,,,
WHOI,WHOI_MA-RI_202210_WE16,GLIDER_TRACK,2022-12-07T21:12:05Z,40.9846,-70.8383,,,,
WHOI,WHOI_MA-RI_202210_WE16,GLIDER_TRACK,2022-12-07T22:12:05Z,40.9878,-70.8384,,,,
WHOI,WHOI_MA-RI_202210_WE16,GLIDER_TRACK,2022-12-07T22:27:05Z,40.9884,-70.837,,,,
WHOI,WHOI_MA-RI_202210_WE16,GLIDER_TRACK,2022-12-07T23:12:05Z,40.9903,-70.8319,,,,
WHOI,WHOI_MA-RI_202210_WE16,GLIDER_TRACK,2022-12-07T23:27:05Z,40.991,-70.8302,,,,
WHOI,WHOI_MA-RI_202210_WE16,GLIDER_TRACK,2022-12-08T00:11:47Z,40.9929,-70.8252,,,,
WHOI,WHOI_MA-RI_202210_WE16,GLIDER_TRACK,2022-12-08T00:42:05Z,40.9947,-70.8228,,,,
WHOI,WHOI_MA-RI_202210_WE16,GLIDER_TRACK,2022-12-08T01:12:05Z,40.9944,-70.8168,,,,
WHOI,WHOI_MA-RI_202210_WE16,GLIDER_TRACK,2022-12-08T01:27:05Z,40.9943,-70.8138,,,,
WHOI,WHOI_MA-RI_202210_WE16,GLIDER_TRACK,2022-12-08T02:12:05Z,40.9932,-70.8054,,,,
WHOI,WHOI_MA-RI_202210_WE16,GLIDER_TRACK,2022-12-08T03:12:05Z,40.9929,-70.7959,,,,
WHOI,WHOI_MA-RI_202210_WE16,GLIDER_TRACK,2022-12-08T03:27:05Z,40.9935,-70.7946,,,,
WHOI,WHOI_MA-RI_202210_WE16,GLIDER_TRACK,2022-12-08T04:12:05Z,40.9953,-70.7907,,,,
WHOI,WHOI_MA-RI_202210_WE16,GLIDER_TRACK,2022-12-08T05:27:05Z,40.9967,-70.7847,,,,
WHOI,WHOI_MA-RI_202210_WE16,GLIDER_TRACK,2022-12-08T06:12:05Z,41.0005,-70.7855,,,,
WHOI,WHOI_MA-RI_202210_WE16,GLIDER_TRACK,2022-12-08T07:12:05Z,41.0057,-70.7864,,,,
WHOI,WHOI_MA-RI_202210_WE16,GLIDER_TRACK,2022-12-08T07:17:15Z,41.0057,-70.7864,,,,
WHOI,WHOI_MA-RI_202210_WE16,GLIDER_TRACK,2022-12-08T08:12:05Z,41.0102,-70.7877,,,,
WHOI,WHOI_MA-RI_202210_WE16,GLIDER_TRACK,2022-12-08T09:12:05Z,41.0175,-70.7905,,,,
WHOI,WHOI_MA-RI_202210_WE16,GLIDER_TRACK,2022-12-08T09:27:05Z,41.0193,-70.7912,,,,
WHOI,WHOI_MA-RI_202210_WE16,GLIDER_TRACK,2022-12-08T10:12:05Z,41.0207,-70.7909,,,,
WHOI,WHOI_MA-RI_202210_WE16,GLIDER_TRACK,2022-12-08T10:27:05Z,41.0233,-70.7908,,,,
WHOI,WHOI_MA-RI_202210_WE16,GLIDER_TRACK,2022-12-08T11:12:05Z,41.031,-70.7904,,,,
WHOI,WHOI_MA-RI_202210_WE16,GLIDER_TRACK,2022-12-08T12:02:03Z,41.038,-70.79,,,,
WHOI,WHOI_MA-RI_202210_WE16,GLIDER_TRACK,2022-12-08T12:27:05Z,41.039,-70.789,,,,
WHOI,WHOI_MA-RI_202210_WE16,GLIDER_TRACK,2022-12-08T12:42:05Z,41.0412,-70.7876,,,,
WHOI,WHOI_MA-RI_202210_WE16,GLIDER_TRACK,2022-12-08T13:12:05Z,41.0455,-70.7848,,,,
WHOI,WHOI_MA-RI_202210_WE16,GLIDER_TRACK,2022-12-08T14:12:05Z,41.0542,-70.7792,,,,
WHOI,WHOI_MA-RI_202210_WE16,GLIDER_TRACK,2022-12-08T15:12:05Z,41.0562,-70.7731,,,,
WHOI,WHOI_MA-RI_202210_WE16,GLIDER_TRACK,2022-12-08T15:27:05Z,41.0576,-70.7713,,,,
WHOI,WHOI_MA-RI_202210_WE16,GLIDER_TRACK,2022-12-08T16:12:05Z,41.0618,-70.7662,,,,
WHOI,WHOI_MA-RI_202210_WE16,GLIDER_TRACK,2022-12-08T16:27:05Z,41.0629,-70.7653,,,,
WHOI,WHOI_MA-RI_202210_WE16,GLIDER_TRACK,2022-12-08T17:12:05Z,41.0622,-70.763,,,,
WHOI,WHOI_MA-RI_202210_WE16,GLIDER_TRACK,2022-12-08T17:27:05Z,41.063,-70.7634,,,,
WHOI,WHOI_MA-RI_202210_WE16,GLIDER_TRACK,2022-12-08T18:12:05Z,41.0657,-70.7647,,,,
WHOI,WHOI_MA-RI_202210_WE16,GLIDER_TRACK,2022-12-08T19:11:35Z,41.0692,-70.7696,,,,
WHOI,WHOI_MA-RI_202210_WE16,GLIDER_TRACK,2022-12-08T19:27:05Z,41.0684,-70.771,,,,
WHOI,WHOI_MA-RI_202210_WE16,GLIDER_TRACK,2022-12-08T20:12:05Z,41.0718,-70.7771,,,,
WHOI,WHOI_MA-RI_202210_WE16,GLIDER_TRACK,2022-12-08T20:27:05Z,41.073,-70.7791,,,,
WHOI,WHOI_MA-RI_202210_WE16,GLIDER_TRACK,2022-12-08T21:12:05Z,41.0772,-70.7859,,,,
WHOI,WHOI_MA-RI_202210_WE16,GLIDER_TRACK,2022-12-08T21:19:08Z,41.0778,-70.7871,,,,
WHOI,WHOI_MA-RI_202210_WE16,GLIDER_TRACK,2022-12-08T21:57:05Z,41.0766,-70.7913,,,,
WHOI,WHOI_MA-RI_202210_WE16,GLIDER_TRACK,2022-12-08T22:12:05Z,41.0788,-70.7936,,,,
WHOI,WHOI_MA-RI_202210_WE16,GLIDER_TRACK,2022-12-08T22:27:05Z,41.0811,-70.796,,,,
WHOI,WHOI_MA-RI_202210_WE16,GLIDER_TRACK,2022-12-08T23:12:05Z,41.0876,-70.802,,,,
WHOI,WHOI_MA-RI_202210_WE16,GLIDER_TRACK,2022-12-08T23:27:05Z,41.0905,-70.8039,,,,
WHOI,WHOI_MA-RI_202210_WE16,GLIDER_TRACK,2022-12-09T00:12:05Z,41.0965,-70.8089,,,,
WHOI,WHOI_MA-RI_202210_WE16,GLIDER_TRACK,2022-12-09T00:27:05Z,41.099,-70.8094,,,,
WHOI,WHOI_MA-RI_202210_WE16,GLIDER_TRACK,2022-12-09T01:12:05Z,41.1064,-70.8107,,,,
WHOI,WHOI_MA-RI_202210_WE16,GLIDER_TRACK,2022-12-09T01:27:05Z,41.1089,-70.8112,,,,
WHOI,WHOI_MA-RI_202210_WE16,GLIDER_TRACK,2022-12-09T01:57:21Z,41.1138,-70.8121,,,,
WHOI,WHOI_MA-RI_202210_WE16,GLIDER_TRACK,2022-12-09T02:42:05Z,41.1141,-70.8111,,,,
WHOI,WHOI_MA-RI_202210_WE16,GLIDER_TRACK,2022-12-09T02:57:05Z,41.1162,-70.8096,,,,
WHOI,WHOI_MA-RI_202210_WE16,GLIDER_TRACK,2022-12-09T03:12:05Z,41.1176,-70.8085,,,,
WHOI,WHOI_MA-RI_202210_WE16,GLIDER_TRACK,2022-12-09T03:27:05Z,41.1195,-70.8073,,,,
WHOI,WHOI_MA-RI_202210_WE16,GLIDER_TRACK,2022-12-09T04:12:05Z,41.1252,-70.8034,,,,
WHOI,WHOI_MA-RI_202210_WE16,GLIDER_TRACK,2022-12-09T04:27:05Z,41.1271,-70.8021,,,,
WHOI,WHOI_MA-RI_202210_WE16,GLIDER_TRACK,2022-12-09T05:12:05Z,41.1277,-70.8002,,,,
WHOI,WHOI_MA-RI_202210_WE16,GLIDER_TRACK,2022-12-09T06:12:05Z,41.1335,-70.7997,,,,
WHOI,WHOI_MA-RI_202210_WE16,GLIDER_TRACK,2022-12-09T07:27:05Z,41.1375,-70.8008,,,,
WHOI,WHOI_MA-RI_202210_WE16,GLIDER_TRACK,2022-12-09T08:12:05Z,41.1425,-70.8022,,,,
WHOI,WHOI_MA-RI_202210_WE16,GLIDER_TRACK,2022-12-09T09:12:05Z,41.1494,-70.8036,,,,
WHOI,WHOI_MA-RI_202210_WE16,GLIDER_TRACK,2022-12-09T10:12:05Z,41.1529,-70.8049,,,,
WHOI,WHOI_MA-RI_202210_WE16,GLIDER_TRACK,2022-12-09T11:12:05Z,41.1589,-70.7993,,,,
WHOI,WHOI_MA-RI_202210_WE16,GLIDER_TRACK,2022-12-09T12:12:05Z,41.1622,-70.7927,,,,
WHOI,WHOI_MA-RI_202210_WE16,GLIDER_TRACK,2022-12-09T13:12:05Z,41.1656,-70.7806,,,,
WHOI,WHOI_MA-RI_202210_WE16,GLIDER_TRACK,2022-12-09T14:12:05Z,41.1658,-70.7709,,,,
WHOI,WHOI_MA-RI_202210_WE16,GLIDER_TRACK,2022-12-09T14:27:05Z,41.1652,-70.7673,,,,
WHOI,WHOI_MA-RI_202210_WE16,GLIDER_TRACK,2022-12-09T14:42:05Z,41.1644,-70.7631,,,,
WHOI,WHOI_MA-RI_202210_WE16,GLIDER_TRACK,2022-12-09T14:57:05Z,41.1637,-70.759,,,,
WHOI,WHOI_MA-RI_202210_WE16,GLIDER_TRACK,2022-12-09T15:12:05Z,41.163,-70.7549,,,,
WHOI,WHOI_MA-RI_202210_WE16,GLIDER_TRACK,2022-12-09T15:27:05Z,41.1622,-70.7507,,,,
WHOI,WHOI_MA-RI_202210_WE16,GLIDER_TRACK,2022-12-09T15:42:05Z,41.1615,-70.7466,,,,
WHOI,WHOI_MA-RI_202210_WE16,GLIDER_TRACK,2022-12-09T16:12:05Z,41.16,-70.7383,,,,
WHOI,WHOI_MA-RI_202210_WE16,GLIDER_TRACK,2022-12-09T16:12:19Z,41.16,-70.7383,,,,
WHOI,WHOI_MA-RI_202210_WE16,GLIDER_TRACK,2022-12-09T16:42:05Z,41.1571,-70.7363,,,,
WHOI,WHOI_MA-RI_202210_WE16,GLIDER_TRACK,2022-12-09T16:57:05Z,41.1547,-70.7357,,,,
WHOI,WHOI_MA-RI_202210_WE16,GLIDER_TRACK,2022-12-09T17:12:05Z,41.1524,-70.7351,,,,
WHOI,WHOI_MA-RI_202210_WE16,GLIDER_TRACK,2022-12-09T17:27:05Z,41.15,-70.7345,,,,
WHOI,WHOI_MA-RI_202210_WE16,GLIDER_TRACK,2022-12-09T17:42:05Z,41.1476,-70.7338,,,,
WHOI,WHOI_MA-RI_202210_WE16,GLIDER_TRACK,2022-12-09T17:57:05Z,41.1453,-70.7332,,,,
WHOI,WHOI_MA-RI_202210_WE16,GLIDER_TRACK,2022-12-09T18:12:05Z,41.1429,-70.7326,,,,
WHOI,WHOI_MA-RI_202210_WE16,GLIDER_TRACK,2022-12-09T18:27:05Z,41.1405,-70.7319,,,,
WHOI,WHOI_MA-RI_202210_WE16,GLIDER_TRACK,2022-12-09T18:35:12Z,41.1391,-70.7318,,,,
WHOI,WHOI_MA-RI_202210_WE16,GLIDER_TRACK,2022-12-09T19:12:05Z,41.135,-70.7345,,,,
WHOI,WHOI_MA-RI_202210_WE16,GLIDER_TRACK,2022-12-09T19:27:05Z,41.1329,-70.736,,,,
WHOI,WHOI_MA-RI_202210_WE16,GLIDER_TRACK,2022-12-09T20:12:05Z,41.1265,-70.7407,,,,
WHOI,WHOI_MA-RI_202210_WE16,GLIDER_TRACK,2022-12-09T20:27:05Z,41.1243,-70.7422,,,,
WHOI,WHOI_MA-RI_202210_WE16,GLIDER_TRACK,2022-12-09T21:02:16Z,41.1201,-70.7453,,,,
WHOI,WHOI_MA-RI_202210_WE16,GLIDER_TRACK,2022-12-09T21:42:05Z,41.1161,-70.7513,,,,
WHOI,WHOI_MA-RI_202210_WE16,GLIDER_TRACK,2022-12-09T21:57:05Z,41.1149,-70.7533,,,,
WHOI,WHOI_MA-RI_202210_WE16,GLIDER_TRACK,2022-12-09T22:12:05Z,41.1136,-70.7553,,,,
WHOI,WHOI_MA-RI_202210_WE16,GLIDER_TRACK,2022-12-09T22:27:05Z,41.1124,-70.7573,,,,
WHOI,WHOI_MA-RI_202210_WE16,GLIDER_TRACK,2022-12-09T23:12:05Z,41.1087,-70.7633,,,,
WHOI,WHOI_MA-RI_202210_WE16,GLIDER_TRACK,2022-12-09T23:27:00Z,41.1075,-70.7652,,,,
WHOI,WHOI_MA-RI_202210_WE16,GLIDER_TRACK,2022-12-10T00:12:05Z,41.106,-70.7693,,,,
WHOI,WHOI_MA-RI_202210_WE16,GLIDER_TRACK,2022-12-10T00:27:05Z,41.1053,-70.7697,,,,
WHOI,WHOI_MA-RI_202210_WE16,GLIDER_TRACK,2022-12-10T01:12:05Z,41.1033,-70.7706,,,,
WHOI,WHOI_MA-RI_202210_WE16,GLIDER_TRACK,2022-12-10T01:27:05Z,41.1026,-70.771,,,,
WHOI,WHOI_MA-RI_202210_WE16,GLIDER_TRACK,2022-12-10T02:27:05Z,41.1003,-70.7717,,,,
WHOI,WHOI_MA-RI_202210_WE16,GLIDER_TRACK,2022-12-10T02:42:05Z,41.099,-70.7707,,,,
WHOI,WHOI_MA-RI_202210_WE16,GLIDER_TRACK,2022-12-10T03:12:05Z,41.0966,-70.7686,,,,
WHOI,WHOI_MA-RI_202210_WE16,GLIDER_TRACK,2022-12-10T03:27:05Z,41.0954,-70.7675,,,,
WHOI,WHOI_MA-RI_202210_WE16,GLIDER_TRACK,2022-12-10T04:12:05Z,41.0917,-70.7644,,,,
WHOI,WHOI_MA-RI_202210_WE16,GLIDER_TRACK,2022-12-10T04:15:01Z,41.0917,-70.7644,,,,
WHOI,WHOI_MA-RI_202210_WE16,GLIDER_TRACK,2022-12-10T04:57:05Z,41.0881,-70.7651,,,,
WHOI,WHOI_MA-RI_202210_WE16,GLIDER_TRACK,2022-12-10T05:12:05Z,41.0863,-70.7648,,,,
WHOI,WHOI_MA-RI_202210_WE16,GLIDER_TRACK,2022-12-10T05:27:05Z,41.0846,-70.7645,,,,
WHOI,WHOI_MA-RI_202210_WE16,GLIDER_TRACK,2022-12-10T06:12:05Z,41.0794,-70.7636,,,,
WHOI,WHOI_MA-RI_202210_WE16,GLIDER_TRACK,2022-12-10T06:27:05Z,41.0777,-70.7633,,,,
WHOI,WHOI_MA-RI_202210_WE16,GLIDER_TRACK,2022-12-10T07:12:05Z,41.0734,-70.7664,,,,
WHOI,WHOI_MA-RI_202210_WE16,GLIDER_TRACK,2022-12-10T07:27:05Z,41.0716,-70.7673,,,,
WHOI,WHOI_MA-RI_202210_WE16,GLIDER_TRACK,2022-12-10T08:12:05Z,41.0663,-70.7702,,,,
WHOI,WHOI_MA-RI_202210_WE16,GLIDER_TRACK,2022-12-10T08:27:05Z,41.0645,-70.7711,,,,
WHOI,WHOI_MA-RI_202210_WE16,GLIDER_TRACK,2022-12-10T09:00:16Z,41.061,-70.773,,,,
WHOI,WHOI_MA-RI_202210_WE16,GLIDER_TRACK,2022-12-10T09:27:05Z,41.0587,-70.7776,,,,
WHOI,WHOI_MA-RI_202210_WE16,GLIDER_TRACK,2022-12-10T09:42:05Z,41.0574,-70.7788,,,,
WHOI,WHOI_MA-RI_202210_WE16,GLIDER_TRACK,2022-12-10T10:12:05Z,41.0549,-70.7812,,,,
WHOI,WHOI_MA-RI_202210_WE16,GLIDER_TRACK,2022-12-10T10:27:05Z,41.0536,-70.7824,,,,
WHOI,WHOI_MA-RI_202210_WE16,GLIDER_TRACK,2022-12-10T11:12:05Z,41.0499,-70.7861,,,,
WHOI,WHOI_MA-RI_202210_WE16,GLIDER_TRACK,2022-12-10T11:20:07Z,41.0492,-70.7872,,,,
WHOI,WHOI_MA-RI_202210_WE16,GLIDER_TRACK,2022-12-10T12:12:05Z,41.0474,-70.7916,,,,
WHOI,WHOI_MA-RI_202210_WE16,GLIDER_TRACK,2022-12-10T12:27:05Z,41.0468,-70.7915,,,,
WHOI,WHOI_MA-RI_202210_WE16,GLIDER_TRACK,2022-12-10T13:12:05Z,41.0448,-70.7912,,,,
WHOI,WHOI_MA-RI_202210_WE16,GLIDER_TRACK,2022-12-10T13:27:05Z,41.0442,-70.7912,,,,
WHOI,WHOI_MA-RI_202210_WE16,GLIDER_TRACK,2022-12-10T14:12:05Z,41.0426,-70.7925,,,,
WHOI,WHOI_MA-RI_202210_WE16,GLIDER_TRACK,2022-12-10T14:27:05Z,41.0417,-70.791,,,,
WHOI,WHOI_MA-RI_202210_WE16,GLIDER_TRACK,2022-12-10T14:42:05Z,41.0406,-70.7894,,,,
WHOI,WHOI_MA-RI_202210_WE16,GLIDER_TRACK,2022-12-10T15:12:05Z,41.0383,-70.7863,,,,
WHOI,WHOI_MA-RI_202210_WE16,GLIDER_TRACK,2022-12-10T15:27:05Z,41.0372,-70.7847,,,,
WHOI,WHOI_MA-RI_202210_WE16,GLIDER_TRACK,2022-12-10T16:05:12Z,41.0343,-70.7809,,,,
WHOI,WHOI_MA-RI_202210_WE16,GLIDER_TRACK,2022-12-10T16:27:05Z,41.0325,-70.7805,,,,
WHOI,WHOI_MA-RI_202210_WE16,GLIDER_TRACK,2022-12-10T16:42:05Z,41.0306,-70.7794,,,,
WHOI,WHOI_MA-RI_202210_WE16,GLIDER_TRACK,2022-12-10T17:12:05Z,41.0268,-70.777,,,,
WHOI,WHOI_MA-RI_202210_WE16,GLIDER_TRACK,2022-12-10T17:27:05Z,41.0249,-70.7758,,,,
WHOI,WHOI_MA-RI_202210_WE16,GLIDER_TRACK,2022-12-10T18:12:05Z,41.0192,-70.7723,,,,
WHOI,WHOI_MA-RI_202210_WE16,GLIDER_TRACK,2022-12-10T19:12:05Z,41.0111,-70.7765,,,,
WHOI,WHOI_MA-RI_202210_WE16,GLIDER_TRACK,2022-12-10T19:27:05Z,41.0091,-70.7769,,,,
WHOI,WHOI_MA-RI_202210_WE16,GLIDER_TRACK,2022-12-10T20:12:05Z,41.003,-70.7779,,,,
WHOI,WHOI_MA-RI_202210_WE16,GLIDER_TRACK,2022-12-10T21:27:05Z,40.9948,-70.7844,,,,
WHOI,WHOI_MA-RI_202210_WE16,GLIDER_TRACK,2022-12-10T21:42:05Z,40.9941,-70.785,,,,
WHOI,WHOI_MA-RI_202210_WE16,GLIDER_TRACK,2022-12-10T22:12:05Z,40.9929,-70.7862,,,,
WHOI,WHOI_MA-RI_202210_WE16,GLIDER_TRACK,2022-12-10T22:27:05Z,40.9922,-70.7869,,,,
WHOI,WHOI_MA-RI_202210_WE16,GLIDER_TRACK,2022-12-10T23:12:05Z,40.9903,-70.7887,,,,
WHOI,WHOI_MA-RI_202210_WE16,GLIDER_TRACK,2022-12-11T00:12:05Z,40.989,-70.7951,,,,
WHOI,WHOI_MA-RI_202210_WE16,GLIDER_TRACK,2022-12-11T01:12:05Z,40.9908,-70.7944,,,,
WHOI,WHOI_MA-RI_202210_WE16,GLIDER_TRACK,2022-12-11T01:27:05Z,40.9911,-70.7941,,,,
WHOI,WHOI_MA-RI_202210_WE16,GLIDER_TRACK,2022-12-11T02:12:05Z,40.9905,-70.7985,,,,
WHOI,WHOI_MA-RI_202210_WE16,GLIDER_TRACK,2022-12-11T02:27:05Z,40.9908,-70.7967,,,,
WHOI,WHOI_MA-RI_202210_WE16,GLIDER_TRACK,2022-12-11T02:42:05Z,40.9911,-70.7949,,,,
WHOI,WHOI_MA-RI_202210_WE16,GLIDER_TRACK,2022-12-11T03:12:05Z,40.9916,-70.7914,,,,
WHOI,WHOI_MA-RI_202210_WE16,GLIDER_TRACK,2022-12-11T04:11:25Z,40.9927,-70.7844,,,,
WHOI,WHOI_MA-RI_202210_WE16,GLIDER_TRACK,2022-12-11T05:12:05Z,40.9901,-70.7805,,,,
WHOI,WHOI_MA-RI_202210_WE16,GLIDER_TRACK,2022-12-11T06:12:05Z,40.9874,-70.7711,,,,
WHOI,WHOI_MA-RI_202210_WE16,GLIDER_TRACK,2022-12-11T07:12:05Z,40.9842,-70.7686,,,,
WHOI,WHOI_MA-RI_202210_WE16,GLIDER_TRACK,2022-12-11T08:12:05Z,40.9824,-70.7627,,,,
WHOI,WHOI_MA-RI_202210_WE16,GLIDER_TRACK,2022-12-11T09:27:05Z,40.9795,-70.7625,,,,
WHOI,WHOI_MA-RI_202210_WE16,GLIDER_TRACK,2022-12-11T09:42:05Z,40.9796,-70.7614,,,,
WHOI,WHOI_MA-RI_202210_WE16,GLIDER_TRACK,2022-12-11T09:57:05Z,40.9798,-70.7604,,,,
WHOI,WHOI_MA-RI_202210_WE16,GLIDER_TRACK,2022-12-11T10:12:05Z,40.98,-70.7594,,,,
WHOI,WHOI_MA-RI_202210_WE16,GLIDER_TRACK,2022-12-11T10:27:05Z,40.9803,-70.7586,,,,
WHOI,WHOI_MA-RI_202210_WE16,GLIDER_TRACK,2022-12-11T11:12:05Z,40.9813,-70.756,,,,
WHOI,WHOI_MA-RI_202210_WE16,GLIDER_TRACK,2022-12-11T12:12:05Z,40.9821,-70.7569,,,,
WHOI,WHOI_MA-RI_202210_WE16,GLIDER_TRACK,2022-12-11T12:27:05Z,40.9828,-70.7556,,,,
WHOI,WHOI_MA-RI_202210_WE16,GLIDER_TRACK,2022-12-11T13:12:05Z,40.9852,-70.7505,,,,
WHOI,WHOI_MA-RI_202210_WE16,GLIDER_TRACK,2022-12-11T13:27:05Z,40.9862,-70.7484,,,,
WHOI,WHOI_MA-RI_202210_WE16,GLIDER_TRACK,2022-12-11T14:12:05Z,40.9869,-70.7462,,,,
WHOI,WHOI_MA-RI_202210_WE16,GLIDER_TRACK,2022-12-11T15:12:05Z,40.9883,-70.7336,,,,
WHOI,WHOI_MA-RI_202210_WE16,GLIDER_TRACK,2022-12-11T16:00:58Z,40.9894,-70.7242,,,,
WHOI,WHOI_MA-RI_202210_WE16,GLIDER_TRACK,2022-12-11T16:27:05Z,40.9886,-70.7225,,,,
WHOI,WHOI_MA-RI_202210_WE16,GLIDER_TRACK,2022-12-11T16:42:05Z,40.9886,-70.72,,,,
WHOI,WHOI_MA-RI_202210_WE16,GLIDER_TRACK,2022-12-11T17:12:05Z,40.9887,-70.7149,,,,
WHOI,WHOI_MA-RI_202210_WE16,GLIDER_TRACK,2022-12-11T17:27:05Z,40.9887,-70.7124,,,,
WHOI,WHOI_MA-RI_202210_WE16,GLIDER_TRACK,2022-12-11T18:12:05Z,40.9888,-70.7048,,,,
WHOI,WHOI_MA-RI_202210_WE16,GLIDER_TRACK,2022-12-11T19:12:05Z,40.9873,-70.7041,,,,
WHOI,WHOI_MA-RI_202210_WE16,GLIDER_TRACK,2022-12-11T20:12:05Z,40.9913,-70.7064,,,,
WHOI,WHOI_MA-RI_202210_WE16,GLIDER_TRACK,2022-12-11T21:27:05Z,40.9936,-70.7152,,,,
WHOI,WHOI_MA-RI_202210_WE16,GLIDER_TRACK,2022-12-11T22:12:05Z,40.9979,-70.7209,,,,
WHOI,WHOI_MA-RI_202210_WE16,GLIDER_TRACK,2022-12-11T23:12:05Z,41.0038,-70.7286,,,,
WHOI,WHOI_MA-RI_202210_WE16,GLIDER_TRACK,2022-12-12T00:12:05Z,41.0072,-70.7375,,,,
WHOI,WHOI_MA-RI_202210_WE16,GLIDER_TRACK,2022-12-12T00:27:05Z,41.0095,-70.7388,,,,
WHOI,WHOI_MA-RI_202210_WE16,GLIDER_TRACK,2022-12-12T01:12:05Z,41.0164,-70.7429,,,,
WHOI,WHOI_MA-RI_202210_WE16,GLIDER_TRACK,2022-12-12T02:12:05Z,41.0219,-70.7493,,,,
WHOI,WHOI_MA-RI_202210_WE16,GLIDER_TRACK,2022-12-12T02:27:05Z,41.0243,-70.7491,,,,
WHOI,WHOI_MA-RI_202210_WE16,GLIDER_TRACK,2022-12-12T03:12:05Z,41.0319,-70.7484,,,,
WHOI,WHOI_MA-RI_202210_WE16,GLIDER_TRACK,2022-12-12T04:10:01Z,41.0411,-70.7464,,,,
WHOI,WHOI_MA-RI_202210_WE16,GLIDER_TRACK,2022-12-12T04:42:05Z,41.042,-70.7463,,,,
WHOI,WHOI_MA-RI_202210_WE16,GLIDER_TRACK,2022-12-12T05:12:05Z,41.0459,-70.7432,,,,
WHOI,WHOI_MA-RI_202210_WE16,GLIDER_TRACK,2022-12-12T06:12:05Z,41.0538,-70.7369,,,,
WHOI,WHOI_MA-RI_202210_WE16,GLIDER_TRACK,2022-12-12T07:12:05Z,41.057,-70.7353,,,,
WHOI,WHOI_MA-RI_202210_WE16,GLIDER_TRACK,2022-12-12T08:12:05Z,41.063,-70.7328,,,,
WHOI,WHOI_MA-RI_202210_WE16,GLIDER_TRACK,2022-12-12T08:27:05Z,41.0645,-70.7322,,,,
WHOI,WHOI_MA-RI_202210_WE16,GLIDER_TRACK,2022-12-12T09:27:05Z,41.0666,-70.733,,,,
WHOI,WHOI_MA-RI_202210_WE16,GLIDER_TRACK,2022-12-12T09:42:05Z,41.0684,-70.7334,,,,
WHOI,WHOI_MA-RI_202210_WE16,GLIDER_TRACK,2022-12-12T10:12:05Z,41.072,-70.7344,,,,
WHOI,WHOI_MA-RI_202210_WE16,GLIDER_TRACK,2022-12-12T11:12:05Z,41.0792,-70.7363,,,,
WHOI,WHOI_MA-RI_202210_WE16,GLIDER_TRACK,2022-12-12T12:12:05Z,41.0808,-70.7407,,,,
WHOI,WHOI_MA-RI_202210_WE16,GLIDER_TRACK,2022-12-12T13:12:05Z,41.0896,-70.7404,,,,
WHOI,WHOI_MA-RI_202210_WE16,GLIDER_TRACK,2022-12-12T14:12:05Z,41.0944,-70.7402,,,,
WHOI,WHOI_MA-RI_202210_WE16,GLIDER_TRACK,2022-12-12T14:27:05Z,41.0973,-70.7394,,,,
WHOI,WHOI_MA-RI_202210_WE16,GLIDER_TRACK,2022-12-12T15:12:05Z,41.1037,-70.7359,,,,
WHOI,WHOI_MA-RI_202210_WE16,GLIDER_TRACK,2022-12-12T16:06:07Z,41.1115,-70.7297,,,,
WHOI,WHOI_MA-RI_202210_WE16,GLIDER_TRACK,2022-12-12T16:42:05Z,41.1115,-70.7253,,,,
WHOI,WHOI_MA-RI_202210_WE16,GLIDER_TRACK,2022-12-12T17:12:05Z,41.1146,-70.7221,,,,
WHOI,WHOI_MA-RI_202210_WE16,GLIDER_TRACK,2022-12-12T17:27:05Z,41.1165,-70.7199,,,,
WHOI,WHOI_MA-RI_202210_WE16,GLIDER_TRACK,2022-12-12T18:12:05Z,41.122,-70.7134,,,,
WHOI,WHOI_MA-RI_202210_WE16,GLIDER_TRACK,2022-12-12T19:12:05Z,41.1244,-70.7087,,,,
WHOI,WHOI_MA-RI_202210_WE16,GLIDER_TRACK,2022-12-12T20:12:05Z,41.1298,-70.708,,,,
WHOI,WHOI_MA-RI_202210_WE16,GLIDER_TRACK,2022-12-12T21:12:05Z,41.1313,-70.7087,,,,
WHOI,WHOI_MA-RI_202210_WE16,GLIDER_TRACK,2022-12-12T21:27:05Z,41.1327,-70.7098,,,,
WHOI,WHOI_MA-RI_202210_WE16,GLIDER_TRACK,2022-12-12T22:12:05Z,41.1374,-70.7136,,,,
WHOI,WHOI_MA-RI_202210_WE16,GLIDER_TRACK,2022-12-12T23:10:13Z,41.1435,-70.7185,,,,
WHOI,WHOI_MA-RI_202210_WE16,GLIDER_TRACK,2022-12-13T00:12:05Z,41.1451,-70.7231,,,,
WHOI,WHOI_MA-RI_202210_WE16,GLIDER_TRACK,2022-12-13T01:12:05Z,41.1526,-70.7249,,,,
WHOI,WHOI_MA-RI_202210_WE16,GLIDER_TRACK,2022-12-13T01:27:05Z,41.1545,-70.7254,,,,
WHOI,WHOI_MA-RI_202210_WE16,GLIDER_TRACK,2022-12-13T02:12:05Z,41.1562,-70.7261,,,,
WHOI,WHOI_MA-RI_202210_WE16,GLIDER_TRACK,2022-12-13T02:27:05Z,41.1573,-70.7242,,,,
WHOI,WHOI_MA-RI_202210_WE16,GLIDER_TRACK,2022-12-13T03:12:05Z,41.1605,-70.7185,,,,
WHOI,WHOI_MA-RI_202210_WE16,GLIDER_TRACK,2022-12-13T03:59:29Z,41.1637,-70.7128,,,,
WHOI,WHOI_MA-RI_202210_WE16,GLIDER_TRACK,2022-12-13T04:12:05Z,41.1636,-70.712,,,,
WHOI,WHOI_MA-RI_202210_WE16,GLIDER_TRACK,2022-12-13T04:27:05Z,41.1639,-70.7081,,,,
WHOI,WHOI_MA-RI_202210_WE16,GLIDER_TRACK,2022-12-13T05:12:05Z,41.1649,-70.6963,,,,
WHOI,WHOI_MA-RI_202210_WE16,GLIDER_TRACK,2022-12-13T06:11:10Z,41.1664,-70.6812,,,,
WHOI,WHOI_MA-RI_202210_WE16,GLIDER_TRACK,2022-12-13T07:12:05Z,41.1634,-70.6708,,,,
WHOI,WHOI_MA-RI_202210_WE16,GLIDER_TRACK,2022-12-13T08:12:05Z,41.1595,-70.6583,,,,
WHOI,WHOI_MA-RI_202210_WE16,GLIDER_TRACK,2022-12-13T09:12:05Z,41.1553,-70.6513,,,,
WHOI,WHOI_MA-RI_202210_WE16,GLIDER_TRACK,2022-12-13T10:12:05Z,41.1477,-70.6504,,,,
WHOI,WHOI_MA-RI_202210_WE16,GLIDER_TRACK,2022-12-13T11:00:19Z,41.142,-70.6496,,,,
WHOI,WHOI_MA-RI_202210_WE16,GLIDER_TRACK,2022-12-13T11:27:05Z,41.1406,-70.6492,,,,
WHOI,WHOI_MA-RI_202210_WE16,GLIDER_TRACK,2022-12-13T11:42:05Z,41.1391,-70.649,,,,
WHOI,WHOI_MA-RI_202210_WE16,GLIDER_TRACK,2022-12-13T11:57:05Z,41.1376,-70.6489,,,,
WHOI,WHOI_MA-RI_202210_WE16,GLIDER_TRACK,2022-12-13T12:12:05Z,41.1361,-70.6488,,,,
WHOI,WHOI_MA-RI_202210_WE16,GLIDER_TRACK,2022-12-13T12:27:05Z,41.1346,-70.6487,,,,
WHOI,WHOI_MA-RI_202210_WE16,GLIDER_TRACK,2022-12-13T12:42:05Z,41.1331,-70.6485,,,,
WHOI,WHOI_MA-RI_202210_WE16,GLIDER_TRACK,2022-12-13T12:57:05Z,41.1315,-70.6484,,,,
WHOI,WHOI_MA-RI_202210_WE16,GLIDER_TRACK,2022-12-13T13:12:05Z,41.13,-70.6483,,,,
WHOI,WHOI_MA-RI_202210_WE16,GLIDER_TRACK,2022-12-13T13:23:07Z,41.129,-70.6481,,,,
WHOI,WHOI_MA-RI_202210_WE16,GLIDER_TRACK,2022-12-13T13:57:05Z,41.1278,-70.6457,,,,
WHOI,WHOI_MA-RI_202210_WE16,GLIDER_TRACK,2022-12-13T14:12:05Z,41.1269,-70.6449,,,,
WHOI,WHOI_MA-RI_202210_WE16,GLIDER_TRACK,2022-12-13T14:27:05Z,41.1259,-70.6435,,,,
WHOI,WHOI_MA-RI_202210_WE16,GLIDER_TRACK,2022-12-13T14:42:05Z,41.1249,-70.6421,,,,
WHOI,WHOI_MA-RI_202210_WE16,GLIDER_TRACK,2022-12-13T14:57:05Z,41.1238,-70.6406,,,,
WHOI,WHOI_MA-RI_202210_WE16,GLIDER_TRACK,2022-12-13T15:12:05Z,41.1227,-70.6392,,,,
WHOI,WHOI_MA-RI_202210_WE16,GLIDER_TRACK,2022-12-13T15:27:05Z,41.1217,-70.6377,,,,
WHOI,WHOI_MA-RI_202210_WE16,GLIDER_TRACK,2022-12-13T15:42:05Z,41.1206,-70.6363,,,,
WHOI,WHOI_MA-RI_202210_WE16,GLIDER_TRACK,2022-12-13T16:12:05Z,41.1197,-70.632,,,,
WHOI,WHOI_MA-RI_202210_WE16,GLIDER_TRACK,2022-12-13T16:27:05Z,41.1184,-70.6294,,,,
WHOI,WHOI_MA-RI_202210_WE16,GLIDER_TRACK,2022-12-13T17:12:05Z,41.1145,-70.6219,,,,
WHOI,WHOI_MA-RI_202210_WE16,GLIDER_TRACK,2022-12-13T18:03:19Z,41.1106,-70.6144,,,,
WHOI,WHOI_MA-RI_202210_WE16,GLIDER_TRACK,2022-12-13T18:42:05Z,41.1082,-70.6063,,,,
WHOI,WHOI_MA-RI_202210_WE16,GLIDER_TRACK,2022-12-13T18:57:05Z,41.1062,-70.6051,,,,
WHOI,WHOI_MA-RI_202210_WE16,GLIDER_TRACK,2022-12-13T19:12:05Z,41.1042,-70.6039,,,,
WHOI,WHOI_MA-RI_202210_WE16,GLIDER_TRACK,2022-12-13T20:12:05Z,41.0961,-70.5991,,,,
WHOI,WHOI_MA-RI_202210_WE16,GLIDER_TRACK,2022-12-13T21:12:05Z,41.0897,-70.5977,,,,
WHOI,WHOI_MA-RI_202210_WE16,GLIDER_TRACK,2022-12-13T22:12:05Z,41.0807,-70.6022,,,,
WHOI,WHOI_MA-RI_202210_WE16,GLIDER_TRACK,2022-12-13T23:12:05Z,41.0733,-70.6068,,,,
WHOI,WHOI_MA-RI_202210_WE16,GLIDER_TRACK,2022-12-14T00:12:05Z,41.0663,-70.6156,,,,
WHOI,WHOI_MA-RI_202210_WE16,GLIDER_TRACK,2022-12-14T01:06:13Z,41.0601,-70.6233,,,,
WHOI,WHOI_MA-RI_202210_WE16,GLIDER_TRACK,2022-12-14T02:12:05Z,41.0566,-70.6275,,,,
WHOI,WHOI_MA-RI_202210_WE16,GLIDER_TRACK,2022-12-14T03:12:05Z,41.0526,-70.6319,,,,
WHOI,WHOI_MA-RI_202210_WE16,GLIDER_TRACK,2022-12-14T03:20:18Z,41.0522,-70.6318,,,,
WHOI,WHOI_MA-RI_202210_WE16,GLIDER_TRACK,2022-12-14T04:12:05Z,41.0528,-70.6251,,,,
WHOI,WHOI_MA-RI_202210_WE16,GLIDER_TRACK,2022-12-14T04:27:05Z,41.0517,-70.6238,,,,
WHOI,WHOI_MA-RI_202210_WE16,GLIDER_TRACK,2022-12-14T05:12:05Z,41.0484,-70.62,,,,
WHOI,WHOI_MA-RI_202210_WE16,GLIDER_TRACK,2022-12-14T05:27:05Z,41.0473,-70.6187,,,,
WHOI,WHOI_MA-RI_202210_WE16,GLIDER_TRACK,2022-12-14T06:05:48Z,41.0445,-70.6152,,,,
WHOI,WHOI_MA-RI_202210_WE16,GLIDER_TRACK,2022-12-14T06:42:05Z,41.0419,-70.609,,,,
WHOI,WHOI_MA-RI_202210_WE16,GLIDER_TRACK,2022-12-14T07:12:05Z,41.0387,-70.6056,,,,
WHOI,WHOI_MA-RI_202210_WE16,GLIDER_TRACK,2022-12-14T07:27:05Z,41.0371,-70.6039,,,,
WHOI,WHOI_MA-RI_202210_WE16,GLIDER_TRACK,2022-12-14T08:12:05Z,41.0323,-70.5987,,,,
WHOI,WHOI_MA-RI_202210_WE16,GLIDER_TRACK,2022-12-14T08:25:22Z,41.0309,-70.5972,,,,
WHOI,WHOI_MA-RI_202210_WE16,GLIDER_TRACK,2022-12-14T08:57:05Z,41.028,-70.5927,,,,
WHOI,WHOI_MA-RI_202210_WE16,GLIDER_TRACK,2022-12-14T09:12:05Z,41.0262,-70.5925,,,,
WHOI,WHOI_MA-RI_202210_WE16,GLIDER_TRACK,2022-12-14T09:27:05Z,41.0245,-70.5923,,,,
WHOI,WHOI_MA-RI_202210_WE16,GLIDER_TRACK,2022-12-14T10:12:05Z,41.0197,-70.5923,,,,
WHOI,WHOI_MA-RI_202210_WE16,GLIDER_TRACK,2022-12-14T10:27:05Z,41.0178,-70.5927,,,,
WHOI,WHOI_MA-RI_202210_WE16,GLIDER_TRACK,2022-12-14T11:12:05Z,41.0124,-70.5904,,,,
WHOI,WHOI_MA-RI_202210_WE16,GLIDER_TRACK,2022-12-14T11:27:05Z,41.011,-70.5915,,,,
WHOI,WHOI_MA-RI_202210_WE16,GLIDER_TRACK,2022-12-14T12:12:05Z,41.007,-70.595,,,,
WHOI,WHOI_MA-RI_202210_WE16,GLIDER_TRACK,2022-12-14T12:27:05Z,41.0056,-70.5962,,,,
WHOI,WHOI_MA-RI_202210_WE16,GLIDER_TRACK,2022-12-14T13:08:55Z,41.0019,-70.5993,,,,
WHOI,WHOI_MA-RI_202210_WE16,GLIDER_TRACK,2022-12-14T13:42:05Z,40.9999,-70.5974,,,,
WHOI,WHOI_MA-RI_202210_WE16,GLIDER_TRACK,2022-12-14T14:12:05Z,40.9995,-70.5988,,,,
WHOI,WHOI_MA-RI_202210_WE16,GLIDER_TRACK,2022-12-14T15:12:05Z,40.9987,-70.6017,,,,
WHOI,WHOI_MA-RI_202210_WE16,GLIDER_TRACK,2022-12-14T16:12:05Z,40.9984,-70.5978,,,,
WHOI,WHOI_MA-RI_202210_WE16,GLIDER_TRACK,2022-12-14T16:27:05Z,40.9983,-70.5972,,,,
WHOI,WHOI_MA-RI_202210_WE16,GLIDER_TRACK,2022-12-14T17:12:05Z,40.998,-70.5955,,,,
WHOI,WHOI_MA-RI_202210_WE16,GLIDER_TRACK,2022-12-14T18:27:05Z,40.9958,-70.588,,,,
WHOI,WHOI_MA-RI_202210_WE16,GLIDER_TRACK,2022-12-14T18:42:05Z,40.9954,-70.5872,,,,
WHOI,WHOI_MA-RI_202210_WE16,GLIDER_TRACK,2022-12-14T19:12:05Z,40.9939,-70.5857,,,,
WHOI,WHOI_MA-RI_202210_WE16,GLIDER_TRACK,2022-12-14T20:12:05Z,40.991,-70.5826,,,,
WHOI,WHOI_MA-RI_202210_WE16,GLIDER_TRACK,2022-12-14T21:12:05Z,40.9866,-70.5807,,,,
WHOI,WHOI_MA-RI_202210_WE16,GLIDER_TRACK,2022-12-14T22:12:05Z,40.9827,-70.5854,,,,
WHOI,WHOI_MA-RI_202210_WE16,GLIDER_TRACK,2022-12-14T23:12:05Z,40.9778,-70.5871,,,,
WHOI,WHOI_MA-RI_202210_WE16,GLIDER_TRACK,2022-12-15T00:12:05Z,40.9758,-70.5988,,,,
WHOI,WHOI_MA-RI_202210_WE16,GLIDER_TRACK,2022-12-15T01:06:01Z,40.9739,-70.6093,,,,
WHOI,WHOI_MA-RI_202210_WE16,GLIDER_TRACK,2022-12-15T01:42:05Z,40.9717,-70.6123,,,,
WHOI,WHOI_MA-RI_202210_WE16,GLIDER_TRACK,2022-12-15T02:12:05Z,40.9734,-70.6192,,,,
WHOI,WHOI_MA-RI_202210_WE16,GLIDER_TRACK,2022-12-15T03:12:05Z,40.9767,-70.6329,,,,
WHOI,WHOI_MA-RI_202210_WE16,GLIDER_TRACK,2022-12-15T03:27:05Z,40.9776,-70.6364,,,,
WHOI,WHOI_MA-RI_202210_WE16,GLIDER_TRACK,2022-12-15T04:12:05Z,40.9797,-70.641,,,,
WHOI,WHOI_MA-RI_202210_WE16,GLIDER_TRACK,2022-12-15T04:27:05Z,40.9811,-70.6428,,,,
WHOI,WHOI_MA-RI_202210_WE16,GLIDER_TRACK,2022-12-15T05:12:05Z,40.9853,-70.6481,,,,
WHOI,WHOI_MA-RI_202210_WE16,GLIDER_TRACK,2022-12-15T06:12:05Z,40.9877,-70.6519,,,,
WHOI,WHOI_MA-RI_202210_WE16,GLIDER_TRACK,2022-12-15T06:27:05Z,40.9879,-70.6496,,,,
WHOI,WHOI_MA-RI_202210_WE16,GLIDER_TRACK,2022-12-15T07:12:05Z,40.9885,-70.6414,,,,
WHOI,WHOI_MA-RI_202210_WE16,GLIDER_TRACK,2022-12-15T08:12:05Z,40.9893,-70.6305,,,,
WHOI,WHOI_MA-RI_202210_WE16,GLIDER_TRACK,2022-12-15T09:12:05Z,40.9882,-70.6271,,,,
WHOI,WHOI_MA-RI_202210_WE16,GLIDER_TRACK,2022-12-15T10:12:05Z,40.9898,-70.6238,,,,
WHOI,WHOI_MA-RI_202210_WE16,GLIDER_TRACK,2022-12-15T11:12:05Z,40.9915,-70.6272,,,,
WHOI,WHOI_MA-RI_202210_WE16,GLIDER_TRACK,2022-12-15T12:12:05Z,40.9984,-70.6331,,,,
WHOI,WHOI_MA-RI_202210_WE16,GLIDER_TRACK,2022-12-15T12:57:47Z,41.0036,-70.6376,,,,
WHOI,WHOI_MA-RI_202210_WE16,GLIDER_TRACK,2022-12-15T13:27:05Z,41.0039,-70.6422,,,,
WHOI,WHOI_MA-RI_202210_WE16,GLIDER_TRACK,2022-12-15T13:42:05Z,41.0059,-70.6438,,,,
WHOI,WHOI_MA-RI_202210_WE16,GLIDER_TRACK,2022-12-15T14:12:05Z,41.01,-70.647,,,,
WHOI,WHOI_MA-RI_202210_WE16,GLIDER_TRACK,2022-12-15T15:12:05Z,41.0187,-70.6523,,,,
WHOI,WHOI_MA-RI_202210_WE16,GLIDER_TRACK,2022-12-15T16:12:05Z,41.0229,-70.6569,,,,
WHOI,WHOI_MA-RI_202210_WE16,GLIDER_TRACK,2022-12-15T17:12:05Z,41.0334,-70.6573,,,,
WHOI,WHOI_MA-RI_202210_WE16,GLIDER_TRACK,2022-12-15T18:12:05Z,41.04,-70.6591,,,,
WHOI,WHOI_MA-RI_202210_WE16,GLIDER_TRACK,2022-12-15T18:27:05Z,41.0421,-70.6582,,,,
WHOI,WHOI_MA-RI_202210_WE16,GLIDER_TRACK,2022-12-15T19:12:05Z,41.0487,-70.6553,,,,
WHOI,WHOI_MA-RI_202210_WE16,GLIDER_TRACK,2022-12-15T20:11:18Z,41.0573,-70.6515,,,,
WHOI,WHOI_MA-RI_202210_WE16,GLIDER_TRACK,2022-12-15T20:42:05Z,41.0573,-70.6524,,,,
WHOI,WHOI_MA-RI_202210_WE16,GLIDER_TRACK,2022-12-15T21:12:05Z,41.0608,-70.6509,,,,
WHOI,WHOI_MA-RI_202210_WE16,GLIDER_TRACK,2022-12-15T22:12:05Z,41.0664,-70.6513,,,,
WHOI,WHOI_MA-RI_202210_WE16,GLIDER_TRACK,2022-12-15T23:12:05Z,41.0675,-70.6573,,,,
WHOI,WHOI_MA-RI_202210_WE16,GLIDER_TRACK,2022-12-16T00:12:05Z,41.0727,-70.6624,,,,
WHOI,WHOI_MA-RI_202210_WE16,GLIDER_TRACK,2022-12-16T01:04:00Z,41.0769,-70.6678,,,,
WHOI,WHOI_MA-RI_202210_WE16,GLIDER_TRACK,2022-12-16T02:12:05Z,41.082,-70.6783,,,,
WHOI,WHOI_MA-RI_202210_WE16,GLIDER_TRACK,2022-12-16T03:12:05Z,41.0895,-70.6863,,,,
WHOI,WHOI_MA-RI_202210_WE16,GLIDER_TRACK,2022-12-16T04:12:05Z,41.0951,-70.6955,,,,
WHOI,WHOI_MA-RI_202210_WE16,GLIDER_TRACK,2022-12-16T05:12:05Z,41.1028,-70.6959,,,,
WHOI,WHOI_MA-RI_202210_WE16,GLIDER_TRACK,2022-12-16T05:27:05Z,41.1048,-70.696,,,,
WHOI,WHOI_MA-RI_202210_WE16,GLIDER_TRACK,2022-12-16T06:27:05Z,41.1103,-70.699,,,,
WHOI,WHOI_MA-RI_202210_WE16,GLIDER_TRACK,2022-12-16T07:12:05Z,41.1156,-70.6954,,,,
WHOI,WHOI_MA-RI_202210_WE16,GLIDER_TRACK,2022-12-16T08:12:05Z,41.1207,-70.6888,,,,
WHOI,WHOI_MA-RI_202210_WE16,GLIDER_TRACK,2022-12-16T09:12:05Z,41.1241,-70.689,,,,
WHOI,WHOI_MA-RI_202210_WE16,GLIDER_TRACK,2022-12-16T10:12:05Z,41.1276,-70.6847,,,,
WHOI,WHOI_MA-RI_202210_WE16,GLIDER_TRACK,2022-12-16T11:12:05Z,41.1291,-70.6879,,,,
WHOI,WHOI_MA-RI_202210_WE16,GLIDER_TRACK,2022-12-16T12:12:05Z,41.1312,-70.6887,,,,
WHOI,WHOI_MA-RI_202210_WE16,GLIDER_TRACK,2022-12-16T12:27:05Z,41.1318,-70.6891,,,,
WHOI,WHOI_MA-RI_202210_WE16,GLIDER_TRACK,2022-12-16T13:27:05Z,41.1327,-70.6986,,,,
WHOI,WHOI_MA-RI_202210_WE16,GLIDER_TRACK,2022-12-16T13:42:05Z,41.1334,-70.6996,,,,
WHOI,WHOI_MA-RI_202210_WE16,GLIDER_TRACK,2022-12-16T14:12:05Z,41.1346,-70.7017,,,,
WHOI,WHOI_MA-RI_202210_WE16,GLIDER_TRACK,2022-12-16T15:12:05Z,41.1372,-70.7059,,,,
WHOI,WHOI_MA-RI_202210_WE16,GLIDER_TRACK,2022-12-16T15:18:49Z,41.1373,-70.708,,,,
WHOI,WHOI_MA-RI_202210_WE16,GLIDER_TRACK,2022-12-16T16:12:05Z,41.1391,-70.7162,,,,
WHOI,WHOI_MA-RI_202210_WE16,GLIDER_TRACK,2022-12-16T16:27:05Z,41.1404,-70.7172,,,,
WHOI,WHOI_MA-RI_202210_WE16,GLIDER_TRACK,2022-12-16T17:12:05Z,41.1433,-70.7189,,,,
WHOI,WHOI_MA-RI_202210_WE16,GLIDER_TRACK,2022-12-16T18:12:05Z,41.1445,-70.7265,,,,
WHOI,WHOI_MA-RI_202210_WE16,GLIDER_TRACK,2022-12-16T19:12:05Z,41.1472,-70.7239,,,,
WHOI,WHOI_MA-RI_202210_WE16,GLIDER_TRACK,2022-12-16T19:27:05Z,41.1478,-70.7232,,,,
WHOI,WHOI_MA-RI_202210_WE16,GLIDER_TRACK,2022-12-16T20:06:07Z,41.1497,-70.7219,,,,
WHOI,WHOI_MA-RI_202210_WE16,GLIDER_TRACK,2022-12-16T20:27:05Z,41.1494,-70.7271,,,,
WHOI,WHOI_MA-RI_202210_WE16,GLIDER_TRACK,2022-12-16T20:42:05Z,41.1495,-70.7264,,,,
WHOI,WHOI_MA-RI_202210_WE16,GLIDER_TRACK,2022-12-16T21:12:05Z,41.1497,-70.7247,,,,
WHOI,WHOI_MA-RI_202210_WE16,GLIDER_TRACK,2022-12-16T22:12:05Z,41.1492,-70.723,,,,
WHOI,WHOI_MA-RI_202210_WE16,GLIDER_TRACK,2022-12-16T23:12:05Z,41.1469,-70.7308,,,,
WHOI,WHOI_MA-RI_202210_WE16,GLIDER_TRACK,2022-12-17T00:12:05Z,41.1449,-70.7326,,,,
WHOI,WHOI_MA-RI_202210_WE16,GLIDER_TRACK,2022-12-17T01:27:05Z,41.1427,-70.7423,,,,
WHOI,WHOI_MA-RI_202210_WE16,GLIDER_TRACK,2022-12-17T02:12:05Z,41.1425,-70.7463,,,,
WHOI,WHOI_MA-RI_202210_WE16,GLIDER_TRACK,2022-12-17T03:12:05Z,41.1422,-70.7515,,,,
WHOI,WHOI_MA-RI_202210_WE16,GLIDER_TRACK,2022-12-17T04:12:05Z,41.1419,-70.7594,,,,
WHOI,WHOI_MA-RI_202210_WE16,GLIDER_TRACK,2022-12-17T05:12:05Z,41.1442,-70.7625,,,,
WHOI,WHOI_MA-RI_202210_WE16,GLIDER_TRACK,2022-12-17T06:12:05Z,41.146,-70.7639,,,,
WHOI,WHOI_MA-RI_202210_WE16,GLIDER_TRACK,2022-12-17T06:27:05Z,41.1465,-70.762,,,,
WHOI,WHOI_MA-RI_202210_WE16,GLIDER_TRACK,2022-12-17T07:12:05Z,41.148,-70.7565,,,,
WHOI,WHOI_MA-RI_202210_WE16,GLIDER_TRACK,2022-12-17T08:05:14Z,41.1498,-70.7499,,,,
WHOI,WHOI_MA-RI_202210_WE16,GLIDER_TRACK,2022-12-17T08:27:05Z,41.1494,-70.7455,,,,
WHOI,WHOI_MA-RI_202210_WE16,GLIDER_TRACK,2022-12-17T09:12:05Z,41.1501,-70.7344,,,,
WHOI,WHOI_MA-RI_202210_WE16,GLIDER_TRACK,2022-12-17T10:12:05Z,41.1509,-70.7196,,,,
WHOI,WHOI_MA-RI_202210_WE16,GLIDER_TRACK,2022-12-17T11:12:05Z,41.1507,-70.7062,,,,
WHOI,WHOI_MA-RI_202210_WE16,GLIDER_TRACK,2022-12-17T11:27:05Z,41.1507,-70.7028,,,,
WHOI,WHOI_MA-RI_202210_WE16,GLIDER_TRACK,2022-12-17T12:12:05Z,41.1507,-70.6927,,,,
WHOI,WHOI_MA-RI_202210_WE16,GLIDER_TRACK,2022-12-17T12:27:05Z,41.1507,-70.6893,,,,
WHOI,WHOI_MA-RI_202210_WE16,GLIDER_TRACK,2022-12-17T13:12:05Z,41.149,-70.6816,,,,
WHOI,WHOI_MA-RI_202210_WE16,GLIDER_TRACK,2022-12-17T13:27:05Z,41.1492,-70.6792,,,,
WHOI,WHOI_MA-RI_202210_WE16,GLIDER_TRACK,2022-12-17T14:12:05Z,41.1498,-70.6719,,,,
WHOI,WHOI_MA-RI_202210_WE16,GLIDER_TRACK,2022-12-17T15:03:49Z,41.1502,-70.663,,,,
WHOI,WHOI_MA-RI_202210_WE16,GLIDER_TRACK,2022-12-17T15:27:05Z,41.1493,-70.6603,,,,
WHOI,WHOI_MA-RI_202210_WE16,GLIDER_TRACK,2022-12-17T15:42:05Z,41.1503,-70.658,,,,
WHOI,WHOI_MA-RI_202210_WE16,GLIDER_TRACK,2022-12-17T16:12:05Z,41.1522,-70.6533,,,,
WHOI,WHOI_MA-RI_202210_WE16,GLIDER_TRACK,2022-12-17T17:12:05Z,41.1561,-70.644,,,,
WHOI,WHOI_MA-RI_202210_WE16,GLIDER_TRACK,2022-12-17T17:22:51Z,41.1567,-70.6424,,,,
WHOI,WHOI_MA-RI_202210_WE16,GLIDER_TRACK,2022-12-17T18:12:05Z,41.1573,-70.6326,,,,
WHOI,WHOI_MA-RI_202210_WE16,GLIDER_TRACK,2022-12-17T18:27:05Z,41.1579,-70.6288,,,,
WHOI,WHOI_MA-RI_202210_WE16,GLIDER_TRACK,2022-12-17T19:12:05Z,41.1598,-70.6174,,,,
WHOI,WHOI_MA-RI_202210_WE16,GLIDER_TRACK,2022-12-17T19:27:05Z,41.1604,-70.6136,,,,
WHOI,WHOI_MA-RI_202210_WE16,GLIDER_TRACK,2022-12-17T20:27:05Z,41.161,-70.5982,,,,
WHOI,WHOI_MA-RI_202210_WE16,GLIDER_TRACK,2022-12-17T20:42:05Z,41.161,-70.5933,,,,
WHOI,WHOI_MA-RI_202210_WE16,GLIDER_TRACK,2022-12-17T21:12:05Z,41.161,-70.5835,,,,
WHOI,WHOI_MA-RI_202210_WE16,GLIDER_TRACK,2022-12-17T21:27:05Z,41.161,-70.5786,,,,
WHOI,WHOI_MA-RI_202210_WE16,GLIDER_TRACK,2022-12-17T22:11:43Z,41.161,-70.5645,,,,
WHOI,WHOI_MA-RI_202210_WE16,GLIDER_TRACK,2022-12-17T23:12:05Z,41.1542,-70.5563,,,,
WHOI,WHOI_MA-RI_202210_WE16,GLIDER_TRACK,2022-12-17T23:27:05Z,41.1521,-70.5552,,,,
WHOI,WHOI_MA-RI_202210_WE16,GLIDER_TRACK,2022-12-18T00:12:05Z,41.1457,-70.5518,,,,
WHOI,WHOI_MA-RI_202210_WE16,GLIDER_TRACK,2022-12-18T00:27:05Z,41.1436,-70.5507,,,,
WHOI,WHOI_MA-RI_202210_WE16,GLIDER_TRACK,2022-12-18T01:12:05Z,41.1386,-70.5463,,,,
WHOI,WHOI_MA-RI_202210_WE16,GLIDER_TRACK,2022-12-18T01:27:05Z,41.1361,-70.546,,,,
WHOI,WHOI_MA-RI_202210_WE16,GLIDER_TRACK,2022-12-18T02:12:05Z,41.1285,-70.5452,,,,
WHOI,WHOI_MA-RI_202210_WE16,GLIDER_TRACK,2022-12-18T02:27:05Z,41.1259,-70.5449,,,,
WHOI,WHOI_MA-RI_202210_WE16,GLIDER_TRACK,2022-12-18T02:59:17Z,41.1214,-70.5449,,,,
WHOI,WHOI_MA-RI_202210_WE16,GLIDER_TRACK,2022-12-18T03:42:05Z,41.1177,-70.5423,,,,
WHOI,WHOI_MA-RI_202210_WE16,GLIDER_TRACK,2022-12-18T03:57:05Z,41.1162,-70.5422,,,,
WHOI,WHOI_MA-RI_202210_WE16,GLIDER_TRACK,2022-12-18T04:12:05Z,41.1147,-70.5421,,,,
WHOI,WHOI_MA-RI_202210_WE16,GLIDER_TRACK,2022-12-18T05:12:05Z,41.1088,-70.5416,,,,
WHOI,WHOI_MA-RI_202210_WE16,GLIDER_TRACK,2022-12-18T05:27:05Z,41.1073,-70.5415,,,,
WHOI,WHOI_MA-RI_202210_WE16,GLIDER_TRACK,2022-12-18T06:12:05Z,41.1069,-70.5363,,,,
WHOI,WHOI_MA-RI_202210_WE16,GLIDER_TRACK,2022-12-18T06:27:05Z,41.1059,-70.5346,,,,
WHOI,WHOI_MA-RI_202210_WE16,GLIDER_TRACK,2022-12-18T07:12:05Z,41.1027,-70.5294,,,,
WHOI,WHOI_MA-RI_202210_WE16,GLIDER_TRACK,2022-12-18T08:05:35Z,41.0995,-70.5211,,,,
WHOI,WHOI_MA-RI_202210_WE16,GLIDER_TRACK,2022-12-18T08:27:05Z,41.0993,-70.5166,,,,
WHOI,WHOI_MA-RI_202210_WE16,GLIDER_TRACK,2022-12-18T08:42:05Z,41.0978,-70.5136,,,,
WHOI,WHOI_MA-RI_202210_WE16,GLIDER_TRACK,2022-12-18T09:12:05Z,41.0948,-70.5073,,,,
WHOI,WHOI_MA-RI_202210_WE16,GLIDER_TRACK,2022-12-18T09:27:05Z,41.0932,-70.5042,,,,
WHOI,WHOI_MA-RI_202210_WE16,GLIDER_TRACK,2022-12-18T11:12:05Z,41.0832,-70.4822,,,,
WHOI,WHOI_MA-RI_202210_WE16,GLIDER_TRACK,2022-12-18T12:12:05Z,41.0732,-70.4735,,,,
WHOI,WHOI_MA-RI_202210_WE16,GLIDER_TRACK,2022-12-18T13:27:05Z,41.0619,-70.4693,,,,
WHOI,WHOI_MA-RI_202210_WE16,GLIDER_TRACK,2022-12-18T13:42:05Z,41.0589,-70.4704,,,,
WHOI,WHOI_MA-RI_202210_WE16,GLIDER_TRACK,2022-12-18T14:12:05Z,41.0535,-70.4729,,,,
WHOI,WHOI_MA-RI_202210_WE16,GLIDER_TRACK,2022-12-18T15:12:05Z,41.0428,-70.4779,,,,
WHOI,WHOI_MA-RI_202210_WE16,GLIDER_TRACK,2022-12-18T16:12:05Z,41.0358,-70.4826,,,,
WHOI,WHOI_MA-RI_202210_WE16,GLIDER_TRACK,2022-12-18T17:12:05Z,41.0279,-70.4908,,,,
WHOI,WHOI_MA-RI_202210_WE16,GLIDER_TRACK,2022-12-18T18:12:05Z,41.0244,-70.494,,,,
WHOI,WHOI_MA-RI_202210_WE16,GLIDER_TRACK,2022-12-18T18:27:05Z,41.0233,-70.4949,,,,
WHOI,WHOI_MA-RI_202210_WE16,GLIDER_TRACK,2022-12-18T20:08:27Z,41.0164,-70.5014,,,,
WHOI,WHOI_MA-RI_202210_WE16,GLIDER_TRACK,2022-12-18T20:42:05Z,41.0157,-70.4987,,,,
WHOI,WHOI_MA-RI_202210_WE16,GLIDER_TRACK,2022-12-18T21:12:05Z,41.0134,-70.4983,,,,
WHOI,WHOI_MA-RI_202210_WE16,GLIDER_TRACK,2022-12-18T22:12:05Z,41.0087,-70.4974,,,,
WHOI,WHOI_MA-RI_202210_WE16,GLIDER_TRACK,2022-12-18T23:12:05Z,41.004,-70.4937,,,,
WHOI,WHOI_MA-RI_202210_WE16,GLIDER_TRACK,2022-12-19T00:12:05Z,40.9959,-70.4944,,,,
WHOI,WHOI_MA-RI_202210_WE16,GLIDER_TRACK,2022-12-19T01:12:05Z,40.9885,-70.4939,,,,
WHOI,WHOI_MA-RI_202210_WE16,GLIDER_TRACK,2022-12-19T01:27:05Z,40.9862,-70.4958,,,,
WHOI,WHOI_MA-RI_202210_WE16,GLIDER_TRACK,2022-12-19T02:12:05Z,40.9793,-70.5011,,,,
WHOI,WHOI_MA-RI_202210_WE16,GLIDER_TRACK,2022-12-19T02:27:05Z,40.9776,-70.5031,,,,
WHOI,WHOI_MA-RI_202210_WE16,GLIDER_TRACK,2022-12-19T03:00:33Z,40.9732,-70.508,,,,
WHOI,WHOI_MA-RI_202210_WE16,GLIDER_TRACK,2022-12-19T03:27:05Z,40.9705,-70.51,,,,
WHOI,WHOI_MA-RI_202210_WE16,GLIDER_TRACK,2022-12-19T03:42:05Z,40.9687,-70.5125,,,,
WHOI,WHOI_MA-RI_202210_WE16,GLIDER_TRACK,2022-12-19T04:12:05Z,40.965,-70.5175,,,,
WHOI,WHOI_MA-RI_202210_WE16,GLIDER_TRACK,2022-12-19T04:27:05Z,40.9636,-70.52,,,,
WHOI,WHOI_MA-RI_202210_WE16,GLIDER_TRACK,2022-12-19T05:12:05Z,40.9594,-70.5273,,,,
WHOI,WHOI_MA-RI_202210_WE16,GLIDER_TRACK,2022-12-19T05:16:21Z,40.9594,-70.5273,,,,
WHOI,WHOI_MA-RI_202210_WE16,GLIDER_TRACK,2022-12-19T05:57:05Z,40.9575,-70.5261,,,,
WHOI,WHOI_MA-RI_202210_WE16,GLIDER_TRACK,2022-12-19T06:12:05Z,40.9568,-70.5272,,,,
WHOI,WHOI_MA-RI_202210_WE16,GLIDER_TRACK,2022-12-19T07:12:05Z,40.9542,-70.5313,,,,
WHOI,WHOI_MA-RI_202210_WE16,GLIDER_TRACK,2022-12-19T07:27:05Z,40.9536,-70.5323,,,,
WHOI,WHOI_MA-RI_202210_WE16,GLIDER_TRACK,2022-12-19T08:12:05Z,40.9524,-70.5307,,,,
WHOI,WHOI_MA-RI_202210_WE16,GLIDER_TRACK,2022-12-19T08:27:05Z,40.9519,-70.5298,,,,
WHOI,WHOI_MA-RI_202210_WE16,GLIDER_TRACK,2022-12-19T08:42:05Z,40.9513,-70.5289,,,,
WHOI,WHOI_MA-RI_202210_WE16,GLIDER_TRACK,2022-12-19T09:12:05Z,40.9501,-70.5272,,,,
WHOI,WHOI_MA-RI_202210_WE16,GLIDER_TRACK,2022-12-19T09:27:05Z,40.9496,-70.5263,,,,
WHOI,WHOI_MA-RI_202210_WE16,GLIDER_TRACK,2022-12-19T10:10:12Z,40.9479,-70.5236,,,,
WHOI,WHOI_MA-RI_202210_WE16,GLIDER_TRACK,2022-12-19T10:42:05Z,40.9465,-70.5176,,,,
WHOI,WHOI_MA-RI_202210_WE16,GLIDER_TRACK,2022-12-19T11:12:05Z,40.9433,-70.5149,,,,
WHOI,WHOI_MA-RI_202210_WE16,GLIDER_TRACK,2022-12-19T11:27:05Z,40.9417,-70.5135,,,,
WHOI,WHOI_MA-RI_202210_WE16,GLIDER_TRACK,2022-12-19T12:12:05Z,40.9369,-70.5095,,,,
WHOI,WHOI_MA-RI_202210_WE16,GLIDER_TRACK,2022-12-19T12:27:05Z,40.9353,-70.5081,,,,
WHOI,WHOI_MA-RI_202210_WE16,GLIDER_TRACK,2022-12-19T13:12:05Z,40.9299,-70.5037,,,,
WHOI,WHOI_MA-RI_202210_WE16,GLIDER_TRACK,2022-12-19T13:27:05Z,40.9278,-70.5049,,,,
WHOI,WHOI_MA-RI_202210_WE16,GLIDER_TRACK,2022-12-19T14:12:05Z,40.9213,-70.5085,,,,
WHOI,WHOI_MA-RI_202210_WE16,GLIDER_TRACK,2022-12-19T14:27:05Z,40.9192,-70.5098,,,,
WHOI,WHOI_MA-RI_202210_WE16,GLIDER_TRACK,2022-12-19T14:42:05Z,40.9171,-70.511,,,,
WHOI,WHOI_MA-RI_202210_WE16,GLIDER_TRACK,2022-12-19T14:58:42Z,40.9149,-70.512200000000007,,,,
WHOI,WHOI_MA-RI_202210_WE16,GLIDER_TRACK,2022-12-19T15:27:05Z,40.9118,-70.5109,,,,
WHOI,WHOI_MA-RI_202210_WE16,GLIDER_TRACK,2022-12-19T15:42:05Z,40.9106,-70.5139,,,,
WHOI,WHOI_MA-RI_202210_WE16,GLIDER_TRACK,2022-12-19T16:12:05Z,40.9083,-70.5199,,,,
WHOI,WHOI_MA-RI_202210_WE16,GLIDER_TRACK,2022-12-19T16:27:05Z,40.9072,-70.5229,,,,
WHOI,WHOI_MA-RI_202210_WE16,GLIDER_TRACK,2022-12-19T17:12:05Z,40.9038,-70.5319,,,,
WHOI,WHOI_MA-RI_202210_WE16,GLIDER_TRACK,2022-12-19T17:17:48Z,40.9038,-70.5319,,,,
WHOI,WHOI_MA-RI_202210_WE16,GLIDER_TRACK,2022-12-19T18:12:05Z,40.9032,-70.5402,,,,
WHOI,WHOI_MA-RI_202210_WE16,GLIDER_TRACK,2022-12-19T18:27:05Z,40.9038,-70.543,,,,
WHOI,WHOI_MA-RI_202210_WE16,GLIDER_TRACK,2022-12-19T19:12:05Z,40.9066,-70.55,,,,
WHOI,WHOI_MA-RI_202210_WE16,GLIDER_TRACK,2022-12-19T20:12:05Z,40.9077,-70.5488,,,,
WHOI,WHOI_MA-RI_202210_WE16,GLIDER_TRACK,2022-12-19T20:27:05Z,40.9086,-70.5481,,,,
WHOI,WHOI_MA-RI_202210_WE16,GLIDER_TRACK,2022-12-19T21:12:05Z,40.9114,-70.5463,,,,
WHOI,WHOI_MA-RI_202210_WE16,GLIDER_TRACK,2022-12-19T21:27:05Z,40.9124,-70.5457,,,,
WHOI,WHOI_MA-RI_202210_WE16,GLIDER_TRACK,2022-12-19T22:03:20Z,40.9142,-70.5444,,,,
WHOI,WHOI_MA-RI_202210_WE16,GLIDER_TRACK,2022-12-19T22:42:05Z,40.9148,-70.5353,,,,
WHOI,WHOI_MA-RI_202210_WE16,GLIDER_TRACK,2022-12-19T23:12:05Z,40.9164,-70.5274,,,,
WHOI,WHOI_MA-RI_202210_WE16,GLIDER_TRACK,2022-12-20T00:12:05Z,40.9196,-70.5118,,,,
WHOI,WHOI_MA-RI_202210_WE16,GLIDER_TRACK,2022-12-20T01:12:05Z,40.919,-70.498,,,,
WHOI,WHOI_MA-RI_202210_WE16,GLIDER_TRACK,2022-12-20T01:27:05Z,40.9201,-70.496,,,,
WHOI,WHOI_MA-RI_202210_WE16,GLIDER_TRACK,2022-12-20T02:12:05Z,40.9232,-70.4901,,,,
WHOI,WHOI_MA-RI_202210_WE16,GLIDER_TRACK,2022-12-20T02:27:05Z,40.9242,-70.4881,,,,
WHOI,WHOI_MA-RI_202210_WE16,GLIDER_TRACK,2022-12-20T02:58:51Z,40.9257,-70.4868,,,,
WHOI,WHOI_MA-RI_202210_WE16,GLIDER_TRACK,2022-12-20T03:12:05Z,40.9253,-70.4849,,,,
WHOI,WHOI_MA-RI_202210_WE16,GLIDER_TRACK,2022-12-20T03:27:05Z,40.9262,-70.4846,,,,
WHOI,WHOI_MA-RI_202210_WE16,GLIDER_TRACK,2022-12-20T03:42:05Z,40.9271,-70.4842,,,,
WHOI,WHOI_MA-RI_202210_WE16,GLIDER_TRACK,2022-12-20T04:12:05Z,40.929,-70.4836,,,,
WHOI,WHOI_MA-RI_202210_WE16,GLIDER_TRACK,2022-12-20T04:27:05Z,40.9299,-70.4832,,,,
WHOI,WHOI_MA-RI_202210_WE16,GLIDER_TRACK,2022-12-20T05:08:12Z,40.9322,-70.4823,,,,
WHOI,WHOI_MA-RI_202210_WE16,GLIDER_TRACK,2022-12-20T05:42:05Z,40.9291,-70.4789,,,,
WHOI,WHOI_MA-RI_202210_WE16,GLIDER_TRACK,2022-12-20T05:57:05Z,40.9311,-70.4786,,,,
WHOI,WHOI_MA-RI_202210_WE16,GLIDER_TRACK,2022-12-20T06:12:05Z,40.933,-70.4782,,,,
WHOI,WHOI_MA-RI_202210_WE16,GLIDER_TRACK,2022-12-20T06:27:05Z,40.935,-70.4778,,,,
WHOI,WHOI_MA-RI_202210_WE16,GLIDER_TRACK,2022-12-20T07:12:05Z,40.9411,-70.4763,,,,
WHOI,WHOI_MA-RI_202210_WE16,GLIDER_TRACK,2022-12-20T08:12:05Z,40.9466,-70.4696,,,,
WHOI,WHOI_MA-RI_202210_WE16,GLIDER_TRACK,2022-12-20T09:12:05Z,40.9567,-70.4604,,,,
WHOI,WHOI_MA-RI_202210_WE16,GLIDER_TRACK,2022-12-20T10:27:05Z,40.9633,-70.4462,,,,
WHOI,WHOI_MA-RI_202210_WE16,GLIDER_TRACK,2022-12-20T11:12:05Z,40.9672,-70.4358,,,,
WHOI,WHOI_MA-RI_202210_WE16,GLIDER_TRACK,2022-12-20T12:12:05Z,40.9725,-70.4219,,,,
WHOI,WHOI_MA-RI_202210_WE16,GLIDER_TRACK,2022-12-20T13:12:05Z,40.9704,-70.4094,,,,
WHOI,WHOI_MA-RI_202210_WE16,GLIDER_TRACK,2022-12-20T13:27:05Z,40.9702,-70.4089,,,,
WHOI,WHOI_MA-RI_202210_WE16,GLIDER_TRACK,2022-12-20T14:12:05Z,40.969,-70.4076,,,,
WHOI,WHOI_MA-RI_202210_WE16,GLIDER_TRACK,2022-12-20T15:12:05Z,40.9637,-70.4067,,,,
WHOI,WHOI_MA-RI_202210_WE16,GLIDER_TRACK,2022-12-20T16:12:05Z,40.9622,-70.4137,,,,
WHOI,WHOI_MA-RI_202210_WE16,GLIDER_TRACK,2022-12-20T16:59:48Z,40.9613,-70.4204,,,,
WHOI,WHOI_MA-RI_202210_WE16,GLIDER_TRACK,2022-12-20T17:42:05Z,40.9586,-70.4269,,,,
WHOI,WHOI_MA-RI_202210_WE16,GLIDER_TRACK,2022-12-20T18:12:05Z,40.9609,-70.4323,,,,
WHOI,WHOI_MA-RI_202210_WE16,GLIDER_TRACK,2022-12-20T19:12:05Z,40.9655,-70.443,,,,
WHOI,WHOI_MA-RI_202210_WE16,GLIDER_TRACK,2022-12-20T20:12:05Z,40.9707,-70.4489,,,,
WHOI,WHOI_MA-RI_202210_WE16,GLIDER_TRACK,2022-12-20T21:12:05Z,40.9814,-70.4524,,,,
WHOI,WHOI_MA-RI_202210_WE16,GLIDER_TRACK,2022-12-20T22:12:05Z,40.9881,-70.453,,,,
WHOI,WHOI_MA-RI_202210_WE16,GLIDER_TRACK,2022-12-20T23:12:05Z,40.9975,-70.4483,,,,
WHOI,WHOI_MA-RI_202210_WE16,GLIDER_TRACK,2022-12-21T00:08:13Z,41.006100000000004,-70.444,,,,
WHOI,WHOI_MA-RI_202210_WE16,GLIDER_TRACK,2022-12-21T01:12:05Z,41.0085,-70.4406,,,,
WHOI,WHOI_MA-RI_202210_WE16,GLIDER_TRACK,2022-12-21T02:12:05Z,41.013,-70.4395,,,,
WHOI,WHOI_MA-RI_202210_WE16,GLIDER_TRACK,2022-12-21T03:12:05Z,41.0146,-70.4419,,,,
WHOI,WHOI_MA-RI_202210_WE16,GLIDER_TRACK,2022-12-21T04:12:05Z,41.0181,-70.4493,,,,
WHOI,WHOI_MA-RI_202210_WE16,GLIDER_TRACK,2022-12-21T05:12:05Z,41.018,-70.4558,,,,
WHOI,WHOI_MA-RI_202210_WE16,GLIDER_TRACK,2022-12-21T05:27:05Z,41.0199,-70.4584,,,,
WHOI,WHOI_MA-RI_202210_WE16,GLIDER_TRACK,2022-12-21T06:12:05Z,41.0254,-70.4665,,,,
WHOI,WHOI_MA-RI_202210_WE16,GLIDER_TRACK,2022-12-21T06:27:05Z,41.0272,-70.4691,,,,
WHOI,WHOI_MA-RI_202210_WE16,GLIDER_TRACK,2022-12-21T07:08:52Z,41.0322,-70.4765,,,,
WHOI,WHOI_MA-RI_202210_WE16,GLIDER_TRACK,2022-12-21T07:42:05Z,41.0339,-70.479,,,,
WHOI,WHOI_MA-RI_202210_WE16,GLIDER_TRACK,2022-12-21T08:12:05Z,41.04,-70.4805,,,,
WHOI,WHOI_MA-RI_202210_WE16,GLIDER_TRACK,2022-12-21T08:27:05Z,41.0431,-70.4812,,,,
WHOI,WHOI_MA-RI_202210_WE16,GLIDER_TRACK,2022-12-21T09:12:05Z,41.0522,-70.4835,,,,
WHOI,WHOI_MA-RI_202210_WE16,GLIDER_TRACK,2022-12-21T10:12:05Z,41.0602,-70.4818,,,,
WHOI,WHOI_MA-RI_202210_WE16,GLIDER_TRACK,2022-12-21T11:12:05Z,41.0709,-70.476,,,,
WHOI,WHOI_MA-RI_202210_WE16,GLIDER_TRACK,2022-12-21T12:27:05Z,41.0789,-70.4678,,,,
WHOI,WHOI_MA-RI_202210_WE16,GLIDER_TRACK,2022-12-21T13:12:05Z,41.0827,-70.4643,,,,
WHOI,WHOI_MA-RI_202210_WE16,GLIDER_TRACK,2022-12-21T14:12:05Z,41.0877,-70.4596,,,,
WHOI,WHOI_MA-RI_202210_WE16,GLIDER_TRACK,2022-12-21T15:12:05Z,41.0865,-70.4635,,,,
WHOI,WHOI_MA-RI_202210_WE16,GLIDER_TRACK,2022-12-21T15:27:05Z,41.087,-70.4657,,,,
WHOI,WHOI_MA-RI_202210_WE16,GLIDER_TRACK,2022-12-21T15:42:05Z,41.0875,-70.468,,,,
WHOI,WHOI_MA-RI_202210_WE16,GLIDER_TRACK,2022-12-21T16:12:05Z,41.0884,-70.4724,,,,
WHOI,WHOI_MA-RI_202210_WE16,GLIDER_TRACK,2022-12-21T17:12:05Z,41.0886,-70.4822,,,,
WHOI,WHOI_MA-RI_202210_WE16,GLIDER_TRACK,2022-12-21T17:27:05Z,41.0899,-70.4861,,,,
WHOI,WHOI_MA-RI_202210_WE16,GLIDER_TRACK,2022-12-21T17:42:05Z,41.0911,-70.49,,,,
WHOI,WHOI_MA-RI_202210_WE16,GLIDER_TRACK,2022-12-21T17:57:05Z,41.0924,-70.494,,,,
WHOI,WHOI_MA-RI_202210_WE16,GLIDER_TRACK,2022-12-21T18:12:05Z,41.0936,-70.4979,,,,
WHOI,WHOI_MA-RI_202210_WE16,GLIDER_TRACK,2022-12-21T18:27:05Z,41.0948,-70.5018,,,,
WHOI,WHOI_MA-RI_202210_WE16,GLIDER_TRACK,2022-12-21T18:42:05Z,41.0961,-70.5058,,,,
WHOI,WHOI_MA-RI_202210_WE16,GLIDER_TRACK,2022-12-21T18:58:36Z,41.0973,-70.5097,,,,
WHOI,WHOI_MA-RI_202210_WE16,GLIDER_TRACK,2022-12-21T19:27:05Z,41.0988,-70.5143,,,,
WHOI,WHOI_MA-RI_202210_WE16,GLIDER_TRACK,2022-12-21T19:42:05Z,41.1015,-70.5168,,,,
WHOI,WHOI_MA-RI_202210_WE16,GLIDER_TRACK,2022-12-21T19:57:05Z,41.1042,-70.5194,,,,
WHOI,WHOI_MA-RI_202210_WE16,GLIDER_TRACK,2022-12-21T20:12:05Z,41.1069,-70.5219,,,,
WHOI,WHOI_MA-RI_202210_WE16,GLIDER_TRACK,2022-12-21T20:27:05Z,41.1096,-70.5244,,,,
WHOI,WHOI_MA-RI_202210_WE16,GLIDER_TRACK,2022-12-21T20:42:05Z,41.1123,-70.5269,,,,
WHOI,WHOI_MA-RI_202210_WE16,GLIDER_TRACK,2022-12-21T20:57:05Z,41.115,-70.5294,,,,
WHOI,WHOI_MA-RI_202210_WE16,GLIDER_TRACK,2022-12-21T21:12:05Z,41.1177,-70.5319,,,,
WHOI,WHOI_MA-RI_202210_WE16,GLIDER_TRACK,2022-12-21T21:18:32Z,41.1177,-70.5319,,,,
WHOI,WHOI_MA-RI_202210_WE16,GLIDER_TRACK,2022-12-21T21:42:05Z,41.1211,-70.5338,,,,
WHOI,WHOI_MA-RI_202210_WE16,GLIDER_TRACK,2022-12-21T21:57:05Z,41.1241,-70.5333,,,,
WHOI,WHOI_MA-RI_202210_WE16,GLIDER_TRACK,2022-12-21T22:12:05Z,41.127,-70.5328,,,,
WHOI,WHOI_MA-RI_202210_WE16,GLIDER_TRACK,2022-12-21T22:27:05Z,41.13,-70.5323,,,,
WHOI,WHOI_MA-RI_202210_WE16,GLIDER_TRACK,2022-12-21T22:42:05Z,41.1329,-70.5318,,,,
WHOI,WHOI_MA-RI_202210_WE16,GLIDER_TRACK,2022-12-21T23:12:05Z,41.1383,-70.5285,,,,
WHOI,WHOI_MA-RI_202210_WE16,GLIDER_TRACK,2022-12-21T23:27:05Z,41.141,-70.5269,,,,
WHOI,WHOI_MA-RI_202210_WE16,GLIDER_TRACK,2022-12-21T23:40:06Z,41.1432,-70.5255,,,,
WHOI,WHOI_MA-RI_202210_WE16,GLIDER_TRACK,2022-12-22T00:12:05Z,41.1453,-70.5212,,,,
WHOI,WHOI_MA-RI_202210_WE16,GLIDER_TRACK,2022-12-22T00:27:05Z,41.1467,-70.5181,,,,
WHOI,WHOI_MA-RI_202210_WE16,GLIDER_TRACK,2022-12-22T01:12:05Z,41.1509,-70.5087,,,,
WHOI,WHOI_MA-RI_202210_WE16,GLIDER_TRACK,2022-12-22T01:27:05Z,41.1523,-70.5056,,,,
WHOI,WHOI_MA-RI_202210_WE16,GLIDER_TRACK,2022-12-22T01:42:05Z,41.1537,-70.5024,,,,
WHOI,WHOI_MA-RI_202210_WE16,GLIDER_TRACK,2022-12-22T01:57:05Z,41.1551,-70.4993,,,,
WHOI,WHOI_MA-RI_202210_WE16,GLIDER_TRACK,2022-12-22T02:04:40Z,41.1557,-70.4976,,,,
WHOI,WHOI_MA-RI_202210_WE16,GLIDER_TRACK,2022-12-22T02:27:05Z,41.1556,-70.495,,,,
WHOI,WHOI_MA-RI_202210_WE16,GLIDER_TRACK,2022-12-22T02:42:05Z,41.1543,-70.4934,,,,
WHOI,WHOI_MA-RI_202210_WE16,GLIDER_TRACK,2022-12-22T02:57:05Z,41.1529,-70.4917,,,,
WHOI,WHOI_MA-RI_202210_WE16,GLIDER_TRACK,2022-12-22T03:12:05Z,41.1516,-70.49,,,,
WHOI,WHOI_MA-RI_202210_WE16,GLIDER_TRACK,2022-12-22T03:27:05Z,41.1503,-70.4884,,,,
WHOI,WHOI_MA-RI_202210_WE16,GLIDER_TRACK,2022-12-22T04:12:05Z,41.1463,-70.4834,,,,
WHOI,WHOI_MA-RI_202210_WE16,GLIDER_TRACK,2022-12-22T04:24:06Z,41.1454,-70.4823,,,,
WHOI,WHOI_MA-RI_202210_WE16,GLIDER_TRACK,2022-12-22T05:12:05Z,41.1412,-70.4867,,,,
WHOI,WHOI_MA-RI_202210_WE16,GLIDER_TRACK,2022-12-22T05:27:05Z,41.1389,-70.4881,,,,
WHOI,WHOI_MA-RI_202210_WE16,GLIDER_TRACK,2022-12-22T06:12:05Z,41.1321,-70.4921,,,,
WHOI,WHOI_MA-RI_202210_WE16,GLIDER_TRACK,2022-12-22T06:27:05Z,41.1298,-70.4934,,,,
WHOI,WHOI_MA-RI_202210_WE16,GLIDER_TRACK,2022-12-22T07:12:05Z,41.1278,-70.498,,,,
WHOI,WHOI_MA-RI_202210_WE16,GLIDER_TRACK,2022-12-22T07:27:05Z,41.1267,-70.499,,,,
WHOI,WHOI_MA-RI_202210_WE16,GLIDER_TRACK,2022-12-22T07:42:05Z,41.1255,-70.5001,,,,
WHOI,WHOI_MA-RI_202210_WE16,GLIDER_TRACK,2022-12-22T08:12:05Z,41.1232,-70.5021,,,,
WHOI,WHOI_MA-RI_202210_WE16,GLIDER_TRACK,2022-12-22T08:27:05Z,41.122,-70.5031,,,,
WHOI,WHOI_MA-RI_202210_WE16,GLIDER_TRACK,2022-12-22T08:42:05Z,41.1208,-70.5042,,,,
WHOI,WHOI_MA-RI_202210_WE16,GLIDER_TRACK,2022-12-22T09:04:57Z,41.1195,-70.5059,,,,
WHOI,WHOI_MA-RI_202210_WE16,GLIDER_TRACK,2022-12-22T09:42:05Z,41.1209,-70.5055,,,,
WHOI,WHOI_MA-RI_202210_WE16,GLIDER_TRACK,2022-12-22T10:12:05Z,41.1195,-70.502,,,,
WHOI,WHOI_MA-RI_202210_WE16,GLIDER_TRACK,2022-12-22T10:27:05Z,41.1188,-70.5002,,,,
WHOI,WHOI_MA-RI_202210_WE16,GLIDER_TRACK,2022-12-22T10:42:05Z,41.1181,-70.4985,,,,
WHOI,WHOI_MA-RI_202210_WE16,GLIDER_TRACK,2022-12-22T11:12:05Z,41.1167,-70.495,,,,
WHOI,WHOI_MA-RI_202210_WE16,GLIDER_TRACK,2022-12-22T11:27:05Z,41.116,-70.4932,,,,
WHOI,WHOI_MA-RI_202210_WE16,GLIDER_TRACK,2022-12-22T11:28:20Z,41.116,-70.4932,,,,
WHOI,WHOI_MA-RI_202210_WE16,GLIDER_TRACK,2022-12-22T12:12:05Z,41.115,-70.486,,,,
WHOI,WHOI_MA-RI_202210_WE16,GLIDER_TRACK,2022-12-22T12:27:05Z,41.1134,-70.4825,,,,
WHOI,WHOI_MA-RI_202210_WE16,GLIDER_TRACK,2022-12-22T13:12:05Z,41.1087,-70.472,,,,
WHOI,WHOI_MA-RI_202210_WE16,GLIDER_TRACK,2022-12-22T13:27:05Z,41.1071,-70.4686,,,,
WHOI,WHOI_MA-RI_202210_WE16,GLIDER_TRACK,2022-12-22T14:12:05Z,41.1043,-70.4617,,,,
WHOI,WHOI_MA-RI_202210_WE16,GLIDER_TRACK,2022-12-22T14:27:05Z,41.1014,-70.4605,,,,
WHOI,WHOI_MA-RI_202210_WE16,GLIDER_TRACK,2022-12-22T14:42:05Z,41.0984,-70.4594,,,,
WHOI,WHOI_MA-RI_202210_WE16,GLIDER_TRACK,2022-12-22T15:12:05Z,41.0926,-70.457,,,,
WHOI,WHOI_MA-RI_202210_WE16,GLIDER_TRACK,2022-12-22T15:27:05Z,41.0897,-70.4558,,,,
WHOI,WHOI_MA-RI_202210_WE16,GLIDER_TRACK,2022-12-22T15:42:05Z,41.0867,-70.4546,,,,
WHOI,WHOI_MA-RI_202210_WE16,GLIDER_TRACK,2022-12-22T16:09:25Z,41.0816,-70.4526,,,,
WHOI,WHOI_MA-RI_202210_WE16,GLIDER_TRACK,2022-12-22T16:42:05Z,41.0793,-70.4572,,,,
WHOI,WHOI_MA-RI_202210_WE16,GLIDER_TRACK,2022-12-22T16:57:05Z,41.0764,-70.4596,,,,
WHOI,WHOI_MA-RI_202210_WE16,GLIDER_TRACK,2022-12-22T17:12:05Z,41.0735,-70.462,,,,
WHOI,WHOI_MA-RI_202210_WE16,GLIDER_TRACK,2022-12-22T17:27:05Z,41.0706,-70.4644,,,,
WHOI,WHOI_MA-RI_202210_WE16,GLIDER_TRACK,2022-12-22T17:42:05Z,41.0677,-70.4668,,,,
WHOI,WHOI_MA-RI_202210_WE16,GLIDER_TRACK,2022-12-22T18:12:05Z,41.0618,-70.4715,,,,
WHOI,WHOI_MA-RI_202210_WE16,GLIDER_TRACK,2022-12-22T18:27:05Z,41.0589,-70.4739,,,,
WHOI,WHOI_MA-RI_202210_WE16,GLIDER_TRACK,2022-12-22T19:12:05Z,41.0561,-70.4847,,,,
WHOI,WHOI_MA-RI_202210_WE16,GLIDER_TRACK,2022-12-22T19:27:05Z,41.0547,-70.4875,,,,
WHOI,WHOI_MA-RI_202210_WE16,GLIDER_TRACK,2022-12-22T19:42:05Z,41.0533,-70.4904,,,,
WHOI,WHOI_MA-RI_202210_WE16,GLIDER_TRACK,2022-12-22T20:12:05Z,41.0504,-70.496,,,,
WHOI,WHOI_MA-RI_202210_WE16,GLIDER_TRACK,2022-12-22T20:27:05Z,41.049,-70.4989,,,,
WHOI,WHOI_MA-RI_202210_WE16,GLIDER_TRACK,2022-12-22T20:42:05Z,41.0485,-70.5007,,,,
WHOI,WHOI_MA-RI_202210_WE16,GLIDER_TRACK,2022-12-22T20:57:47Z,41.0477,-70.5035,,,,
WHOI,WHOI_MA-RI_202210_WE16,GLIDER_TRACK,2022-12-22T21:27:05Z,41.0503,-70.5112,,,,
WHOI,WHOI_MA-RI_202210_WE16,GLIDER_TRACK,2022-12-22T21:42:05Z,41.0503,-70.5118,,,,
WHOI,WHOI_MA-RI_202210_WE16,GLIDER_TRACK,2022-12-22T21:57:05Z,41.0503,-70.5124,,,,
WHOI,WHOI_MA-RI_202210_WE16,GLIDER_TRACK,2022-12-22T22:12:05Z,41.0503,-70.5129,,,,
WHOI,WHOI_MA-RI_202210_WE16,GLIDER_TRACK,2022-12-22T22:27:05Z,41.0503,-70.5135,,,,
WHOI,WHOI_MA-RI_202210_WE16,GLIDER_TRACK,2022-12-22T22:42:05Z,41.0502,-70.514,,,,
WHOI,WHOI_MA-RI_202210_WE16,GLIDER_TRACK,2022-12-22T23:12:05Z,41.0502,-70.5152,,,,
WHOI,WHOI_MA-RI_202210_WE16,GLIDER_TRACK,2022-12-22T23:22:13Z,41.0504,-70.5157,,,,
WHOI,WHOI_MA-RI_202210_WE16,GLIDER_TRACK,2022-12-22T23:57:05Z,41.052,-70.5173,,,,
WHOI,WHOI_MA-RI_202210_WE16,GLIDER_TRACK,2022-12-23T00:12:05Z,41.0514,-70.5159,,,,
WHOI,WHOI_MA-RI_202210_WE16,GLIDER_TRACK,2022-12-23T00:27:05Z,41.0507,-70.5145,,,,
WHOI,WHOI_MA-RI_202210_WE16,GLIDER_TRACK,2022-12-23T00:42:05Z,41.0501,-70.513,,,,
WHOI,WHOI_MA-RI_202210_WE16,GLIDER_TRACK,2022-12-23T01:12:05Z,41.0489,-70.5102,,,,
WHOI,WHOI_MA-RI_202210_WE16,GLIDER_TRACK,2022-12-23T01:27:05Z,41.0483,-70.5087,,,,
WHOI,WHOI_MA-RI_202210_WE16,GLIDER_TRACK,2022-12-23T01:42:05Z,41.0477,-70.5074,,,,
WHOI,WHOI_MA-RI_202210_WE16,GLIDER_TRACK,2022-12-23T01:42:42Z,41.0477,-70.5074,,,,
WHOI,WHOI_MA-RI_202210_WE16,GLIDER_TRACK,2022-12-23T02:12:05Z,41.0484,-70.5068,,,,
WHOI,WHOI_MA-RI_202210_WE16,GLIDER_TRACK,2022-12-23T02:27:05Z,41.0468,-70.5053,,,,
WHOI,WHOI_MA-RI_202210_WE16,GLIDER_TRACK,2022-12-23T02:42:05Z,41.0453,-70.5038,,,,
WHOI,WHOI_MA-RI_202210_WE16,GLIDER_TRACK,2022-12-23T02:57:05Z,41.0437,-70.5023,,,,
WHOI,WHOI_MA-RI_202210_WE16,GLIDER_TRACK,2022-12-23T03:12:05Z,41.0422,-70.5008,,,,
WHOI,WHOI_MA-RI_202210_WE16,GLIDER_TRACK,2022-12-23T03:27:05Z,41.0406,-70.4993,,,,
WHOI,WHOI_MA-RI_202210_WE16,GLIDER_TRACK,2022-12-23T03:42:05Z,41.0391,-70.4989,,,,
WHOI,WHOI_MA-RI_202210_WE16,GLIDER_TRACK,2022-12-23T04:03:48Z,41.0363,-70.4993,,,,
WHOI,WHOI_MA-RI_202210_WE16,GLIDER_TRACK,2022-12-23T04:27:05Z,41.0362,-70.5024,,,,
WHOI,WHOI_MA-RI_202210_WE16,GLIDER_TRACK,2022-12-23T04:42:05Z,41.0339,-70.5033,,,,
WHOI,WHOI_MA-RI_202210_WE16,GLIDER_TRACK,2022-12-23T04:57:05Z,41.0317,-70.5043,,,,
WHOI,WHOI_MA-RI_202210_WE16,GLIDER_TRACK,2022-12-23T05:12:05Z,41.0294,-70.5052,,,,
WHOI,WHOI_MA-RI_202210_WE16,GLIDER_TRACK,2022-12-23T05:27:05Z,41.0273,-70.5064,,,,
WHOI,WHOI_MA-RI_202210_WE16,GLIDER_TRACK,2022-12-23T06:12:05Z,41.0211,-70.5115,,,,
WHOI,WHOI_MA-RI_202210_WE16,GLIDER_TRACK,2022-12-23T06:25:47Z,41.0193,-70.513,,,,
WHOI,WHOI_MA-RI_202210_WE16,GLIDER_TRACK,2022-12-23T07:12:05Z,41.0172,-70.5227,,,,
WHOI,WHOI_MA-RI_202210_WE16,GLIDER_TRACK,2022-12-23T07:27:05Z,41.0157,-70.5243,,,,
WHOI,WHOI_MA-RI_202210_WE16,GLIDER_TRACK,2022-12-23T08:12:05Z,41.0125,-70.5295,,,,
WHOI,WHOI_MA-RI_202210_WE16,GLIDER_TRACK,2022-12-23T08:27:05Z,41.0114,-70.5313,,,,
WHOI,WHOI_MA-RI_202210_WE16,GLIDER_TRACK,2022-12-23T09:12:05Z,41.0132,-70.5395,,,,
WHOI,WHOI_MA-RI_202210_WE16,GLIDER_TRACK,2022-12-23T09:27:05Z,41.013,-70.5403,,,,
WHOI,WHOI_MA-RI_202210_WE16,GLIDER_TRACK,2022-12-23T09:42:05Z,41.0128,-70.541,,,,
WHOI,WHOI_MA-RI_202210_WE16,GLIDER_TRACK,2022-12-23T09:57:05Z,41.0128,-70.5407,,,,
WHOI,WHOI_MA-RI_202210_WE16,GLIDER_TRACK,2022-12-23T10:12:05Z,41.0128,-70.5403,,,,
WHOI,WHOI_MA-RI_202210_WE16,GLIDER_TRACK,2022-12-23T10:27:05Z,41.0128,-70.5399,,,,
WHOI,WHOI_MA-RI_202210_WE16,GLIDER_TRACK,2022-12-23T11:12:05Z,41.0129,-70.5388,,,,
WHOI,WHOI_MA-RI_202210_WE16,GLIDER_TRACK,2022-12-23T11:12:28Z,41.0129,-70.5388,,,,
WHOI,WHOI_MA-RI_202210_WE16,GLIDER_TRACK,2022-12-23T11:42:05Z,41.0174,-70.5413,,,,
WHOI,WHOI_MA-RI_202210_WE16,GLIDER_TRACK,2022-12-23T12:12:05Z,41.017,-70.5363,,,,
WHOI,WHOI_MA-RI_202210_WE16,GLIDER_TRACK,2022-12-23T12:27:05Z,41.0168,-70.5339,,,,
WHOI,WHOI_MA-RI_202210_WE16,GLIDER_TRACK,2022-12-23T12:42:05Z,41.0167,-70.5314,,,,
WHOI,WHOI_MA-RI_202210_WE16,GLIDER_TRACK,2022-12-23T13:12:05Z,41.0163,-70.5264,,,,
WHOI,WHOI_MA-RI_202210_WE16,GLIDER_TRACK,2022-12-23T14:12:05Z,41.0174,-70.5198,,,,
WHOI,WHOI_MA-RI_202210_WE16,GLIDER_TRACK,2022-12-23T14:27:05Z,41.0155,-70.5169,,,,
WHOI,WHOI_MA-RI_202210_WE16,GLIDER_TRACK,2022-12-23T15:12:05Z,41.0102,-70.5104,,,,
WHOI,WHOI_MA-RI_202210_WE16,GLIDER_TRACK,2022-12-23T16:00:01Z,41.0044,-70.5053,,,,
WHOI,WHOI_MA-RI_202210_WE16,GLIDER_TRACK,2022-12-23T17:01:58Z,40.9998,-70.5047,,,,
WHOI,WHOI_MA-RI_202210_WE16,GLIDER_TRACK,2022-12-23T23:42:05Z,41.0089,-70.4941,,,,
WHOI,WHOI_MA-RI_202210_WE16,GLIDER_TRACK,2022-12-23T23:57:05Z,41.0072,-70.4913,,,,
WHOI,WHOI_MA-RI_202210_WE16,GLIDER_TRACK,2022-12-24T00:12:05Z,41.0052,-70.489,,,,
WHOI,WHOI_MA-RI_202210_WE16,GLIDER_TRACK,2022-12-24T00:27:05Z,41.0033,-70.485,,,,
WHOI,WHOI_MA-RI_202210_WE16,GLIDER_TRACK,2022-12-24T00:42:05Z,41.0021,-70.4811,,,,
WHOI,WHOI_MA-RI_202210_WE16,GLIDER_TRACK,2022-12-24T01:12:05Z,40.9989,-70.4733,,,,
WHOI,WHOI_MA-RI_202210_WE16,GLIDER_TRACK,2022-12-24T01:27:05Z,40.9969,-70.4671,,,,
WHOI,WHOI_MA-RI_202210_WE16,GLIDER_TRACK,2022-12-24T02:12:05Z,40.995,-70.4467,,,,
WHOI,WHOI_MA-RI_202210_WE16,GLIDER_TRACK,2022-12-24T02:27:05Z,40.9928,-70.4426,,,,
WHOI,WHOI_MA-RI_202210_WE16,GLIDER_TRACK,2022-12-24T03:12:05Z,40.9856,-70.4262,,,,
WHOI,WHOI_MA-RI_202210_WE16,GLIDER_TRACK,2022-12-24T03:27:05Z,40.9826,-70.4208,,,,
WHOI,WHOI_MA-RI_202210_WE16,GLIDER_TRACK,2022-12-24T04:27:05Z,40.9759,-70.3986,,,,
WHOI,WHOI_MA-RI_202210_WE16,GLIDER_TRACK,2022-12-24T04:42:05Z,40.9723,-70.3954,,,,
WHOI,WHOI_MA-RI_202210_WE16,GLIDER_TRACK,2022-12-24T05:12:05Z,40.9654,-70.3891,,,,
WHOI,WHOI_MA-RI_202210_WE16,GLIDER_TRACK,2022-12-24T05:27:05Z,40.962,-70.387200000000007,,,,
WHOI,WHOI_MA-RI_202210_WE16,GLIDER_TRACK,2022-12-24T06:12:05Z,40.9524,-70.3832,,,,
WHOI,WHOI_MA-RI_202210_WE16,GLIDER_TRACK,2022-12-24T07:12:05Z,40.9415,-70.3717,,,,
WHOI,WHOI_MA-RI_202210_WE16,GLIDER_TRACK,2022-12-24T07:27:05Z,40.9377,-70.3717,,,,
WHOI,WHOI_MA-RI_202210_WE16,GLIDER_TRACK,2022-12-24T07:42:05Z,40.9354,-70.3718,,,,
WHOI,WHOI_MA-RI_202210_WE16,GLIDER_TRACK,2022-12-24T07:57:05Z,40.9323,-70.3719,,,,
WHOI,WHOI_MA-RI_202210_WE16,GLIDER_TRACK,2022-12-24T08:12:05Z,40.9293,-70.3719,,,,
WHOI,WHOI_MA-RI_202210_WE16,GLIDER_TRACK,2022-12-24T08:27:05Z,40.9262,-70.372,,,,
WHOI,WHOI_MA-RI_202210_WE16,GLIDER_TRACK,2022-12-24T08:42:05Z,40.9231,-70.3721,,,,
WHOI,WHOI_MA-RI_202210_WE16,GLIDER_TRACK,2022-12-24T08:45:08Z,40.9231,-70.3721,,,,
WHOI,WHOI_MA-RI_202210_WE16,GLIDER_TRACK,2022-12-24T09:27:05Z,40.9204,-70.3637,,,,
WHOI,WHOI_MA-RI_202210_WE16,GLIDER_TRACK,2022-12-24T09:42:05Z,40.9193,-70.3636,,,,
WHOI,WHOI_MA-RI_202210_WE16,GLIDER_TRACK,2022-12-24T09:57:05Z,40.9182,-70.3636,,,,
WHOI,WHOI_MA-RI_202210_WE16,GLIDER_TRACK,2022-12-24T10:12:05Z,40.9176,-70.3633,,,,
WHOI,WHOI_MA-RI_202210_WE16,GLIDER_TRACK,2022-12-24T10:27:05Z,40.9172,-70.3625,,,,
WHOI,WHOI_MA-RI_202210_WE16,GLIDER_TRACK,2022-12-24T10:42:05Z,40.9168,-70.3616,,,,
WHOI,WHOI_MA-RI_202210_WE16,GLIDER_TRACK,2022-12-24T10:57:05Z,40.9165,-70.3596,,,,
WHOI,WHOI_MA-RI_202210_WE16,GLIDER_TRACK,2022-12-24T11:12:05Z,40.9163,-70.3587,,,,
WHOI,WHOI_MA-RI_202210_WE16,GLIDER_TRACK,2022-12-24T11:12:42Z,40.9163,-70.3587,,,,
WHOI,WHOI_MA-RI_202210_WE16,GLIDER_TRACK,2022-12-24T11:27:05Z,40.9167,-70.3538,,,,
WHOI,WHOI_MA-RI_202210_WE16,GLIDER_TRACK,2022-12-24T11:42:05Z,40.9167,-70.3521,,,,
WHOI,WHOI_MA-RI_202210_WE16,GLIDER_TRACK,2022-12-24T12:12:05Z,40.9169,-70.3463,,,,
WHOI,WHOI_MA-RI_202210_WE16,GLIDER_TRACK,2022-12-24T13:12:05Z,40.9165,-70.3311,,,,
WHOI,WHOI_MA-RI_202210_WE16,GLIDER_TRACK,2022-12-24T13:21:46Z,40.9165,-70.3282,,,,
WHOI,WHOI_MA-RI_202210_WE16,GLIDER_TRACK,2022-12-24T14:12:05Z,40.9118,-70.3058,,,,
WHOI,WHOI_MA-RI_202210_WE16,GLIDER_TRACK,2022-12-24T14:27:05Z,40.9094,-70.3009,,,,
WHOI,WHOI_MA-RI_202210_WE16,GLIDER_TRACK,2022-12-24T15:12:05Z,40.902,-70.2865,,,,
WHOI,WHOI_MA-RI_202210_WE16,GLIDER_TRACK,2022-12-24T16:12:05Z,40.8912,-70.2642,,,,
WHOI,WHOI_MA-RI_202210_WE16,GLIDER_TRACK,2022-12-24T16:27:05Z,40.8862,-70.2602,,,,
WHOI,WHOI_MA-RI_202210_WE16,GLIDER_TRACK,2022-12-24T17:12:05Z,40.8719,-70.2552,,,,
WHOI,WHOI_MA-RI_202210_WE16,GLIDER_TRACK,2022-12-24T18:11:32Z,40.8519,-70.2519,,,,
WHOI,WHOI_MA-RI_202210_WE16,GLIDER_TRACK,2022-12-24T18:42:05Z,40.8437,-70.2451,,,,
WHOI,WHOI_MA-RI_202210_WE16,GLIDER_TRACK,2022-12-24T19:12:05Z,40.834,-70.2483,,,,
WHOI,WHOI_MA-RI_202210_WE16,GLIDER_TRACK,2022-12-24T20:12:05Z,40.8214,-70.2584,,,,
WHOI,WHOI_MA-RI_202210_WE16,GLIDER_TRACK,2022-12-24T21:12:05Z,40.8119,-70.2632,,,,
WHOI,WHOI_MA-RI_202210_WE16,GLIDER_TRACK,2022-12-24T22:12:05Z,40.8086,-70.2759,,,,
WHOI,WHOI_MA-RI_202210_WE16,GLIDER_TRACK,2022-12-24T23:01:04Z,40.8102,-70.2811,,,,
WHOI,WHOI_MA-RI_202210_WE16,GLIDER_TRACK,2022-12-24T23:27:05Z,40.811,-70.2779,,,,
WHOI,WHOI_MA-RI_202210_WE16,GLIDER_TRACK,2022-12-24T23:42:05Z,40.8126,-70.2774,,,,
WHOI,WHOI_MA-RI_202210_WE16,GLIDER_TRACK,2022-12-25T00:12:05Z,40.816,-70.2764,,,,
WHOI,WHOI_MA-RI_202210_WE16,GLIDER_TRACK,2022-12-25T00:27:05Z,40.8176,-70.2759,,,,
WHOI,WHOI_MA-RI_202210_WE16,GLIDER_TRACK,2022-12-25T01:12:05Z,40.8226,-70.2743,,,,
WHOI,WHOI_MA-RI_202210_WE16,GLIDER_TRACK,2022-12-25T02:12:05Z,40.8225,-70.2597,,,,
WHOI,WHOI_MA-RI_202210_WE16,GLIDER_TRACK,2022-12-25T02:27:05Z,40.8222,-70.2572,,,,
WHOI,WHOI_MA-RI_202210_WE16,GLIDER_TRACK,2022-12-25T03:12:05Z,40.8199,-70.2492,,,,
WHOI,WHOI_MA-RI_202210_WE16,GLIDER_TRACK,2022-12-25T03:27:05Z,40.8187,-70.2456,,,,
WHOI,WHOI_MA-RI_202210_WE16,GLIDER_TRACK,2022-12-25T04:12:05Z,40.8138,-70.2295,,,,
WHOI,WHOI_MA-RI_202210_WE16,GLIDER_TRACK,2022-12-25T04:27:05Z,40.8114,-70.2261,,,,
WHOI,WHOI_MA-RI_202210_WE16,GLIDER_TRACK,2022-12-25T05:12:05Z,40.8032,-70.2188,,,,
WHOI,WHOI_MA-RI_202210_WE16,GLIDER_TRACK,2022-12-25T05:27:05Z,40.8006,-70.2165,,,,
WHOI,WHOI_MA-RI_202210_WE16,GLIDER_TRACK,2022-12-25T06:08:35Z,40.7905,-70.2125,,,,
WHOI,WHOI_MA-RI_202210_WE16,GLIDER_TRACK,2022-12-25T06:42:05Z,40.7824,-70.2036,,,,
WHOI,WHOI_MA-RI_202210_WE16,GLIDER_TRACK,2022-12-25T07:12:05Z,40.7746,-70.205,,,,
WHOI,WHOI_MA-RI_202210_WE16,GLIDER_TRACK,2022-12-25T07:27:05Z,40.7707,-70.2058,,,,
WHOI,WHOI_MA-RI_202210_WE16,GLIDER_TRACK,2022-12-25T08:12:05Z,40.759,-70.2079,,,,
WHOI,WHOI_MA-RI_202210_WE16,GLIDER_TRACK,2022-12-25T09:12:05Z,40.7468,-70.2054,,,,
WHOI,WHOI_MA-RI_202210_WE16,GLIDER_TRACK,2022-12-25T10:12:05Z,40.742,-70.2115,,,,
WHOI,WHOI_MA-RI_202210_WE16,GLIDER_TRACK,2022-12-25T11:01:00Z,40.7384,-70.216,,,,
WHOI,WHOI_MA-RI_202210_WE16,GLIDER_TRACK,2022-12-25T11:42:05Z,40.7365,-70.2112,,,,
WHOI,WHOI_MA-RI_202210_WE16,GLIDER_TRACK,2022-12-25T11:57:05Z,40.7374,-70.2105,,,,
WHOI,WHOI_MA-RI_202210_WE16,GLIDER_TRACK,2022-12-25T12:12:05Z,40.7383,-70.2097,,,,
WHOI,WHOI_MA-RI_202210_WE16,GLIDER_TRACK,2022-12-25T13:12:05Z,40.742,-70.2067,,,,
WHOI,WHOI_MA-RI_202210_WE16,GLIDER_TRACK,2022-12-25T14:12:05Z,40.742,-70.1932,,,,
WHOI,WHOI_MA-RI_202210_WE16,GLIDER_TRACK,2022-12-25T15:12:05Z,40.7372,-70.1819,,,,
WHOI,WHOI_MA-RI_202210_WE16,GLIDER_TRACK,2022-12-25T15:58:50Z,40.7334,-70.1734,,,,
WHOI,WHOI_MA-RI_202210_WE16,GLIDER_TRACK,2022-12-25T16:27:05Z,40.7284,-70.1622,,,,
WHOI,WHOI_MA-RI_202210_WE16,GLIDER_TRACK,2022-12-25T16:42:05Z,40.7248,-70.16,,,,
WHOI,WHOI_MA-RI_202210_WE16,GLIDER_TRACK,2022-12-25T17:12:05Z,40.7176,-70.1556,,,,
WHOI,WHOI_MA-RI_202210_WE16,GLIDER_TRACK,2022-12-25T18:12:05Z,40.7033,-70.1467,,,,
WHOI,WHOI_MA-RI_202210_WE16,GLIDER_TRACK,2022-12-25T19:12:05Z,40.6895,-70.1456,,,,
WHOI,WHOI_MA-RI_202210_WE16,GLIDER_TRACK,2022-12-25T20:12:05Z,40.6752,-70.1525,,,,
WHOI,WHOI_MA-RI_202210_WE16,GLIDER_TRACK,2022-12-25T21:05:59Z,40.6617,-70.1537,,,,
WHOI,WHOI_MA-RI_202210_WE16,GLIDER_TRACK,2022-12-25T23:05:02Z,40.6532,-70.1653,,,,
WHOI,WHOI_MA-RI_202210_WE16,GLIDER_TRACK,2022-12-25T23:34:05Z,40.6528,-70.1668,,,,
WHOI,WHOI_MA-RI_202210_WE16,GLIDER_TRACK,2022-12-25T23:57:05Z,40.6536,-70.1686,,,,
WHOI,WHOI_MA-RI_202210_WE16,GLIDER_TRACK,2022-12-26T00:12:05Z,40.655,-70.1718,,,,
WHOI,WHOI_MA-RI_202210_WE16,GLIDER_TRACK,2022-12-26T00:27:05Z,40.6563,-70.175,,,,
WHOI,WHOI_MA-RI_202210_WE16,GLIDER_TRACK,2022-12-26T01:12:05Z,40.6604,-70.1847,,,,
WHOI,WHOI_MA-RI_202210_WE16,GLIDER_TRACK,2022-12-26T02:27:05Z,40.665,-70.1866,,,,
WHOI,WHOI_MA-RI_202210_WE16,GLIDER_TRACK,2022-12-26T03:12:05Z,40.6637,-70.1819,,,,
WHOI,WHOI_MA-RI_202210_WE16,GLIDER_TRACK,2022-12-26T04:12:05Z,40.662,-70.1757,,,,
WHOI,WHOI_MA-RI_202210_WE16,GLIDER_TRACK,2022-12-26T05:12:05Z,40.6592,-70.1607,,,,
WHOI,WHOI_MA-RI_202210_WE16,GLIDER_TRACK,2022-12-26T06:12:05Z,40.6516,-70.153,,,,
WHOI,WHOI_MA-RI_202210_WE16,GLIDER_TRACK,2022-12-26T07:12:05Z,40.6437,-70.142,,,,
WHOI,WHOI_MA-RI_202210_WE16,GLIDER_TRACK,2022-12-26T07:27:05Z,40.6412,-70.1426,,,,
WHOI,WHOI_MA-RI_202210_WE16,GLIDER_TRACK,2022-12-26T08:12:05Z,40.6338,-70.1443,,,,
WHOI,WHOI_MA-RI_202210_WE16,GLIDER_TRACK,2022-12-26T09:07:07Z,40.6249,-70.1479,,,,
WHOI,WHOI_MA-RI_202210_WE16,GLIDER_TRACK,2022-12-26T10:12:05Z,40.6167,-70.1543,,,,
WHOI,WHOI_MA-RI_202210_WE16,GLIDER_TRACK,2022-12-26T11:12:05Z,40.6108,-70.1669,,,,
WHOI,WHOI_MA-RI_202210_WE16,GLIDER_TRACK,2022-12-26T12:12:05Z,40.6086,-70.1732,,,,
WHOI,WHOI_MA-RI_202210_WE16,GLIDER_TRACK,2022-12-26T12:27:05Z,40.609,-70.1756,,,,
WHOI,WHOI_MA-RI_202210_WE16,GLIDER_TRACK,2022-12-26T13:12:05Z,40.6104,-70.1828,,,,
WHOI,WHOI_MA-RI_202210_WE16,GLIDER_TRACK,2022-12-26T14:27:05Z,40.6118,-70.1856,,,,
WHOI,WHOI_MA-RI_202210_WE16,GLIDER_TRACK,2022-12-26T15:12:05Z,40.6135,-70.185,,,,
WHOI,WHOI_MA-RI_202210_WE16,GLIDER_TRACK,2022-12-26T16:12:05Z,40.6157,-70.1841,,,,
WHOI,WHOI_MA-RI_202210_WE16,GLIDER_TRACK,2022-12-26T17:12:05Z,40.6125,-70.1765,,,,
WHOI,WHOI_MA-RI_202210_WE16,GLIDER_TRACK,2022-12-26T17:27:05Z,40.6108,-70.1761,,,,
WHOI,WHOI_MA-RI_202210_WE16,GLIDER_TRACK,2022-12-26T18:12:05Z,40.6057,-70.175,,,,
WHOI,WHOI_MA-RI_202210_WE16,GLIDER_TRACK,2022-12-26T19:12:05Z,40.5974,-70.174,,,,
WHOI,WHOI_MA-RI_202210_WE16,GLIDER_TRACK,2022-12-26T19:27:05Z,40.5949,-70.1766,,,,
WHOI,WHOI_MA-RI_202210_WE16,GLIDER_TRACK,2022-12-26T19:42:05Z,40.5925,-70.1792,,,,
WHOI,WHOI_MA-RI_202210_WE16,GLIDER_TRACK,2022-12-26T19:57:05Z,40.59,-70.1818,,,,
WHOI,WHOI_MA-RI_202210_WE16,GLIDER_TRACK,2022-12-26T20:12:05Z,40.5875,-70.1844,,,,
WHOI,WHOI_MA-RI_202210_WE16,GLIDER_TRACK,2022-12-26T20:27:05Z,40.5851,-70.187,,,,
WHOI,WHOI_MA-RI_202210_WE16,GLIDER_TRACK,2022-12-26T20:42:05Z,40.5826,-70.1896,,,,
WHOI,WHOI_MA-RI_202210_WE16,GLIDER_TRACK,2022-12-26T21:27:05Z,40.5765,-70.1968,,,,
WHOI,WHOI_MA-RI_202210_WE16,GLIDER_TRACK,2022-12-26T21:42:05Z,40.576,-70.2017,,,,
WHOI,WHOI_MA-RI_202210_WE16,GLIDER_TRACK,2022-12-26T21:57:05Z,40.5756,-70.2066,,,,
WHOI,WHOI_MA-RI_202210_WE16,GLIDER_TRACK,2022-12-26T22:12:05Z,40.5752,-70.2115,,,,
WHOI,WHOI_MA-RI_202210_WE16,GLIDER_TRACK,2022-12-26T22:27:05Z,40.5747,-70.2165,,,,
WHOI,WHOI_MA-RI_202210_WE16,GLIDER_TRACK,2022-12-26T22:42:05Z,40.5743,-70.2214,,,,
WHOI,WHOI_MA-RI_202210_WE16,GLIDER_TRACK,2022-12-26T22:57:05Z,40.5739,-70.2263,,,,
WHOI,WHOI_MA-RI_202210_WE16,GLIDER_TRACK,2022-12-26T23:12:05Z,40.5735,-70.2312,,,,
WHOI,WHOI_MA-RI_202210_WE16,GLIDER_TRACK,2022-12-26T23:15:47Z,40.5735,-70.2312,,,,
WHOI,WHOI_MA-RI_202210_WE16,GLIDER_TRACK,2022-12-26T23:57:05Z,40.5755,-70.2424,,,,
WHOI,WHOI_MA-RI_202210_WE16,GLIDER_TRACK,2022-12-27T00:12:05Z,40.5782,-70.2465,,,,
WHOI,WHOI_MA-RI_202210_WE16,GLIDER_TRACK,2022-12-27T00:27:05Z,40.5809,-70.2505,,,,
WHOI,WHOI_MA-RI_202210_WE16,GLIDER_TRACK,2022-12-27T00:42:05Z,40.5836,-70.2546,,,,
WHOI,WHOI_MA-RI_202210_WE16,GLIDER_TRACK,2022-12-27T01:12:05Z,40.5891,-70.2627,,,,
WHOI,WHOI_MA-RI_202210_WE16,GLIDER_TRACK,2022-12-27T02:12:05Z,40.599,-70.2726,,,,
WHOI,WHOI_MA-RI_202210_WE16,GLIDER_TRACK,2022-12-27T02:27:05Z,40.6019,-70.2722,,,,
WHOI,WHOI_MA-RI_202210_WE16,GLIDER_TRACK,2022-12-27T03:12:05Z,40.6105,-70.2712,,,,
WHOI,WHOI_MA-RI_202210_WE16,GLIDER_TRACK,2022-12-27T03:27:05Z,40.6133,-70.2709,,,,
WHOI,WHOI_MA-RI_202210_WE16,GLIDER_TRACK,2022-12-27T04:03:04Z,40.6191,-70.2702,,,,
WHOI,WHOI_MA-RI_202210_WE16,GLIDER_TRACK,2022-12-27T04:27:05Z,40.6233,-70.2687,,,,
WHOI,WHOI_MA-RI_202210_WE16,GLIDER_TRACK,2022-12-27T04:42:05Z,40.6229,-70.2682,,,,
WHOI,WHOI_MA-RI_202210_WE16,GLIDER_TRACK,2022-12-27T05:12:05Z,40.6222,-70.2671,,,,
WHOI,WHOI_MA-RI_202210_WE16,GLIDER_TRACK,2022-12-27T05:27:05Z,40.6218,-70.2665,,,,
WHOI,WHOI_MA-RI_202210_WE16,GLIDER_TRACK,2022-12-27T06:12:05Z,40.6207,-70.2648,,,,
WHOI,WHOI_MA-RI_202210_WE16,GLIDER_TRACK,2022-12-27T06:25:52Z,40.6204,-70.2643,,,,
WHOI,WHOI_MA-RI_202210_WE16,GLIDER_TRACK,2022-12-27T07:12:05Z,40.6196,-70.2628,,,,
WHOI,WHOI_MA-RI_202210_WE16,GLIDER_TRACK,2022-12-27T07:27:05Z,40.6185,-70.2641,,,,
WHOI,WHOI_MA-RI_202210_WE16,GLIDER_TRACK,2022-12-27T08:12:05Z,40.615,-70.2679,,,,
WHOI,WHOI_MA-RI_202210_WE16,GLIDER_TRACK,2022-12-27T08:27:05Z,40.6138,-70.2692,,,,
WHOI,WHOI_MA-RI_202210_WE16,GLIDER_TRACK,2022-12-27T08:42:05Z,40.6127,-70.2705,,,,
WHOI,WHOI_MA-RI_202210_WE16,GLIDER_TRACK,2022-12-27T09:27:05Z,40.6104,-70.2717,,,,
WHOI,WHOI_MA-RI_202210_WE16,GLIDER_TRACK,2022-12-27T09:42:05Z,40.6098,-70.2743,,,,
WHOI,WHOI_MA-RI_202210_WE16,GLIDER_TRACK,2022-12-27T09:57:05Z,40.6091,-70.2768,,,,
WHOI,WHOI_MA-RI_202210_WE16,GLIDER_TRACK,2022-12-27T10:12:05Z,40.6088,-70.2789,,,,
WHOI,WHOI_MA-RI_202210_WE16,GLIDER_TRACK,2022-12-27T10:27:05Z,40.6084,-70.2821,,,,
WHOI,WHOI_MA-RI_202210_WE16,GLIDER_TRACK,2022-12-27T10:42:05Z,40.608,-70.2852,,,,
WHOI,WHOI_MA-RI_202210_WE16,GLIDER_TRACK,2022-12-27T11:10:12Z,40.6072,-70.2907,,,,
WHOI,WHOI_MA-RI_202210_WE16,GLIDER_TRACK,2022-12-27T11:42:05Z,40.6067,-70.2919,,,,
WHOI,WHOI_MA-RI_202210_WE16,GLIDER_TRACK,2022-12-27T11:57:05Z,40.6078,-70.2948,,,,
WHOI,WHOI_MA-RI_202210_WE16,GLIDER_TRACK,2022-12-27T12:12:05Z,40.6089,-70.2977,,,,
WHOI,WHOI_MA-RI_202210_WE16,GLIDER_TRACK,2022-12-27T12:27:05Z,40.61,-70.3007,,,,
WHOI,WHOI_MA-RI_202210_WE16,GLIDER_TRACK,2022-12-27T13:12:05Z,40.6133,-70.3095,,,,
WHOI,WHOI_MA-RI_202210_WE16,GLIDER_TRACK,2022-12-27T13:27:05Z,40.6144,-70.3124,,,,
WHOI,WHOI_MA-RI_202210_WE16,GLIDER_TRACK,2022-12-27T13:31:45Z,40.6144,-70.3124,,,,
WHOI,WHOI_MA-RI_202210_WE16,GLIDER_TRACK,2022-12-27T13:57:05Z,40.6157,-70.3111,,,,
WHOI,WHOI_MA-RI_202210_WE16,GLIDER_TRACK,2022-12-27T14:12:05Z,40.6174,-70.312,,,,
WHOI,WHOI_MA-RI_202210_WE16,GLIDER_TRACK,2022-12-27T14:27:05Z,40.6192,-70.313,,,,
WHOI,WHOI_MA-RI_202210_WE16,GLIDER_TRACK,2022-12-27T14:42:05Z,40.6209,-70.3139,,,,
WHOI,WHOI_MA-RI_202210_WE16,GLIDER_TRACK,2022-12-27T15:12:05Z,40.6244,-70.3157,,,,
WHOI,WHOI_MA-RI_202210_WE16,GLIDER_TRACK,2022-12-27T15:27:05Z,40.6262,-70.3166,,,,
WHOI,WHOI_MA-RI_202210_WE16,GLIDER_TRACK,2022-12-27T15:42:05Z,40.6279,-70.3175,,,,
WHOI,WHOI_MA-RI_202210_WE16,GLIDER_TRACK,2022-12-27T15:54:21Z,40.6292,-70.318,,,,
WHOI,WHOI_MA-RI_202210_WE16,GLIDER_TRACK,2022-12-27T16:27:05Z,40.6291,-70.3126,,,,
WHOI,WHOI_MA-RI_202210_WE16,GLIDER_TRACK,2022-12-27T16:42:05Z,40.6287,-70.3119,,,,
WHOI,WHOI_MA-RI_202210_WE16,GLIDER_TRACK,2022-12-27T16:57:05Z,40.6284,-70.3111,,,,
WHOI,WHOI_MA-RI_202210_WE16,GLIDER_TRACK,2022-12-27T17:12:05Z,40.628,-70.3104,,,,
WHOI,WHOI_MA-RI_202210_WE16,GLIDER_TRACK,2022-12-27T17:27:05Z,40.6277,-70.3097,,,,
WHOI,WHOI_MA-RI_202210_WE16,GLIDER_TRACK,2022-12-27T17:42:05Z,40.6273,-70.309,,,,
WHOI,WHOI_MA-RI_202210_WE16,GLIDER_TRACK,2022-12-27T18:12:05Z,40.6266,-70.3075,,,,
WHOI,WHOI_MA-RI_202210_WE16,GLIDER_TRACK,2022-12-27T18:14:26Z,40.6266,-70.3075,,,,
WHOI,WHOI_MA-RI_202210_WE16,GLIDER_TRACK,2022-12-27T18:42:05Z,40.6243,-70.3002,,,,
WHOI,WHOI_MA-RI_202210_WE16,GLIDER_TRACK,2022-12-27T18:57:05Z,40.6224,-70.3003,,,,
WHOI,WHOI_MA-RI_202210_WE16,GLIDER_TRACK,2022-12-27T19:12:05Z,40.6206,-70.3005,,,,
WHOI,WHOI_MA-RI_202210_WE16,GLIDER_TRACK,2022-12-27T19:27:05Z,40.6188,-70.3006,,,,
WHOI,WHOI_MA-RI_202210_WE16,GLIDER_TRACK,2022-12-27T19:42:05Z,40.6169,-70.3008,,,,
WHOI,WHOI_MA-RI_202210_WE16,GLIDER_TRACK,2022-12-27T20:12:05Z,40.6133,-70.3011,,,,
WHOI,WHOI_MA-RI_202210_WE16,GLIDER_TRACK,2022-12-27T20:27:05Z,40.6114,-70.3012,,,,
WHOI,WHOI_MA-RI_202210_WE16,GLIDER_TRACK,2022-12-27T21:12:05Z,40.6048,-70.2999,,,,
WHOI,WHOI_MA-RI_202210_WE16,GLIDER_TRACK,2022-12-27T21:27:05Z,40.6029,-70.302,,,,
WHOI,WHOI_MA-RI_202210_WE16,GLIDER_TRACK,2022-12-27T22:12:05Z,40.5988,-70.3112,,,,
WHOI,WHOI_MA-RI_202210_WE16,GLIDER_TRACK,2022-12-27T22:27:05Z,40.5975,-70.3143,,,,
WHOI,WHOI_MA-RI_202210_WE16,GLIDER_TRACK,2022-12-27T23:01:18Z,40.5949,-70.3206,,,,
WHOI,WHOI_MA-RI_202210_WE16,GLIDER_TRACK,2022-12-27T23:27:05Z,40.5921,-70.3242,,,,
WHOI,WHOI_MA-RI_202210_WE16,GLIDER_TRACK,2022-12-27T23:42:05Z,40.593,-70.3282,,,,
WHOI,WHOI_MA-RI_202210_WE16,GLIDER_TRACK,2022-12-28T00:12:05Z,40.595,-70.3361,,,,
WHOI,WHOI_MA-RI_202210_WE16,GLIDER_TRACK,2022-12-28T00:27:05Z,40.5959,-70.3401,,,,
WHOI,WHOI_MA-RI_202210_WE16,GLIDER_TRACK,2022-12-28T01:12:05Z,40.5989,-70.352,,,,
WHOI,WHOI_MA-RI_202210_WE16,GLIDER_TRACK,2022-12-28T01:21:29Z,40.5994,-70.3545,,,,
WHOI,WHOI_MA-RI_202210_WE16,GLIDER_TRACK,2022-12-28T02:12:05Z,40.6056,-70.3607,,,,
WHOI,WHOI_MA-RI_202210_WE16,GLIDER_TRACK,2022-12-28T02:27:05Z,40.6089,-70.3623,,,,
WHOI,WHOI_MA-RI_202210_WE16,GLIDER_TRACK,2022-12-28T03:12:05Z,40.6188,-70.367,,,,
WHOI,WHOI_MA-RI_202210_WE16,GLIDER_TRACK,2022-12-28T03:27:05Z,40.6221,-70.3685,,,,
WHOI,WHOI_MA-RI_202210_WE16,GLIDER_TRACK,2022-12-28T03:42:05Z,40.6253,-70.3701,,,,
WHOI,WHOI_MA-RI_202210_WE16,GLIDER_TRACK,2022-12-28T03:42:52Z,40.6253,-70.3701,,,,
WHOI,WHOI_MA-RI_202210_WE16,GLIDER_TRACK,2022-12-28T04:12:05Z,40.6277,-70.3719,,,,
WHOI,WHOI_MA-RI_202210_WE16,GLIDER_TRACK,2022-12-28T04:27:05Z,40.6288,-70.3739,,,,
WHOI,WHOI_MA-RI_202210_WE16,GLIDER_TRACK,2022-12-28T05:12:05Z,40.6323,-70.3797,,,,
WHOI,WHOI_MA-RI_202210_WE16,GLIDER_TRACK,2022-12-28T05:27:05Z,40.6334,-70.3817,,,,
WHOI,WHOI_MA-RI_202210_WE16,GLIDER_TRACK,2022-12-28T06:04:22Z,40.6365,-70.3862,,,,
WHOI,WHOI_MA-RI_202210_WE16,GLIDER_TRACK,2022-12-28T06:27:05Z,40.6376,-70.3852,,,,
WHOI,WHOI_MA-RI_202210_WE16,GLIDER_TRACK,2022-12-28T06:42:05Z,40.6372,-70.3859,,,,
WHOI,WHOI_MA-RI_202210_WE16,GLIDER_TRACK,2022-12-28T07:12:05Z,40.6363,-70.3873,,,,
WHOI,WHOI_MA-RI_202210_WE16,GLIDER_TRACK,2022-12-28T07:27:05Z,40.6358,-70.3881,,,,
WHOI,WHOI_MA-RI_202210_WE16,GLIDER_TRACK,2022-12-28T08:12:05Z,40.6345,-70.3902,,,,
WHOI,WHOI_MA-RI_202210_WE16,GLIDER_TRACK,2022-12-28T08:24:13Z,40.6342,-70.3906,,,,
WHOI,WHOI_MA-RI_202210_WE16,GLIDER_TRACK,2022-12-28T09:12:05Z,40.6325,-70.3924,,,,
WHOI,WHOI_MA-RI_202210_WE16,GLIDER_TRACK,2022-12-28T09:27:05Z,40.632,-70.3943,,,,
WHOI,WHOI_MA-RI_202210_WE16,GLIDER_TRACK,2022-12-28T09:42:05Z,40.6314,-70.3962,,,,
WHOI,WHOI_MA-RI_202210_WE16,GLIDER_TRACK,2022-12-28T10:12:05Z,40.6303,-70.4001,,,,
WHOI,WHOI_MA-RI_202210_WE16,GLIDER_TRACK,2022-12-28T10:27:05Z,40.6298,-70.402,,,,
WHOI,WHOI_MA-RI_202210_WE16,GLIDER_TRACK,2022-12-28T10:42:05Z,40.6292,-70.4039,,,,
WHOI,WHOI_MA-RI_202210_WE16,GLIDER_TRACK,2022-12-28T11:12:05Z,40.6277,-70.4047,,,,
WHOI,WHOI_MA-RI_202210_WE16,GLIDER_TRACK,2022-12-28T11:27:05Z,40.6284,-70.4072,,,,
WHOI,WHOI_MA-RI_202210_WE16,GLIDER_TRACK,2022-12-28T12:12:05Z,40.6305,-70.4147,,,,
WHOI,WHOI_MA-RI_202210_WE16,GLIDER_TRACK,2022-12-28T12:27:05Z,40.6312,-70.4172,,,,
WHOI,WHOI_MA-RI_202210_WE16,GLIDER_TRACK,2022-12-28T13:06:01Z,40.6331,-70.4237,,,,
WHOI,WHOI_MA-RI_202210_WE16,GLIDER_TRACK,2022-12-28T13:27:05Z,40.6335,-70.4256,,,,
WHOI,WHOI_MA-RI_202210_WE16,GLIDER_TRACK,2022-12-28T13:42:05Z,40.6356,-70.4269,,,,
WHOI,WHOI_MA-RI_202210_WE16,GLIDER_TRACK,2022-12-28T13:57:05Z,40.6378,-70.4283,,,,
WHOI,WHOI_MA-RI_202210_WE16,GLIDER_TRACK,2022-12-28T14:12:05Z,40.64,-70.4297,,,,
WHOI,WHOI_MA-RI_202210_WE16,GLIDER_TRACK,2022-12-28T14:27:05Z,40.6422,-70.4311,,,,
WHOI,WHOI_MA-RI_202210_WE16,GLIDER_TRACK,2022-12-28T15:12:05Z,40.6488,-70.4352,,,,
WHOI,WHOI_MA-RI_202210_WE16,GLIDER_TRACK,2022-12-28T15:26:28Z,40.6507,-70.4364,,,,
WHOI,WHOI_MA-RI_202210_WE16,GLIDER_TRACK,2022-12-28T16:12:05Z,40.655,-70.4373,,,,
WHOI,WHOI_MA-RI_202210_WE16,GLIDER_TRACK,2022-12-28T16:27:05Z,40.6566,-70.4383,,,,
WHOI,WHOI_MA-RI_202210_WE16,GLIDER_TRACK,2022-12-28T16:42:05Z,40.6582,-70.4393,,,,
WHOI,WHOI_MA-RI_202210_WE16,GLIDER_TRACK,2022-12-28T16:57:05Z,40.6599,-70.4403,,,,
WHOI,WHOI_MA-RI_202210_WE16,GLIDER_TRACK,2022-12-28T17:27:05Z,40.6631,-70.4424,,,,
WHOI,WHOI_MA-RI_202210_WE16,GLIDER_TRACK,2022-12-28T17:42:05Z,40.6647,-70.4434,,,,
WHOI,WHOI_MA-RI_202210_WE16,GLIDER_TRACK,2022-12-28T17:49:34Z,40.6655,-70.443,,,,
WHOI,WHOI_MA-RI_202210_WE16,GLIDER_TRACK,2022-12-28T18:12:05Z,40.666,-70.4401,,,,
WHOI,WHOI_MA-RI_202210_WE16,GLIDER_TRACK,2022-12-28T18:27:05Z,40.6655,-70.4405,,,,
WHOI,WHOI_MA-RI_202210_WE16,GLIDER_TRACK,2022-12-28T18:42:05Z,40.6652,-70.4409,,,,
WHOI,WHOI_MA-RI_202210_WE16,GLIDER_TRACK,2022-12-28T18:57:05Z,40.6644,-70.4414,,,,
WHOI,WHOI_MA-RI_202210_WE16,GLIDER_TRACK,2022-12-28T19:12:05Z,40.6636,-70.4419,,,,
WHOI,WHOI_MA-RI_202210_WE16,GLIDER_TRACK,2022-12-28T19:27:05Z,40.663,-70.4422,,,,
WHOI,WHOI_MA-RI_202210_WE16,GLIDER_TRACK,2022-12-28T20:10:51Z,40.6592,-70.4434,,,,
WHOI,WHOI_MA-RI_202210_WE16,GLIDER_TRACK,2022-12-28T20:42:05Z,40.6571,-70.4389,,,,
WHOI,WHOI_MA-RI_202210_WE16,GLIDER_TRACK,2022-12-28T20:57:05Z,40.6557,-70.4407,,,,
WHOI,WHOI_MA-RI_202210_WE16,GLIDER_TRACK,2022-12-28T21:12:05Z,40.6543,-70.4424,,,,
WHOI,WHOI_MA-RI_202210_WE16,GLIDER_TRACK,2022-12-28T21:27:05Z,40.6529,-70.4442,,,,
WHOI,WHOI_MA-RI_202210_WE16,GLIDER_TRACK,2022-12-28T21:42:05Z,40.6517,-70.4457,,,,
WHOI,WHOI_MA-RI_202210_WE16,GLIDER_TRACK,2022-12-28T21:57:05Z,40.6507,-70.4479,,,,
WHOI,WHOI_MA-RI_202210_WE16,GLIDER_TRACK,2022-12-28T22:12:05Z,40.6494,-70.4507,,,,
WHOI,WHOI_MA-RI_202210_WE16,GLIDER_TRACK,2022-12-28T22:27:05Z,40.6481,-70.4535,,,,
WHOI,WHOI_MA-RI_202210_WE16,GLIDER_TRACK,2022-12-28T22:36:39Z,40.6473,-70.4554,,,,
WHOI,WHOI_MA-RI_202210_WE16,GLIDER_TRACK,2022-12-28T23:12:05Z,40.6452,-70.4577,,,,
WHOI,WHOI_MA-RI_202210_WE16,GLIDER_TRACK,2022-12-28T23:27:05Z,40.6453,-70.4607,,,,
WHOI,WHOI_MA-RI_202210_WE16,GLIDER_TRACK,2022-12-29T00:12:05Z,40.6456,-70.4698,,,,
WHOI,WHOI_MA-RI_202210_WE16,GLIDER_TRACK,2022-12-29T00:27:05Z,40.6456,-70.4728,,,,
WHOI,WHOI_MA-RI_202210_WE16,GLIDER_TRACK,2022-12-29T00:58:22Z,40.6458,-70.4787,,,,
WHOI,WHOI_MA-RI_202210_WE16,GLIDER_TRACK,2022-12-29T01:27:05Z,40.6462,-70.4818,,,,
WHOI,WHOI_MA-RI_202210_WE16,GLIDER_TRACK,2022-12-29T01:42:05Z,40.6477,-70.4847,,,,
WHOI,WHOI_MA-RI_202210_WE16,GLIDER_TRACK,2022-12-29T02:12:05Z,40.6505,-70.4889,,,,
WHOI,WHOI_MA-RI_202210_WE16,GLIDER_TRACK,2022-12-29T02:27:05Z,40.6531,-70.4904,,,,
WHOI,WHOI_MA-RI_202210_WE16,GLIDER_TRACK,2022-12-29T03:12:05Z,40.6608,-70.495,,,,
WHOI,WHOI_MA-RI_202210_WE16,GLIDER_TRACK,2022-12-29T03:19:18Z,40.6622,-70.4959,,,,
WHOI,WHOI_MA-RI_202210_WE16,GLIDER_TRACK,2022-12-29T03:42:05Z,40.6638,-70.4968,,,,
WHOI,WHOI_MA-RI_202210_WE16,GLIDER_TRACK,2022-12-29T03:57:05Z,40.6656,-70.4953,,,,
WHOI,WHOI_MA-RI_202210_WE16,GLIDER_TRACK,2022-12-29T04:12:05Z,40.6674,-70.4938,,,,
WHOI,WHOI_MA-RI_202210_WE16,GLIDER_TRACK,2022-12-29T04:27:05Z,40.6691,-70.4924,,,,
WHOI,WHOI_MA-RI_202210_WE16,GLIDER_TRACK,2022-12-29T04:42:05Z,40.6709,-70.4909,,,,
WHOI,WHOI_MA-RI_202210_WE16,GLIDER_TRACK,2022-12-29T05:12:05Z,40.6744,-70.4879,,,,
WHOI,WHOI_MA-RI_202210_WE16,GLIDER_TRACK,2022-12-29T05:27:05Z,40.6762,-70.4865,,,,
WHOI,WHOI_MA-RI_202210_WE16,GLIDER_TRACK,2022-12-29T05:39:22Z,40.6775,-70.4853,,,,
WHOI,WHOI_MA-RI_202210_WE16,GLIDER_TRACK,2022-12-29T06:12:05Z,40.6789,-70.4809,,,,
WHOI,WHOI_MA-RI_202210_WE16,GLIDER_TRACK,2022-12-29T06:27:05Z,40.6788,-70.4782,,,,
WHOI,WHOI_MA-RI_202210_WE16,GLIDER_TRACK,2022-12-29T06:42:05Z,40.6788,-70.4755,,,,
WHOI,WHOI_MA-RI_202210_WE16,GLIDER_TRACK,2022-12-29T07:12:05Z,40.6787,-70.4701,,,,
WHOI,WHOI_MA-RI_202210_WE16,GLIDER_TRACK,2022-12-29T07:27:05Z,40.6786,-70.4674,,,,
WHOI,WHOI_MA-RI_202210_WE16,GLIDER_TRACK,2022-12-29T08:27:05Z,40.6789,-70.4585,,,,
WHOI,WHOI_MA-RI_202210_WE16,GLIDER_TRACK,2022-12-29T08:42:05Z,40.6769,-70.458,,,,
WHOI,WHOI_MA-RI_202210_WE16,GLIDER_TRACK,2022-12-29T08:57:05Z,40.6749,-70.4576,,,,
WHOI,WHOI_MA-RI_202210_WE16,GLIDER_TRACK,2022-12-29T09:12:05Z,40.6729,-70.4572,,,,
WHOI,WHOI_MA-RI_202210_WE16,GLIDER_TRACK,2022-12-29T09:27:05Z,40.6709,-70.4567,,,,
WHOI,WHOI_MA-RI_202210_WE16,GLIDER_TRACK,2022-12-29T10:12:05Z,40.6649,-70.4555,,,,
WHOI,WHOI_MA-RI_202210_WE16,GLIDER_TRACK,2022-12-29T10:17:24Z,40.6649,-70.4555,,,,
WHOI,WHOI_MA-RI_202210_WE16,GLIDER_TRACK,2022-12-29T11:12:05Z,40.6641,-70.4572,,,,
WHOI,WHOI_MA-RI_202210_WE16,GLIDER_TRACK,2022-12-29T11:27:05Z,40.6646,-70.4591,,,,
WHOI,WHOI_MA-RI_202210_WE16,GLIDER_TRACK,2022-12-29T11:42:05Z,40.6651,-70.461,,,,
WHOI,WHOI_MA-RI_202210_WE16,GLIDER_TRACK,2022-12-29T12:12:05Z,40.666,-70.4647,,,,
WHOI,WHOI_MA-RI_202210_WE16,GLIDER_TRACK,2022-12-29T12:27:05Z,40.6664,-70.4665,,,,
WHOI,WHOI_MA-RI_202210_WE16,GLIDER_TRACK,2022-12-29T13:12:05Z,40.6671,-70.4694,,,,
WHOI,WHOI_MA-RI_202210_WE16,GLIDER_TRACK,2022-12-29T13:27:05Z,40.6689,-70.4707,,,,
WHOI,WHOI_MA-RI_202210_WE16,GLIDER_TRACK,2022-12-29T14:12:05Z,40.6742,-70.4746,,,,
WHOI,WHOI_MA-RI_202210_WE16,GLIDER_TRACK,2022-12-29T15:01:24Z,40.6796,-70.4785,,,,
WHOI,WHOI_MA-RI_202210_WE16,GLIDER_TRACK,2022-12-29T15:27:05Z,40.6816,-70.4794,,,,
WHOI,WHOI_MA-RI_202210_WE16,GLIDER_TRACK,2022-12-29T15:42:05Z,40.6844,-70.479,,,,
WHOI,WHOI_MA-RI_202210_WE16,GLIDER_TRACK,2022-12-29T15:57:05Z,40.6873,-70.4786,,,,
WHOI,WHOI_MA-RI_202210_WE16,GLIDER_TRACK,2022-12-29T16:12:05Z,40.6901,-70.4782,,,,
WHOI,WHOI_MA-RI_202210_WE16,GLIDER_TRACK,2022-12-29T16:27:05Z,40.6929,-70.4778,,,,
WHOI,WHOI_MA-RI_202210_WE16,GLIDER_TRACK,2022-12-29T17:12:05Z,40.7014,-70.4766,,,,
WHOI,WHOI_MA-RI_202210_WE16,GLIDER_TRACK,2022-12-29T17:23:03Z,40.7032,-70.4763,,,,
WHOI,WHOI_MA-RI_202210_WE16,GLIDER_TRACK,2022-12-29T17:57:05Z,40.7073,-70.4737,,,,
WHOI,WHOI_MA-RI_202210_WE16,GLIDER_TRACK,2022-12-29T18:12:05Z,40.71,-70.472,,,,
WHOI,WHOI_MA-RI_202210_WE16,GLIDER_TRACK,2022-12-29T19:12:05Z,40.7208,-70.4655,,,,
WHOI,WHOI_MA-RI_202210_WE16,GLIDER_TRACK,2022-12-29T20:12:05Z,40.7281,-70.4595,,,,
WHOI,WHOI_MA-RI_202210_WE16,GLIDER_TRACK,2022-12-29T20:27:05Z,40.7293,-70.4599,,,,
WHOI,WHOI_MA-RI_202210_WE16,GLIDER_TRACK,2022-12-29T20:42:05Z,40.7305,-70.4604,,,,
WHOI,WHOI_MA-RI_202210_WE16,GLIDER_TRACK,2022-12-29T21:12:05Z,40.733,-70.4613,,,,
WHOI,WHOI_MA-RI_202210_WE16,GLIDER_TRACK,2022-12-29T22:05:07Z,40.7369,-70.4625,,,,
WHOI,WHOI_MA-RI_202210_WE16,GLIDER_TRACK,2022-12-29T22:42:05Z,40.736,-70.4622,,,,
WHOI,WHOI_MA-RI_202210_WE16,GLIDER_TRACK,2022-12-29T23:12:05Z,40.7372,-70.4663,,,,
WHOI,WHOI_MA-RI_202210_WE16,GLIDER_TRACK,2022-12-29T23:27:05Z,40.7377,-70.4683,,,,
WHOI,WHOI_MA-RI_202210_WE16,GLIDER_TRACK,2022-12-30T00:12:05Z,40.7392,-70.4753,,,,
WHOI,WHOI_MA-RI_202210_WE16,GLIDER_TRACK,2022-12-30T00:27:05Z,40.7398,-70.4781,,,,
WHOI,WHOI_MA-RI_202210_WE16,GLIDER_TRACK,2022-12-30T01:12:05Z,40.741,-70.4837,,,,
WHOI,WHOI_MA-RI_202210_WE16,GLIDER_TRACK,2022-12-30T02:12:05Z,40.7473,-70.4951,,,,
WHOI,WHOI_MA-RI_202210_WE16,GLIDER_TRACK,2022-12-30T02:27:05Z,40.7489,-70.4979,,,,
WHOI,WHOI_MA-RI_202210_WE16,GLIDER_TRACK,2022-12-30T02:42:05Z,40.7504,-70.5008,,,,
WHOI,WHOI_MA-RI_202210_WE16,GLIDER_TRACK,2022-12-30T02:52:54Z,40.7515,-70.5027,,,,
WHOI,WHOI_MA-RI_202210_WE16,GLIDER_TRACK,2022-12-30T03:27:05Z,40.7551,-70.5051,,,,
WHOI,WHOI_MA-RI_202210_WE16,GLIDER_TRACK,2022-12-30T03:42:05Z,40.7581,-70.5057,,,,
WHOI,WHOI_MA-RI_202210_WE16,GLIDER_TRACK,2022-12-30T03:57:05Z,40.7611,-70.5063,,,,
WHOI,WHOI_MA-RI_202210_WE16,GLIDER_TRACK,2022-12-30T04:12:05Z,40.764,-70.5069,,,,
WHOI,WHOI_MA-RI_202210_WE16,GLIDER_TRACK,2022-12-30T04:27:05Z,40.767,-70.5074,,,,
WHOI,WHOI_MA-RI_202210_WE16,GLIDER_TRACK,2022-12-30T04:42:05Z,40.77,-70.508,,,,
WHOI,WHOI_MA-RI_202210_WE16,GLIDER_TRACK,2022-12-30T04:57:05Z,40.7729,-70.5086,,,,
WHOI,WHOI_MA-RI_202210_WE16,GLIDER_TRACK,2022-12-30T05:12:05Z,40.7759,-70.5092,,,,
WHOI,WHOI_MA-RI_202210_WE16,GLIDER_TRACK,2022-12-30T05:14:07Z,40.7759,-70.5092,,,,
WHOI,WHOI_MA-RI_202210_WE16,GLIDER_TRACK,2022-12-30T05:42:05Z,40.7799,-70.5086,,,,
WHOI,WHOI_MA-RI_202210_WE16,GLIDER_TRACK,2022-12-30T05:57:05Z,40.782,-70.506,,,,
WHOI,WHOI_MA-RI_202210_WE16,GLIDER_TRACK,2022-12-30T06:12:05Z,40.7841,-70.5034,,,,
WHOI,WHOI_MA-RI_202210_WE16,GLIDER_TRACK,2022-12-30T06:27:05Z,40.7863,-70.5008,,,,
WHOI,WHOI_MA-RI_202210_WE16,GLIDER_TRACK,2022-12-30T06:42:05Z,40.7884,-70.4983,,,,
WHOI,WHOI_MA-RI_202210_WE16,GLIDER_TRACK,2022-12-30T06:57:05Z,40.7905,-70.4957,,,,
WHOI,WHOI_MA-RI_202210_WE16,GLIDER_TRACK,2022-12-30T07:12:05Z,40.7927,-70.4931,,,,
WHOI,WHOI_MA-RI_202210_WE16,GLIDER_TRACK,2022-12-30T07:27:05Z,40.7948,-70.4905,,,,
WHOI,WHOI_MA-RI_202210_WE16,GLIDER_TRACK,2022-12-30T07:35:42Z,40.7961,-70.4889,,,,
WHOI,WHOI_MA-RI_202210_WE16,GLIDER_TRACK,2022-12-30T07:57:05Z,40.7975,-70.4863,,,,
WHOI,WHOI_MA-RI_202210_WE16,GLIDER_TRACK,2022-12-30T08:12:05Z,40.7998,-70.4843,,,,
WHOI,WHOI_MA-RI_202210_WE16,GLIDER_TRACK,2022-12-30T08:27:05Z,40.8021,-70.4823,,,,
WHOI,WHOI_MA-RI_202210_WE16,GLIDER_TRACK,2022-12-30T08:42:05Z,40.8045,-70.4803,,,,
WHOI,WHOI_MA-RI_202210_WE16,GLIDER_TRACK,2022-12-30T08:57:05Z,40.8068,-70.4784,,,,
WHOI,WHOI_MA-RI_202210_WE16,GLIDER_TRACK,2022-12-30T09:12:05Z,40.8091,-70.4764,,,,
WHOI,WHOI_MA-RI_202210_WE16,GLIDER_TRACK,2022-12-30T09:27:05Z,40.8115,-70.4744,,,,
WHOI,WHOI_MA-RI_202210_WE16,GLIDER_TRACK,2022-12-30T09:42:05Z,40.8138,-70.4724,,,,
WHOI,WHOI_MA-RI_202210_WE16,GLIDER_TRACK,2022-12-30T10:27:05Z,40.816,-70.4692,,,,
WHOI,WHOI_MA-RI_202210_WE16,GLIDER_TRACK,2022-12-30T10:42:05Z,40.8168,-70.4704,,,,
WHOI,WHOI_MA-RI_202210_WE16,GLIDER_TRACK,2022-12-30T10:57:05Z,40.8177,-70.4715,,,,
WHOI,WHOI_MA-RI_202210_WE16,GLIDER_TRACK,2022-12-30T11:12:05Z,40.8185,-70.4727,,,,
WHOI,WHOI_MA-RI_202210_WE16,GLIDER_TRACK,2022-12-30T11:27:05Z,40.8194,-70.4738,,,,
WHOI,WHOI_MA-RI_202210_WE16,GLIDER_TRACK,2022-12-30T11:42:05Z,40.8202,-70.475,,,,
WHOI,WHOI_MA-RI_202210_WE16,GLIDER_TRACK,2022-12-30T11:57:05Z,40.8211,-70.4761,,,,
WHOI,WHOI_MA-RI_202210_WE16,GLIDER_TRACK,2022-12-30T12:12:05Z,40.822,-70.4773,,,,
WHOI,WHOI_MA-RI_202210_WE16,GLIDER_TRACK,2022-12-30T12:12:53Z,40.8219,-70.4772,,,,
WHOI,WHOI_MA-RI_202210_WE16,GLIDER_TRACK,2022-12-30T12:57:05Z,40.8219,-70.4782,,,,
WHOI,WHOI_MA-RI_202210_WE16,GLIDER_TRACK,2022-12-30T13:12:05Z,40.8231,-70.4799,,,,
WHOI,WHOI_MA-RI_202210_WE16,GLIDER_TRACK,2022-12-30T13:27:05Z,40.8242,-70.4815,,,,
WHOI,WHOI_MA-RI_202210_WE16,GLIDER_TRACK,2022-12-30T13:42:05Z,40.8254,-70.4831,,,,
WHOI,WHOI_MA-RI_202210_WE16,GLIDER_TRACK,2022-12-30T13:57:05Z,40.8265,-70.4847,,,,
WHOI,WHOI_MA-RI_202210_WE16,GLIDER_TRACK,2022-12-30T14:12:05Z,40.8277,-70.4864,,,,
WHOI,WHOI_MA-RI_202210_WE16,GLIDER_TRACK,2022-12-30T14:27:05Z,40.8289,-70.488,,,,
WHOI,WHOI_MA-RI_202210_WE16,GLIDER_TRACK,2022-12-30T14:42:00Z,40.8299,-70.4895,,,,
WHOI,WHOI_MA-RI_202210_WE16,GLIDER_TRACK,2022-12-30T15:12:05Z,40.8324,-70.4901,,,,
WHOI,WHOI_MA-RI_202210_WE16,GLIDER_TRACK,2022-12-30T16:12:05Z,40.8411,-70.4905,,,,
WHOI,WHOI_MA-RI_202210_WE16,GLIDER_TRACK,2022-12-30T17:12:05Z,40.849,-70.4902,,,,
WHOI,WHOI_MA-RI_202210_WE16,GLIDER_TRACK,2022-12-30T17:27:05Z,40.8516,-70.4885,,,,
WHOI,WHOI_MA-RI_202210_WE16,GLIDER_TRACK,2022-12-30T18:12:05Z,40.8592,-70.4832,,,,
WHOI,WHOI_MA-RI_202210_WE16,GLIDER_TRACK,2022-12-30T19:07:35Z,40.8685,-70.4766,,,,
WHOI,WHOI_MA-RI_202210_WE16,GLIDER_TRACK,2022-12-30T20:12:05Z,40.8722,-70.4672,,,,
WHOI,WHOI_MA-RI_202210_WE16,GLIDER_TRACK,2022-12-30T20:27:05Z,40.8727,-70.4651,,,,
WHOI,WHOI_MA-RI_202210_WE16,GLIDER_TRACK,2022-12-30T20:42:05Z,40.8732,-70.463,,,,
WHOI,WHOI_MA-RI_202210_WE16,GLIDER_TRACK,2022-12-30T20:57:05Z,40.8737,-70.4609,,,,
WHOI,WHOI_MA-RI_202210_WE16,GLIDER_TRACK,2022-12-30T21:12:05Z,40.8742,-70.4588,,,,
WHOI,WHOI_MA-RI_202210_WE16,GLIDER_TRACK,2022-12-30T21:27:05Z,40.8748,-70.4567,,,,
WHOI,WHOI_MA-RI_202210_WE16,GLIDER_TRACK,2022-12-30T21:42:05Z,40.8753,-70.4546,,,,
WHOI,WHOI_MA-RI_202210_WE16,GLIDER_TRACK,2022-12-30T22:12:05Z,40.8754,-70.4515,,,,
WHOI,WHOI_MA-RI_202210_WE16,GLIDER_TRACK,2022-12-30T22:27:05Z,40.876,-70.4513,,,,
WHOI,WHOI_MA-RI_202210_WE16,GLIDER_TRACK,2022-12-30T22:42:05Z,40.8767,-70.4511,,,,
WHOI,WHOI_MA-RI_202210_WE16,GLIDER_TRACK,2022-12-30T22:57:05Z,40.8773,-70.451,,,,
WHOI,WHOI_MA-RI_202210_WE16,GLIDER_TRACK,2022-12-30T23:12:05Z,40.8779,-70.4508,,,,
WHOI,WHOI_MA-RI_202210_WE16,GLIDER_TRACK,2022-12-30T23:27:05Z,40.8785,-70.4507,,,,
WHOI,WHOI_MA-RI_202210_WE16,GLIDER_TRACK,2022-12-30T23:42:05Z,40.8791,-70.4505,,,,
WHOI,WHOI_MA-RI_202210_WE16,GLIDER_TRACK,2022-12-30T23:57:05Z,40.8797,-70.4503,,,,
WHOI,WHOI_MA-RI_202210_WE16,GLIDER_TRACK,2022-12-31T00:05:02Z,40.8799,-70.4503,,,,
WHOI,WHOI_MA-RI_202210_WE16,GLIDER_TRACK,2022-12-31T00:27:05Z,40.8799,-70.4514,,,,
WHOI,WHOI_MA-RI_202210_WE16,GLIDER_TRACK,2022-12-31T00:42:05Z,40.8809,-70.4531,,,,
WHOI,WHOI_MA-RI_202210_WE16,GLIDER_TRACK,2022-12-31T00:57:05Z,40.8818,-70.4548,,,,
WHOI,WHOI_MA-RI_202210_WE16,GLIDER_TRACK,2022-12-31T01:12:05Z,40.8827,-70.4566,,,,
WHOI,WHOI_MA-RI_202210_WE16,GLIDER_TRACK,2022-12-31T01:27:05Z,40.8836,-70.4583,,,,
WHOI,WHOI_MA-RI_202210_WE16,GLIDER_TRACK,2022-12-31T01:42:05Z,40.8846,-70.46,,,,
WHOI,WHOI_MA-RI_202210_WE16,GLIDER_TRACK,2022-12-31T02:12:05Z,40.8864,-70.4635,,,,
WHOI,WHOI_MA-RI_202210_WE16,GLIDER_TRACK,2022-12-31T02:17:04Z,40.8864,-70.4635,,,,
WHOI,WHOI_MA-RI_202210_WE16,GLIDER_TRACK,2022-12-31T02:57:05Z,40.8878,-70.468,,,,
WHOI,WHOI_MA-RI_202210_WE16,GLIDER_TRACK,2022-12-31T03:12:05Z,40.8898,-70.4691,,,,
WHOI,WHOI_MA-RI_202210_WE16,GLIDER_TRACK,2022-12-31T03:27:05Z,40.8918,-70.4701,,,,
WHOI,WHOI_MA-RI_202210_WE16,GLIDER_TRACK,2022-12-31T03:42:05Z,40.8938,-70.4712,,,,
WHOI,WHOI_MA-RI_202210_WE16,GLIDER_TRACK,2022-12-31T04:12:05Z,40.8977,-70.4733,,,,
WHOI,WHOI_MA-RI_202210_WE16,GLIDER_TRACK,2022-12-31T04:27:05Z,40.8997,-70.4743,,,,
WHOI,WHOI_MA-RI_202210_WE16,GLIDER_TRACK,2022-12-31T04:42:05Z,40.9016,-70.4753,,,,
WHOI,WHOI_MA-RI_202210_WE16,GLIDER_TRACK,2022-12-31T04:42:50Z,40.9016,-70.4753,,,,
WHOI,WHOI_MA-RI_202210_WE16,GLIDER_TRACK,2022-12-31T05:12:05Z,40.9057,-70.4755,,,,
WHOI,WHOI_MA-RI_202210_WE16,GLIDER_TRACK,2022-12-31T05:27:05Z,40.9085,-70.4739,,,,
WHOI,WHOI_MA-RI_202210_WE16,GLIDER_TRACK,2022-12-31T05:42:05Z,40.9113,-70.4724,,,,
WHOI,WHOI_MA-RI_202210_WE16,GLIDER_TRACK,2022-12-31T05:57:05Z,40.914,-70.4708,,,,
WHOI,WHOI_MA-RI_202210_WE16,GLIDER_TRACK,2022-12-31T06:12:05Z,40.9168,-70.4692,,,,
WHOI,WHOI_MA-RI_202210_WE16,GLIDER_TRACK,2022-12-31T06:27:05Z,40.9196,-70.4676,,,,
WHOI,WHOI_MA-RI_202210_WE16,GLIDER_TRACK,2022-12-31T06:42:05Z,40.9224,-70.4661,,,,
WHOI,WHOI_MA-RI_202210_WE16,GLIDER_TRACK,2022-12-31T06:57:05Z,40.9252,-70.4645,,,,
WHOI,WHOI_MA-RI_202210_WE16,GLIDER_TRACK,2022-12-31T07:03:27Z,40.9252,-70.4645,,,,
WHOI,WHOI_MA-RI_202210_WE16,GLIDER_TRACK,2022-12-31T07:27:05Z,40.9293,-70.4617,,,,
WHOI,WHOI_MA-RI_202210_WE16,GLIDER_TRACK,2022-12-31T07:42:05Z,40.932,-70.4584,,,,
WHOI,WHOI_MA-RI_202210_WE16,GLIDER_TRACK,2022-12-31T07:57:05Z,40.9347,-70.455,,,,
WHOI,WHOI_MA-RI_202210_WE16,GLIDER_TRACK,2022-12-31T08:12:05Z,40.9374,-70.4516,,,,
WHOI,WHOI_MA-RI_202210_WE16,GLIDER_TRACK,2022-12-31T08:27:05Z,40.94,-70.4483,,,,
WHOI,WHOI_MA-RI_202210_WE16,GLIDER_TRACK,2022-12-31T08:42:05Z,40.9427,-70.4449,,,,
WHOI,WHOI_MA-RI_202210_WE16,GLIDER_TRACK,2022-12-31T09:12:05Z,40.9481,-70.4382,,,,
WHOI,WHOI_MA-RI_202210_WE16,GLIDER_TRACK,2022-12-31T09:23:46Z,40.95,-70.4358,,,,
WHOI,WHOI_MA-RI_202210_WE16,GLIDER_TRACK,2022-12-31T09:57:05Z,40.9524,-70.4316,,,,
WHOI,WHOI_MA-RI_202210_WE16,GLIDER_TRACK,2022-12-31T10:12:05Z,40.9533,-70.4313,,,,
WHOI,WHOI_MA-RI_202210_WE16,GLIDER_TRACK,2022-12-31T10:27:05Z,40.9543,-70.431,,,,
WHOI,WHOI_MA-RI_202210_WE16,GLIDER_TRACK,2022-12-31T11:12:05Z,40.9571,-70.4301,,,,
WHOI,WHOI_MA-RI_202210_WE16,GLIDER_TRACK,2022-12-31T11:27:05Z,40.9581,-70.4298,,,,
WHOI,WHOI_MA-RI_202210_WE16,GLIDER_TRACK,2022-12-31T12:12:05Z,40.9591,-70.4279,,,,
WHOI,WHOI_MA-RI_202210_WE16,GLIDER_TRACK,2022-12-31T12:27:05Z,40.9593,-70.4295,,,,
WHOI,WHOI_MA-RI_202210_WE16,GLIDER_TRACK,2022-12-31T12:42:05Z,40.9596,-70.4311,,,,
WHOI,WHOI_MA-RI_202210_WE16,GLIDER_TRACK,2022-12-31T12:57:05Z,40.9598,-70.4327,,,,
WHOI,WHOI_MA-RI_202210_WE16,GLIDER_TRACK,2022-12-31T13:12:05Z,40.96,-70.4343,,,,
WHOI,WHOI_MA-RI_202210_WE16,GLIDER_TRACK,2022-12-31T13:27:05Z,40.9603,-70.4359,,,,
WHOI,WHOI_MA-RI_202210_WE16,GLIDER_TRACK,2022-12-31T13:42:05Z,40.9605,-70.4374,,,,
WHOI,WHOI_MA-RI_202210_WE16,GLIDER_TRACK,2022-12-31T14:04:46Z,40.9608,-70.4399,,,,
WHOI,WHOI_MA-RI_202210_WE16,GLIDER_TRACK,2022-12-31T14:27:05Z,40.9604,-70.4408,,,,
WHOI,WHOI_MA-RI_202210_WE16,GLIDER_TRACK,2022-12-31T14:42:05Z,40.9611,-70.4423,,,,
WHOI,WHOI_MA-RI_202210_WE16,GLIDER_TRACK,2022-12-31T14:57:05Z,40.9623,-70.4438,,,,
WHOI,WHOI_MA-RI_202210_WE16,GLIDER_TRACK,2022-12-31T15:12:05Z,40.9635,-70.4453,,,,
WHOI,WHOI_MA-RI_202210_WE16,GLIDER_TRACK,2022-12-31T15:27:05Z,40.9647,-70.4468,,,,
WHOI,WHOI_MA-RI_202210_WE16,GLIDER_TRACK,2022-12-31T15:42:05Z,40.9659,-70.4483,,,,
WHOI,WHOI_MA-RI_202210_WE16,GLIDER_TRACK,2022-12-31T16:12:05Z,40.9683,-70.4513,,,,
WHOI,WHOI_MA-RI_202210_WE16,GLIDER_TRACK,2022-12-31T16:18:54Z,40.9688,-70.452,,,,
WHOI,WHOI_MA-RI_202210_WE16,GLIDER_TRACK,2022-12-31T16:42:05Z,40.9706,-70.4524,,,,
WHOI,WHOI_MA-RI_202210_WE16,GLIDER_TRACK,2022-12-31T17:12:05Z,40.9755,-70.4525,,,,
WHOI,WHOI_MA-RI_202210_WE16,GLIDER_TRACK,2022-12-31T17:27:05Z,40.9779,-70.4526,,,,
WHOI,WHOI_MA-RI_202210_WE16,GLIDER_TRACK,2022-12-31T17:42:05Z,40.9804,-70.4526,,,,
WHOI,WHOI_MA-RI_202210_WE16,GLIDER_TRACK,2022-12-31T17:57:05Z,40.9828,-70.4526,,,,
WHOI,WHOI_MA-RI_202210_WE16,GLIDER_TRACK,2022-12-31T18:12:05Z,40.9852,-70.4527,,,,
WHOI,WHOI_MA-RI_202210_WE16,GLIDER_TRACK,2022-12-31T18:27:05Z,40.9877,-70.4527,,,,
WHOI,WHOI_MA-RI_202210_WE16,GLIDER_TRACK,2022-12-31T19:12:05Z,40.9931,-70.4485,,,,
WHOI,WHOI_MA-RI_202210_WE16,GLIDER_TRACK,2022-12-31T19:27:05Z,40.9958,-70.4462,,,,
WHOI,WHOI_MA-RI_202210_WE16,GLIDER_TRACK,2022-12-31T19:42:05Z,40.9984,-70.4438,,,,
WHOI,WHOI_MA-RI_202210_WE16,GLIDER_TRACK,2022-12-31T20:12:05Z,41.0037,-70.4391,,,,
WHOI,WHOI_MA-RI_202210_WE16,GLIDER_TRACK,2022-12-31T20:27:05Z,41.0063,-70.4368,,,,
WHOI,WHOI_MA-RI_202210_WE16,GLIDER_TRACK,2022-12-31T21:03:25Z,41.0116,-70.4321,,,,
WHOI,WHOI_MA-RI_202210_WE16,GLIDER_TRACK,2022-12-31T21:27:05Z,41.0144,-70.4269,,,,
WHOI,WHOI_MA-RI_202210_WE16,GLIDER_TRACK,2022-12-31T21:42:05Z,41.0155,-70.4262,,,,
WHOI,WHOI_MA-RI_202210_WE16,GLIDER_TRACK,2022-12-31T21:57:05Z,41.0166,-70.4256,,,,
WHOI,WHOI_MA-RI_202210_WE16,GLIDER_TRACK,2022-12-31T22:12:05Z,41.0177,-70.4249,,,,
WHOI,WHOI_MA-RI_202210_WE16,GLIDER_TRACK,2022-12-31T22:27:05Z,41.0188,-70.4242,,,,
WHOI,WHOI_MA-RI_202210_WE16,GLIDER_TRACK,2022-12-31T22:42:05Z,41.02,-70.4235,,,,
WHOI,WHOI_MA-RI_202210_WE16,GLIDER_TRACK,2022-12-31T23:12:05Z,41.0222,-70.4222,,,,
WHOI,WHOI_MA-RI_202210_WE16,GLIDER_TRACK,2022-12-31T23:27:05Z,41.0232,-70.4216,,,,
WHOI,WHOI_MA-RI_202210_WE16,GLIDER_TRACK,2022-12-31T23:27:24Z,41.0232,-70.4216,,,,
WHOI,WHOI_MA-RI_202210_WE16,GLIDER_TRACK,2023-01-01T00:12:05Z,41.0243,-70.4201,,,,
WHOI,WHOI_MA-RI_202210_WE16,GLIDER_TRACK,2023-01-01T00:27:05Z,41.0245,-70.4217,,,,
WHOI,WHOI_MA-RI_202210_WE16,GLIDER_TRACK,2023-01-01T00:42:05Z,41.0248,-70.4234,,,,
WHOI,WHOI_MA-RI_202210_WE16,GLIDER_TRACK,2023-01-01T01:12:05Z,41.0254,-70.4267,,,,
WHOI,WHOI_MA-RI_202210_WE16,GLIDER_TRACK,2023-01-01T01:27:05Z,41.0256,-70.4284,,,,
WHOI,WHOI_MA-RI_202210_WE16,GLIDER_TRACK,2023-01-01T01:42:05Z,41.0259,-70.43,,,,
WHOI,WHOI_MA-RI_202210_WE16,GLIDER_TRACK,2023-01-01T02:27:05Z,41.0265,-70.432,,,,
WHOI,WHOI_MA-RI_202210_WE16,GLIDER_TRACK,2023-01-01T02:42:05Z,41.0276,-70.434,,,,
WHOI,WHOI_MA-RI_202210_WE16,GLIDER_TRACK,2023-01-01T02:57:05Z,41.0288,-70.4359,,,,
WHOI,WHOI_MA-RI_202210_WE16,GLIDER_TRACK,2023-01-01T03:12:05Z,41.03,-70.4379,,,,
WHOI,WHOI_MA-RI_202210_WE16,GLIDER_TRACK,2023-01-01T03:27:05Z,41.0311,-70.4398,,,,
WHOI,WHOI_MA-RI_202210_WE16,GLIDER_TRACK,2023-01-01T03:42:05Z,41.0323,-70.4418,,,,
WHOI,WHOI_MA-RI_202210_WE16,GLIDER_TRACK,2023-01-01T03:57:05Z,41.0334,-70.4438,,,,
WHOI,WHOI_MA-RI_202210_WE16,GLIDER_TRACK,2023-01-01T04:12:05Z,41.0345,-70.4456,,,,
WHOI,WHOI_MA-RI_202210_WE16,GLIDER_TRACK,2023-01-01T04:12:54Z,41.0345,-70.4456,,,,
WHOI,WHOI_MA-RI_202210_WE16,GLIDER_TRACK,2023-01-01T04:42:05Z,41.0361,-70.446,,,,
WHOI,WHOI_MA-RI_202210_WE16,GLIDER_TRACK,2023-01-01T04:57:05Z,41.0383,-70.4458,,,,
WHOI,WHOI_MA-RI_202210_WE16,GLIDER_TRACK,2023-01-01T05:12:05Z,41.0405,-70.4455,,,,
WHOI,WHOI_MA-RI_202210_WE16,GLIDER_TRACK,2023-01-01T05:27:05Z,41.0427,-70.4453,,,,
WHOI,WHOI_MA-RI_202210_WE16,GLIDER_TRACK,2023-01-01T05:42:05Z,41.0449,-70.445,,,,
WHOI,WHOI_MA-RI_202210_WE16,GLIDER_TRACK,2023-01-01T06:12:05Z,41.0493,-70.4445,,,,
WHOI,WHOI_MA-RI_202210_WE16,GLIDER_TRACK,2023-01-01T06:27:05Z,41.0515,-70.4443,,,,
WHOI,WHOI_MA-RI_202210_WE16,GLIDER_TRACK,2023-01-01T06:33:25Z,41.0515,-70.4443,,,,
WHOI,WHOI_MA-RI_202210_WE16,GLIDER_TRACK,2023-01-01T07:12:05Z,41.0563,-70.4395,,,,
WHOI,WHOI_MA-RI_202210_WE16,GLIDER_TRACK,2023-01-01T07:27:05Z,41.0589,-70.4371,,,,
WHOI,WHOI_MA-RI_202210_WE16,GLIDER_TRACK,2023-01-01T07:42:05Z,41.0615,-70.4347,,,,
WHOI,WHOI_MA-RI_202210_WE16,GLIDER_TRACK,2023-01-01T08:12:05Z,41.0666,-70.43,,,,
WHOI,WHOI_MA-RI_202210_WE16,GLIDER_TRACK,2023-01-01T08:27:05Z,41.0692,-70.4276,,,,
WHOI,WHOI_MA-RI_202210_WE16,GLIDER_TRACK,2023-01-01T09:27:05Z,41.0745,-70.4171,,,,
WHOI,WHOI_MA-RI_202210_WE16,GLIDER_TRACK,2023-01-01T09:42:05Z,41.0757,-70.4155,,,,
WHOI,WHOI_MA-RI_202210_WE16,GLIDER_TRACK,2023-01-01T09:57:05Z,41.0768,-70.4139,,,,
WHOI,WHOI_MA-RI_202210_WE16,GLIDER_TRACK,2023-01-01T10:12:05Z,41.078,-70.4123,,,,
WHOI,WHOI_MA-RI_202210_WE16,GLIDER_TRACK,2023-01-01T10:27:05Z,41.0791,-70.4107,,,,
WHOI,WHOI_MA-RI_202210_WE16,GLIDER_TRACK,2023-01-01T10:42:05Z,41.0803,-70.409,,,,
WHOI,WHOI_MA-RI_202210_WE16,GLIDER_TRACK,2023-01-01T10:57:05Z,41.0814,-70.4074,,,,
WHOI,WHOI_MA-RI_202210_WE16,GLIDER_TRACK,2023-01-01T11:12:04Z,41.0824,-70.4059,,,,
WHOI,WHOI_MA-RI_202210_WE16,GLIDER_TRACK,2023-01-01T11:42:05Z,41.0808,-70.4003,,,,
WHOI,WHOI_MA-RI_202210_WE16,GLIDER_TRACK,2023-01-01T11:57:05Z,41.0804,-70.4009,,,,
WHOI,WHOI_MA-RI_202210_WE16,GLIDER_TRACK,2023-01-01T12:12:05Z,41.0801,-70.4014,,,,
WHOI,WHOI_MA-RI_202210_WE16,GLIDER_TRACK,2023-01-01T12:27:05Z,41.0797,-70.4019,,,,
WHOI,WHOI_MA-RI_202210_WE16,GLIDER_TRACK,2023-01-01T12:42:05Z,41.0794,-70.4024,,,,
WHOI,WHOI_MA-RI_202210_WE16,GLIDER_TRACK,2023-01-01T13:12:05Z,41.0787,-70.4035,,,,
WHOI,WHOI_MA-RI_202210_WE16,GLIDER_TRACK,2023-01-01T13:27:05Z,41.0784,-70.404,,,,
WHOI,WHOI_MA-RI_202210_WE16,GLIDER_TRACK,2023-01-01T13:30:33Z,41.0784,-70.404,,,,
WHOI,WHOI_MA-RI_202210_WE16,GLIDER_TRACK,2023-01-01T14:12:05Z,41.0759,-70.4053,,,,
WHOI,WHOI_MA-RI_202210_WE16,GLIDER_TRACK,2023-01-01T14:27:05Z,41.0761,-70.4079,,,,
WHOI,WHOI_MA-RI_202210_WE16,GLIDER_TRACK,2023-01-01T14:42:05Z,41.0764,-70.4104,,,,
WHOI,WHOI_MA-RI_202210_WE16,GLIDER_TRACK,2023-01-01T14:57:05Z,41.0766,-70.413,,,,
WHOI,WHOI_MA-RI_202210_WE16,GLIDER_TRACK,2023-01-01T15:12:05Z,41.0768,-70.4156,,,,
WHOI,WHOI_MA-RI_202210_WE16,GLIDER_TRACK,2023-01-01T15:27:05Z,41.077,-70.4182,,,,
WHOI,WHOI_MA-RI_202210_WE16,GLIDER_TRACK,2023-01-01T15:42:05Z,41.0772,-70.4207,,,,
WHOI,WHOI_MA-RI_202210_WE16,GLIDER_TRACK,2023-01-01T15:55:36Z,41.0774,-70.4228,,,,
WHOI,WHOI_MA-RI_202210_WE16,GLIDER_TRACK,2023-01-01T16:27:05Z,41.0761,-70.4244,,,,
WHOI,WHOI_MA-RI_202210_WE16,GLIDER_TRACK,2023-01-01T16:42:05Z,41.0776,-70.4261,,,,
WHOI,WHOI_MA-RI_202210_WE16,GLIDER_TRACK,2023-01-01T16:57:05Z,41.0791,-70.4277,,,,
WHOI,WHOI_MA-RI_202210_WE16,GLIDER_TRACK,2023-01-01T17:12:05Z,41.0806,-70.4294,,,,
WHOI,WHOI_MA-RI_202210_WE16,GLIDER_TRACK,2023-01-01T18:12:05Z,41.0864,-70.436,,,,
WHOI,WHOI_MA-RI_202210_WE16,GLIDER_TRACK,2023-01-01T18:15:37Z,41.0864,-70.436,,,,
WHOI,WHOI_MA-RI_202210_WE16,GLIDER_TRACK,2023-01-01T19:12:05Z,41.0909,-70.4341,,,,
WHOI,WHOI_MA-RI_202210_WE16,GLIDER_TRACK,2023-01-01T19:27:05Z,41.0931,-70.4331,,,,
WHOI,WHOI_MA-RI_202210_WE16,GLIDER_TRACK,2023-01-01T20:12:05Z,41.0998,-70.43,,,,
WHOI,WHOI_MA-RI_202210_WE16,GLIDER_TRACK,2023-01-01T21:12:05Z,41.1047,-70.4252,,,,
WHOI,WHOI_MA-RI_202210_WE16,GLIDER_TRACK,2023-01-01T21:27:05Z,41.1067,-70.4236,,,,
WHOI,WHOI_MA-RI_202210_WE16,GLIDER_TRACK,2023-01-01T21:42:05Z,41.1087,-70.4221,,,,
WHOI,WHOI_MA-RI_202210_WE16,GLIDER_TRACK,2023-01-01T21:57:05Z,41.1107,-70.4205,,,,
WHOI,WHOI_MA-RI_202210_WE16,GLIDER_TRACK,2023-01-01T22:12:05Z,41.1127,-70.4189,,,,
WHOI,WHOI_MA-RI_202210_WE16,GLIDER_TRACK,2023-01-01T22:27:05Z,41.1147,-70.4174,,,,
WHOI,WHOI_MA-RI_202210_WE16,GLIDER_TRACK,2023-01-01T22:42:05Z,41.1167,-70.4158,,,,
WHOI,WHOI_MA-RI_202210_WE16,GLIDER_TRACK,2023-01-01T22:57:05Z,41.1187,-70.4143,,,,
WHOI,WHOI_MA-RI_202210_WE16,GLIDER_TRACK,2023-01-01T23:05:13Z,41.1195,-70.413,,,,
WHOI,WHOI_MA-RI_202210_WE16,GLIDER_TRACK,2023-01-01T23:42:05Z,41.1187,-70.4084,,,,
WHOI,WHOI_MA-RI_202210_WE16,GLIDER_TRACK,2023-01-01T23:57:05Z,41.119,-70.4091,,,,
WHOI,WHOI_MA-RI_202210_WE16,GLIDER_TRACK,2023-01-02T00:12:05Z,41.1193,-70.4097,,,,
WHOI,WHOI_MA-RI_202210_WE16,GLIDER_TRACK,2023-01-02T00:27:05Z,41.1197,-70.4104,,,,
WHOI,WHOI_MA-RI_202210_WE16,GLIDER_TRACK,2023-01-02T00:42:05Z,41.12,-70.4111,,,,
WHOI,WHOI_MA-RI_202210_WE16,GLIDER_TRACK,2023-01-02T00:57:05Z,41.1203,-70.4117,,,,
WHOI,WHOI_MA-RI_202210_WE16,GLIDER_TRACK,2023-01-02T01:12:05Z,41.1206,-70.4124,,,,
WHOI,WHOI_MA-RI_202210_WE16,GLIDER_TRACK,2023-01-02T01:27:05Z,41.121,-70.413,,,,
WHOI,WHOI_MA-RI_202210_WE16,GLIDER_TRACK,2023-01-02T01:32:21Z,41.121,-70.413,,,,
WHOI,WHOI_MA-RI_202210_WE16,GLIDER_TRACK,2023-01-02T01:57:05Z,41.1202,-70.4138,,,,
WHOI,WHOI_MA-RI_202210_WE16,GLIDER_TRACK,2023-01-02T02:12:05Z,41.1207,-70.4158,,,,
WHOI,WHOI_MA-RI_202210_WE16,GLIDER_TRACK,2023-01-02T02:27:05Z,41.1211,-70.4172,,,,
WHOI,WHOI_MA-RI_202210_WE16,GLIDER_TRACK,2023-01-02T02:42:05Z,41.1216,-70.4196,,,,
WHOI,WHOI_MA-RI_202210_WE16,GLIDER_TRACK,2023-01-02T02:57:05Z,41.1222,-70.4222,,,,
WHOI,WHOI_MA-RI_202210_WE16,GLIDER_TRACK,2023-01-02T03:12:05Z,41.1228,-70.4248,,,,
WHOI,WHOI_MA-RI_202210_WE16,GLIDER_TRACK,2023-01-02T03:27:05Z,41.1235,-70.4274,,,,
WHOI,WHOI_MA-RI_202210_WE16,GLIDER_TRACK,2023-01-02T03:42:05Z,41.1241,-70.43,,,,
WHOI,WHOI_MA-RI_202210_WE16,GLIDER_TRACK,2023-01-02T03:45:11Z,41.1241,-70.43,,,,
WHOI,WHOI_MA-RI_202210_WE16,GLIDER_TRACK,2023-01-02T04:27:05Z,41.123,-70.4333,,,,
WHOI,WHOI_MA-RI_202210_WE16,GLIDER_TRACK,2023-01-02T04:42:05Z,41.1246,-70.4348,,,,
WHOI,WHOI_MA-RI_202210_WE16,GLIDER_TRACK,2023-01-02T04:57:05Z,41.1263,-70.4363,,,,
WHOI,WHOI_MA-RI_202210_WE16,GLIDER_TRACK,2023-01-02T05:12:05Z,41.1279,-70.4379,,,,
WHOI,WHOI_MA-RI_202210_WE16,GLIDER_TRACK,2023-01-02T05:27:05Z,41.1296,-70.4394,,,,
WHOI,WHOI_MA-RI_202210_WE16,GLIDER_TRACK,2023-01-02T05:42:05Z,41.1312,-70.441,,,,
WHOI,WHOI_MA-RI_202210_WE16,GLIDER_TRACK,2023-01-02T05:57:05Z,41.1328,-70.4425,,,,
WHOI,WHOI_MA-RI_202210_WE16,GLIDER_TRACK,2023-01-02T06:12:05Z,41.1345,-70.444,,,,
WHOI,WHOI_MA-RI_202210_WE16,GLIDER_TRACK,2023-01-02T06:15:57Z,41.1345,-70.444,,,,
WHOI,WHOI_MA-RI_202210_WE16,GLIDER_TRACK,2023-01-02T06:42:05Z,41.135,-70.4443,,,,
WHOI,WHOI_MA-RI_202210_WE16,GLIDER_TRACK,2023-01-02T06:57:05Z,41.137,-70.4423,,,,
WHOI,WHOI_MA-RI_202210_WE16,GLIDER_TRACK,2023-01-02T07:12:05Z,41.1389,-70.4403,,,,
WHOI,WHOI_MA-RI_202210_WE16,GLIDER_TRACK,2023-01-02T07:27:05Z,41.1409,-70.4384,,,,
WHOI,WHOI_MA-RI_202210_WE16,GLIDER_TRACK,2023-01-02T07:42:05Z,41.1429,-70.4364,,,,
WHOI,WHOI_MA-RI_202210_WE16,GLIDER_TRACK,2023-01-02T07:57:05Z,41.1449,-70.4344,,,,
WHOI,WHOI_MA-RI_202210_WE16,GLIDER_TRACK,2023-01-02T08:12:05Z,41.1469,-70.4324,,,,
WHOI,WHOI_MA-RI_202210_WE16,GLIDER_TRACK,2023-01-02T08:27:05Z,41.1489,-70.4305,,,,
WHOI,WHOI_MA-RI_202210_WE16,GLIDER_TRACK,2023-01-02T09:12:05Z,41.1514,-70.4234,,,,
WHOI,WHOI_MA-RI_202210_WE16,GLIDER_TRACK,2023-01-02T09:27:05Z,41.152,-70.4199,,,,
WHOI,WHOI_MA-RI_202210_WE16,GLIDER_TRACK,2023-01-02T09:42:05Z,41.1527,-70.4163,,,,
WHOI,WHOI_MA-RI_202210_WE16,GLIDER_TRACK,2023-01-02T09:57:05Z,41.1534,-70.4128,,,,
WHOI,WHOI_MA-RI_202210_WE16,GLIDER_TRACK,2023-01-02T10:12:05Z,41.154,-70.4092,,,,
WHOI,WHOI_MA-RI_202210_WE16,GLIDER_TRACK,2023-01-02T10:27:05Z,41.1547,-70.4057,,,,
WHOI,WHOI_MA-RI_202210_WE16,GLIDER_TRACK,2023-01-02T10:42:05Z,41.1554,-70.4021,,,,
WHOI,WHOI_MA-RI_202210_WE16,GLIDER_TRACK,2023-01-02T10:57:05Z,41.1561,-70.3986,,,,
WHOI,WHOI_MA-RI_202210_WE16,GLIDER_TRACK,2023-01-02T10:59:48Z,41.1561,-70.3986,,,,
WHOI,WHOI_MA-RI_202210_WE16,GLIDER_TRACK,2023-01-02T11:27:05Z,41.1553,-70.3927,,,,
WHOI,WHOI_MA-RI_202210_WE16,GLIDER_TRACK,2023-01-02T11:42:05Z,41.1532,-70.3918,,,,
WHOI,WHOI_MA-RI_202210_WE16,GLIDER_TRACK,2023-01-02T11:57:05Z,41.1511,-70.391,,,,
WHOI,WHOI_MA-RI_202210_WE16,GLIDER_TRACK,2023-01-02T12:12:05Z,41.149,-70.3902,,,,
WHOI,WHOI_MA-RI_202210_WE16,GLIDER_TRACK,2023-01-02T12:27:05Z,41.1469,-70.3894,,,,
WHOI,WHOI_MA-RI_202210_WE16,GLIDER_TRACK,2023-01-02T12:42:05Z,41.1448,-70.3886,,,,
WHOI,WHOI_MA-RI_202210_WE16,GLIDER_TRACK,2023-01-02T12:57:05Z,41.1426,-70.3877,,,,
WHOI,WHOI_MA-RI_202210_WE16,GLIDER_TRACK,2023-01-02T13:12:05Z,41.1405,-70.3869,,,,
WHOI,WHOI_MA-RI_202210_WE16,GLIDER_TRACK,2023-01-02T13:19:26Z,41.1394,-70.3861,,,,
WHOI,WHOI_MA-RI_202210_WE16,GLIDER_TRACK,2023-01-02T13:42:05Z,41.1379,-70.3847,,,,
WHOI,WHOI_MA-RI_202210_WE16,GLIDER_TRACK,2023-01-02T13:57:05Z,41.1353,-70.3875,,,,
WHOI,WHOI_MA-RI_202210_WE16,GLIDER_TRACK,2023-01-02T14:12:05Z,41.1327,-70.3903,,,,
WHOI,WHOI_MA-RI_202210_WE16,GLIDER_TRACK,2023-01-02T14:27:05Z,41.1301,-70.3931,,,,
WHOI,WHOI_MA-RI_202210_WE16,GLIDER_TRACK,2023-01-02T14:42:05Z,41.1275,-70.3959,,,,
WHOI,WHOI_MA-RI_202210_WE16,GLIDER_TRACK,2023-01-02T14:57:05Z,41.1249,-70.3987,,,,
WHOI,WHOI_MA-RI_202210_WE16,GLIDER_TRACK,2023-01-02T15:12:05Z,41.1223,-70.4015,,,,
WHOI,WHOI_MA-RI_202210_WE16,GLIDER_TRACK,2023-01-02T15:27:05Z,41.1197,-70.4043,,,,
WHOI,WHOI_MA-RI_202210_WE16,GLIDER_TRACK,2023-01-02T15:40:57Z,41.1175,-70.4066,,,,
WHOI,WHOI_MA-RI_202210_WE16,GLIDER_TRACK,2023-01-02T16:12:05Z,41.1145,-70.4088,,,,
WHOI,WHOI_MA-RI_202210_WE16,GLIDER_TRACK,2023-01-02T16:27:05Z,41.1125,-70.4099,,,,
WHOI,WHOI_MA-RI_202210_WE16,GLIDER_TRACK,2023-01-02T16:42:05Z,41.1105,-70.4111,,,,
WHOI,WHOI_MA-RI_202210_WE16,GLIDER_TRACK,2023-01-02T16:57:05Z,41.1084,-70.4122,,,,
WHOI,WHOI_MA-RI_202210_WE16,GLIDER_TRACK,2023-01-02T17:12:05Z,41.1064,-70.4134,,,,
WHOI,WHOI_MA-RI_202210_WE16,GLIDER_TRACK,2023-01-02T17:27:05Z,41.1043,-70.4145,,,,
WHOI,WHOI_MA-RI_202210_WE16,GLIDER_TRACK,2023-01-02T17:42:05Z,41.1023,-70.4156,,,,
WHOI,WHOI_MA-RI_202210_WE16,GLIDER_TRACK,2023-01-02T18:00:39Z,41.1003,-70.4168,,,,
WHOI,WHOI_MA-RI_202210_WE16,GLIDER_TRACK,2023-01-02T18:27:05Z,41.0993,-70.4196,,,,
WHOI,WHOI_MA-RI_202210_WE16,GLIDER_TRACK,2023-01-02T18:42:05Z,41.0991,-70.4195,,,,
WHOI,WHOI_MA-RI_202210_WE16,GLIDER_TRACK,2023-01-02T19:12:05Z,41.0988,-70.4193,,,,
WHOI,WHOI_MA-RI_202210_WE16,GLIDER_TRACK,2023-01-02T19:27:05Z,41.0986,-70.4193,,,,
WHOI,WHOI_MA-RI_202210_WE16,GLIDER_TRACK,2023-01-02T19:42:05Z,41.0984,-70.4192,,,,
WHOI,WHOI_MA-RI_202210_WE16,GLIDER_TRACK,2023-01-02T20:12:05Z,41.098,-70.419,,,,
WHOI,WHOI_MA-RI_202210_WE16,GLIDER_TRACK,2023-01-02T20:23:17Z,41.0979,-70.419,,,,
WHOI,WHOI_MA-RI_202210_WE16,GLIDER_TRACK,2023-01-02T20:57:05Z,41.0984,-70.4178,,,,
WHOI,WHOI_MA-RI_202210_WE16,GLIDER_TRACK,2023-01-02T21:12:05Z,41.0977,-70.4159,,,,
WHOI,WHOI_MA-RI_202210_WE16,GLIDER_TRACK,2023-01-02T21:27:05Z,41.0971,-70.414,,,,
WHOI,WHOI_MA-RI_202210_WE16,GLIDER_TRACK,2023-01-02T21:42:05Z,41.0964,-70.4121,,,,
WHOI,WHOI_MA-RI_202210_WE16,GLIDER_TRACK,2023-01-02T22:12:05Z,41.0951,-70.4083,,,,
WHOI,WHOI_MA-RI_202210_WE16,GLIDER_TRACK,2023-01-02T22:27:05Z,41.0945,-70.4064,,,,
WHOI,WHOI_MA-RI_202210_WE16,GLIDER_TRACK,2023-01-02T22:42:05Z,41.0939,-70.4046,,,,
WHOI,WHOI_MA-RI_202210_WE16,GLIDER_TRACK,2023-01-02T23:12:05Z,41.0942,-70.4008,,,,
WHOI,WHOI_MA-RI_202210_WE16,GLIDER_TRACK,2023-01-02T23:27:05Z,41.0924,-70.3992,,,,
WHOI,WHOI_MA-RI_202210_WE16,GLIDER_TRACK,2023-01-02T23:42:05Z,41.0907,-70.3976,,,,
WHOI,WHOI_MA-RI_202210_WE16,GLIDER_TRACK,2023-01-03T00:12:05Z,41.0873,-70.3944,,,,
WHOI,WHOI_MA-RI_202210_WE16,GLIDER_TRACK,2023-01-03T00:27:05Z,41.0855,-70.3929,,,,
WHOI,WHOI_MA-RI_202210_WE16,GLIDER_TRACK,2023-01-03T00:42:05Z,41.0838,-70.3913,,,,
WHOI,WHOI_MA-RI_202210_WE16,GLIDER_TRACK,2023-01-03T01:04:52Z,41.0813,-70.3885,,,,
WHOI,WHOI_MA-RI_202210_WE16,GLIDER_TRACK,2023-01-03T01:42:05Z,41.0784,-70.387,,,,
WHOI,WHOI_MA-RI_202210_WE16,GLIDER_TRACK,2023-01-03T01:57:05Z,41.0761,-70.3885,,,,
WHOI,WHOI_MA-RI_202210_WE16,GLIDER_TRACK,2023-01-03T02:12:05Z,41.0738,-70.3899,,,,
WHOI,WHOI_MA-RI_202210_WE16,GLIDER_TRACK,2023-01-03T02:27:05Z,41.0715,-70.3914,,,,
WHOI,WHOI_MA-RI_202210_WE16,GLIDER_TRACK,2023-01-03T02:42:05Z,41.0692,-70.3929,,,,
WHOI,WHOI_MA-RI_202210_WE16,GLIDER_TRACK,2023-01-03T03:12:05Z,41.0646,-70.3958,,,,
WHOI,WHOI_MA-RI_202210_WE16,GLIDER_TRACK,2023-01-03T03:27:05Z,41.0625,-70.3972,,,,
WHOI,WHOI_MA-RI_202210_WE16,GLIDER_TRACK,2023-01-03T03:27:40Z,41.0625,-70.3972,,,,
WHOI,WHOI_MA-RI_202210_WE16,GLIDER_TRACK,2023-01-03T03:57:05Z,41.0607,-70.3988,,,,
WHOI,WHOI_MA-RI_202210_WE16,GLIDER_TRACK,2023-01-03T04:12:05Z,41.0584,-70.4005,,,,
WHOI,WHOI_MA-RI_202210_WE16,GLIDER_TRACK,2023-01-03T04:27:05Z,41.056,-70.4021,,,,
WHOI,WHOI_MA-RI_202210_WE16,GLIDER_TRACK,2023-01-03T04:42:05Z,41.0537,-70.4037,,,,
WHOI,WHOI_MA-RI_202210_WE16,GLIDER_TRACK,2023-01-03T05:12:05Z,41.049,-70.407,,,,
WHOI,WHOI_MA-RI_202210_WE16,GLIDER_TRACK,2023-01-03T05:27:05Z,41.0467,-70.4086,,,,
WHOI,WHOI_MA-RI_202210_WE16,GLIDER_TRACK,2023-01-03T05:42:05Z,41.0443,-70.4102,,,,
WHOI,WHOI_MA-RI_202210_WE16,GLIDER_TRACK,2023-01-03T05:51:12Z,41.0431,-70.4112,,,,
WHOI,WHOI_MA-RI_202210_WE16,GLIDER_TRACK,2023-01-03T06:27:05Z,41.0425,-70.4131,,,,
WHOI,WHOI_MA-RI_202210_WE16,GLIDER_TRACK,2023-01-03T06:42:05Z,41.0418,-70.4128,,,,
WHOI,WHOI_MA-RI_202210_WE16,GLIDER_TRACK,2023-01-03T06:57:05Z,41.0411,-70.4124,,,,
WHOI,WHOI_MA-RI_202210_WE16,GLIDER_TRACK,2023-01-03T07:12:05Z,41.0404,-70.412,,,,
WHOI,WHOI_MA-RI_202210_WE16,GLIDER_TRACK,2023-01-03T07:27:05Z,41.0397,-70.4116,,,,
WHOI,WHOI_MA-RI_202210_WE16,GLIDER_TRACK,2023-01-03T08:11:20Z,41.0378,-70.4106,,,,
WHOI,WHOI_MA-RI_202210_WE16,GLIDER_TRACK,2023-01-03T08:42:05Z,41.0399,-70.4104,,,,
WHOI,WHOI_MA-RI_202210_WE16,GLIDER_TRACK,2023-01-03T08:57:05Z,41.0393,-70.4081,,,,
WHOI,WHOI_MA-RI_202210_WE16,GLIDER_TRACK,2023-01-03T09:12:05Z,41.0388,-70.4058,,,,
WHOI,WHOI_MA-RI_202210_WE16,GLIDER_TRACK,2023-01-03T09:27:05Z,41.0383,-70.4035,,,,
WHOI,WHOI_MA-RI_202210_WE16,GLIDER_TRACK,2023-01-03T09:42:05Z,41.0378,-70.4012,,,,
WHOI,WHOI_MA-RI_202210_WE16,GLIDER_TRACK,2023-01-03T10:12:05Z,41.0367,-70.3965,,,,
WHOI,WHOI_MA-RI_202210_WE16,GLIDER_TRACK,2023-01-03T10:27:05Z,41.0362,-70.3942,,,,
WHOI,WHOI_MA-RI_202210_WE16,GLIDER_TRACK,2023-01-03T10:33:09Z,41.0362,-70.3942,,,,
WHOI,WHOI_MA-RI_202210_WE16,GLIDER_TRACK,2023-01-03T11:12:05Z,41.0373,-70.3883,,,,
WHOI,WHOI_MA-RI_202210_WE16,GLIDER_TRACK,2023-01-03T11:27:05Z,41.0358,-70.3859,,,,
WHOI,WHOI_MA-RI_202210_WE16,GLIDER_TRACK,2023-01-03T11:42:05Z,41.0343,-70.3834,,,,
WHOI,WHOI_MA-RI_202210_WE16,GLIDER_TRACK,2023-01-03T12:12:05Z,41.0313,-70.3785,,,,
WHOI,WHOI_MA-RI_202210_WE16,GLIDER_TRACK,2023-01-03T12:27:05Z,41.0298,-70.376,,,,
WHOI,WHOI_MA-RI_202210_WE16,GLIDER_TRACK,2023-01-03T12:57:30Z,41.0269,-70.3713,,,,
WHOI,WHOI_MA-RI_202210_WE16,GLIDER_TRACK,2023-01-03T13:27:05Z,41.0263,-70.3693,,,,
WHOI,WHOI_MA-RI_202210_WE16,GLIDER_TRACK,2023-01-03T13:42:05Z,41.0238,-70.3701,,,,
WHOI,WHOI_MA-RI_202210_WE16,GLIDER_TRACK,2023-01-03T13:57:05Z,41.0213,-70.3709,,,,
WHOI,WHOI_MA-RI_202210_WE16,GLIDER_TRACK,2023-01-03T14:12:05Z,41.0189,-70.3716,,,,
WHOI,WHOI_MA-RI_202210_WE16,GLIDER_TRACK,2023-01-03T14:27:05Z,41.0164,-70.3724,,,,
WHOI,WHOI_MA-RI_202210_WE16,GLIDER_TRACK,2023-01-03T15:12:05Z,41.009,-70.3748,,,,
WHOI,WHOI_MA-RI_202210_WE16,GLIDER_TRACK,2023-01-03T15:19:39Z,41.0079,-70.3753,,,,
WHOI,WHOI_MA-RI_202210_WE16,GLIDER_TRACK,2023-01-03T15:57:05Z,41.0051,-70.3796,,,,
WHOI,WHOI_MA-RI_202210_WE16,GLIDER_TRACK,2023-01-03T16:12:05Z,41.0024,-70.3829,,,,
WHOI,WHOI_MA-RI_202210_WE16,GLIDER_TRACK,2023-01-03T16:27:05Z,40.9997,-70.3863,,,,
WHOI,WHOI_MA-RI_202210_WE16,GLIDER_TRACK,2023-01-03T16:42:05Z,40.997,-70.3896,,,,
WHOI,WHOI_MA-RI_202210_WE16,GLIDER_TRACK,2023-01-03T17:12:05Z,40.9916,-70.3963,,,,
WHOI,WHOI_MA-RI_202210_WE16,GLIDER_TRACK,2023-01-03T17:27:05Z,40.9889,-70.3997,,,,
WHOI,WHOI_MA-RI_202210_WE16,GLIDER_TRACK,2023-01-03T17:42:05Z,40.9863,-70.403,,,,
WHOI,WHOI_MA-RI_202210_WE16,GLIDER_TRACK,2023-01-03T18:12:05Z,40.9862,-70.407,,,,
WHOI,WHOI_MA-RI_202210_WE16,GLIDER_TRACK,2023-01-03T18:27:05Z,40.9853,-70.4074,,,,
WHOI,WHOI_MA-RI_202210_WE16,GLIDER_TRACK,2023-01-03T18:42:05Z,40.9844,-70.4079,,,,
WHOI,WHOI_MA-RI_202210_WE16,GLIDER_TRACK,2023-01-03T19:12:05Z,40.9825,-70.4088,,,,
WHOI,WHOI_MA-RI_202210_WE16,GLIDER_TRACK,2023-01-03T19:27:05Z,40.9816,-70.4092,,,,
WHOI,WHOI_MA-RI_202210_WE16,GLIDER_TRACK,2023-01-03T19:42:05Z,40.9806,-70.4097,,,,
WHOI,WHOI_MA-RI_202210_WE16,GLIDER_TRACK,2023-01-03T20:04:49Z,40.9802,-70.4111,,,,
WHOI,WHOI_MA-RI_202210_WE16,GLIDER_TRACK,2023-01-03T20:42:05Z,40.9828,-70.4122,,,,
WHOI,WHOI_MA-RI_202210_WE16,GLIDER_TRACK,2023-01-03T20:57:05Z,40.983,-70.4117,,,,
WHOI,WHOI_MA-RI_202210_WE16,GLIDER_TRACK,2023-01-03T21:12:05Z,40.9831,-70.4099,,,,
WHOI,WHOI_MA-RI_202210_WE16,GLIDER_TRACK,2023-01-03T21:27:05Z,40.9832,-70.4081,,,,
WHOI,WHOI_MA-RI_202210_WE16,GLIDER_TRACK,2023-01-03T22:12:05Z,40.9836,-70.4025,,,,
WHOI,WHOI_MA-RI_202210_WE16,GLIDER_TRACK,2023-01-03T22:27:05Z,40.9837,-70.4007,,,,
WHOI,WHOI_MA-RI_202210_WE16,GLIDER_TRACK,2023-01-03T23:12:05Z,40.985,-70.3944,,,,
WHOI,WHOI_MA-RI_202210_WE16,GLIDER_TRACK,2023-01-04T00:12:05Z,40.9814,-70.3836,,,,
WHOI,WHOI_MA-RI_202210_WE16,GLIDER_TRACK,2023-01-04T01:12:05Z,40.9803,-70.3725,,,,
WHOI,WHOI_MA-RI_202210_WE16,GLIDER_TRACK,2023-01-04T01:27:05Z,40.9783,-70.3719,,,,
WHOI,WHOI_MA-RI_202210_WE16,GLIDER_TRACK,2023-01-04T01:42:05Z,40.9763,-70.3712,,,,
WHOI,WHOI_MA-RI_202210_WE16,GLIDER_TRACK,2023-01-04T01:57:05Z,40.9744,-70.3706,,,,
WHOI,WHOI_MA-RI_202210_WE16,GLIDER_TRACK,2023-01-04T02:12:05Z,40.9724,-70.37,,,,
WHOI,WHOI_MA-RI_202210_WE16,GLIDER_TRACK,2023-01-04T02:27:05Z,40.9704,-70.3693,,,,
WHOI,WHOI_MA-RI_202210_WE16,GLIDER_TRACK,2023-01-04T03:12:05Z,40.9644,-70.3674,,,,
WHOI,WHOI_MA-RI_202210_WE16,GLIDER_TRACK,2023-01-04T03:13:19Z,40.9644,-70.3674,,,,
WHOI,WHOI_MA-RI_202210_WE16,GLIDER_TRACK,2023-01-04T03:42:05Z,40.9628,-70.3656,,,,
WHOI,WHOI_MA-RI_202210_WE16,GLIDER_TRACK,2023-01-04T04:12:05Z,40.9579,-70.3694,,,,
WHOI,WHOI_MA-RI_202210_WE16,GLIDER_TRACK,2023-01-04T04:27:05Z,40.9554,-70.3713,,,,
WHOI,WHOI_MA-RI_202210_WE16,GLIDER_TRACK,2023-01-04T05:12:05Z,40.9485,-70.3775,,,,
WHOI,WHOI_MA-RI_202210_WE16,GLIDER_TRACK,2023-01-04T05:27:05Z,40.9459,-70.38,,,,
WHOI,WHOI_MA-RI_202210_WE16,GLIDER_TRACK,2023-01-04T06:12:05Z,40.9415,-70.383,,,,
WHOI,WHOI_MA-RI_202210_WE16,GLIDER_TRACK,2023-01-04T06:27:05Z,40.9394,-70.3851,,,,
WHOI,WHOI_MA-RI_202210_WE16,GLIDER_TRACK,2023-01-04T07:12:05Z,40.933,-70.3912,,,,
WHOI,WHOI_MA-RI_202210_WE16,GLIDER_TRACK,2023-01-04T07:27:05Z,40.9309,-70.3933,,,,
WHOI,WHOI_MA-RI_202210_WE16,GLIDER_TRACK,2023-01-04T07:58:12Z,40.9266,-70.3974,,,,
WHOI,WHOI_MA-RI_202210_WE16,GLIDER_TRACK,2023-01-04T08:27:05Z,40.9268,-70.3961,,,,
WHOI,WHOI_MA-RI_202210_WE16,GLIDER_TRACK,2023-01-04T08:42:05Z,40.9258,-70.3942,,,,
WHOI,WHOI_MA-RI_202210_WE16,GLIDER_TRACK,2023-01-04T08:57:05Z,40.9248,-70.3923,,,,
WHOI,WHOI_MA-RI_202210_WE16,GLIDER_TRACK,2023-01-04T09:12:05Z,40.9239,-70.3904,,,,
WHOI,WHOI_MA-RI_202210_WE16,GLIDER_TRACK,2023-01-04T09:27:05Z,40.9229,-70.3884,,,,
WHOI,WHOI_MA-RI_202210_WE16,GLIDER_TRACK,2023-01-04T10:12:05Z,40.92,-70.3827,,,,
WHOI,WHOI_MA-RI_202210_WE16,GLIDER_TRACK,2023-01-04T10:21:56Z,40.9195,-70.3814,,,,
WHOI,WHOI_MA-RI_202210_WE16,GLIDER_TRACK,2023-01-04T10:57:05Z,40.9193,-70.3764,,,,
WHOI,WHOI_MA-RI_202210_WE16,GLIDER_TRACK,2023-01-04T11:12:05Z,40.9179,-70.3743,,,,
WHOI,WHOI_MA-RI_202210_WE16,GLIDER_TRACK,2023-01-04T11:27:05Z,40.9164,-70.3722,,,,
WHOI,WHOI_MA-RI_202210_WE16,GLIDER_TRACK,2023-01-04T11:42:05Z,40.9149,-70.3701,,,,
WHOI,WHOI_MA-RI_202210_WE16,GLIDER_TRACK,2023-01-04T12:12:05Z,40.9119,-70.3658,,,,
WHOI,WHOI_MA-RI_202210_WE16,GLIDER_TRACK,2023-01-04T12:27:05Z,40.9105,-70.3637,,,,
WHOI,WHOI_MA-RI_202210_WE16,GLIDER_TRACK,2023-01-04T12:42:05Z,40.909,-70.3616,,,,
WHOI,WHOI_MA-RI_202210_WE16,GLIDER_TRACK,2023-01-04T12:44:48Z,40.909,-70.3616,,,,
WHOI,WHOI_MA-RI_202210_WE16,GLIDER_TRACK,2023-01-04T13:12:05Z,40.9081,-70.356,,,,
WHOI,WHOI_MA-RI_202210_WE16,GLIDER_TRACK,2023-01-04T13:27:05Z,40.9059,-70.3559,,,,
WHOI,WHOI_MA-RI_202210_WE16,GLIDER_TRACK,2023-01-04T13:42:05Z,40.9037,-70.3559,,,,
WHOI,WHOI_MA-RI_202210_WE16,GLIDER_TRACK,2023-01-04T13:57:05Z,40.9014,-70.3558,,,,
WHOI,WHOI_MA-RI_202210_WE16,GLIDER_TRACK,2023-01-04T14:12:05Z,40.8992,-70.3558,,,,
WHOI,WHOI_MA-RI_202210_WE16,GLIDER_TRACK,2023-01-04T14:27:05Z,40.897,-70.3557,,,,
WHOI,WHOI_MA-RI_202210_WE16,GLIDER_TRACK,2023-01-04T15:09:25Z,40.8909,-70.3555,,,,
WHOI,WHOI_MA-RI_202210_WE16,GLIDER_TRACK,2023-01-04T15:42:05Z,40.8867,-70.3556,,,,
WHOI,WHOI_MA-RI_202210_WE16,GLIDER_TRACK,2023-01-04T15:57:05Z,40.8848,-70.3588,,,,
WHOI,WHOI_MA-RI_202210_WE16,GLIDER_TRACK,2023-01-04T16:12:05Z,40.8829,-70.362,,,,
WHOI,WHOI_MA-RI_202210_WE16,GLIDER_TRACK,2023-01-04T16:27:05Z,40.881100000000004,-70.3652,,,,
WHOI,WHOI_MA-RI_202210_WE16,GLIDER_TRACK,2023-01-04T16:42:05Z,40.8792,-70.3683,,,,
WHOI,WHOI_MA-RI_202210_WE16,GLIDER_TRACK,2023-01-04T16:57:05Z,40.8773,-70.3715,,,,
WHOI,WHOI_MA-RI_202210_WE16,GLIDER_TRACK,2023-01-04T17:12:05Z,40.8755,-70.3747,,,,
WHOI,WHOI_MA-RI_202210_WE16,GLIDER_TRACK,2023-01-04T17:27:05Z,40.8736,-70.3779,,,,
WHOI,WHOI_MA-RI_202210_WE16,GLIDER_TRACK,2023-01-04T17:30:59Z,40.8736,-70.3779,,,,
WHOI,WHOI_MA-RI_202210_WE16,GLIDER_TRACK,2023-01-04T17:57:05Z,40.8704,-70.381,,,,
WHOI,WHOI_MA-RI_202210_WE16,GLIDER_TRACK,2023-01-04T18:12:05Z,40.8711,-70.3837,,,,
WHOI,WHOI_MA-RI_202210_WE16,GLIDER_TRACK,2023-01-04T18:27:05Z,40.8718,-70.3864,,,,
WHOI,WHOI_MA-RI_202210_WE16,GLIDER_TRACK,2023-01-04T18:42:05Z,40.8725,-70.3891,,,,
WHOI,WHOI_MA-RI_202210_WE16,GLIDER_TRACK,2023-01-04T18:57:05Z,40.8732,-70.3919,,,,
WHOI,WHOI_MA-RI_202210_WE16,GLIDER_TRACK,2023-01-04T19:12:05Z,40.8739,-70.3946,,,,
WHOI,WHOI_MA-RI_202210_WE16,GLIDER_TRACK,2023-01-04T19:27:05Z,40.8746,-70.3973,,,,
WHOI,WHOI_MA-RI_202210_WE16,GLIDER_TRACK,2023-01-04T19:42:05Z,40.8754,-70.4,,,,
WHOI,WHOI_MA-RI_202210_WE16,GLIDER_TRACK,2023-01-04T20:27:05Z,40.8763,-70.4056,,,,
WHOI,WHOI_MA-RI_202210_WE16,GLIDER_TRACK,2023-01-04T20:42:05Z,40.8779,-70.4055,,,,
WHOI,WHOI_MA-RI_202210_WE16,GLIDER_TRACK,2023-01-04T20:57:05Z,40.8795,-70.4055,,,,
WHOI,WHOI_MA-RI_202210_WE16,GLIDER_TRACK,2023-01-04T21:12:05Z,40.881,-70.4054,,,,
WHOI,WHOI_MA-RI_202210_WE16,GLIDER_TRACK,2023-01-04T21:27:05Z,40.8826,-70.4053,,,,
WHOI,WHOI_MA-RI_202210_WE16,GLIDER_TRACK,2023-01-04T22:12:05Z,40.8872,-70.4051,,,,
WHOI,WHOI_MA-RI_202210_WE16,GLIDER_TRACK,2023-01-04T23:12:05Z,40.8898,-70.4018,,,,
WHOI,WHOI_MA-RI_202210_WE16,GLIDER_TRACK,2023-01-04T23:27:05Z,40.8903,-70.3994,,,,
WHOI,WHOI_MA-RI_202210_WE16,GLIDER_TRACK,2023-01-04T23:42:05Z,40.8907,-70.3969,,,,
WHOI,WHOI_MA-RI_202210_WE16,GLIDER_TRACK,2023-01-04T23:57:05Z,40.8911,-70.3944,,,,
WHOI,WHOI_MA-RI_202210_WE16,GLIDER_TRACK,2023-01-05T00:12:05Z,40.8915,-70.392,,,,
WHOI,WHOI_MA-RI_202210_WE16,GLIDER_TRACK,2023-01-05T00:27:05Z,40.8919,-70.3895,,,,
WHOI,WHOI_MA-RI_202210_WE16,GLIDER_TRACK,2023-01-05T00:41:08Z,40.8923,-70.3875,,,,
WHOI,WHOI_MA-RI_202210_WE16,GLIDER_TRACK,2023-01-05T01:12:05Z,40.8931,-70.3876,,,,
WHOI,WHOI_MA-RI_202210_WE16,GLIDER_TRACK,2023-01-05T01:27:05Z,40.8918,-70.3866,,,,
WHOI,WHOI_MA-RI_202210_WE16,GLIDER_TRACK,2023-01-05T01:42:05Z,40.8906,-70.3856,,,,
WHOI,WHOI_MA-RI_202210_WE16,GLIDER_TRACK,2023-01-05T01:57:05Z,40.8893,-70.3845,,,,
WHOI,WHOI_MA-RI_202210_WE16,GLIDER_TRACK,2023-01-05T02:12:05Z,40.888,-70.3835,,,,
WHOI,WHOI_MA-RI_202210_WE16,GLIDER_TRACK,2023-01-05T02:27:05Z,40.8867,-70.3825,,,,
WHOI,WHOI_MA-RI_202210_WE16,GLIDER_TRACK,2023-01-05T02:42:05Z,40.8855,-70.3815,,,,
WHOI,WHOI_MA-RI_202210_WE16,GLIDER_TRACK,2023-01-05T02:57:05Z,40.8842,-70.3804,,,,
WHOI,WHOI_MA-RI_202210_WE16,GLIDER_TRACK,2023-01-05T03:00:20Z,40.8842,-70.3804,,,,
WHOI,WHOI_MA-RI_202210_WE16,GLIDER_TRACK,2023-01-05T03:27:05Z,40.8848,-70.3819,,,,
WHOI,WHOI_MA-RI_202210_WE16,GLIDER_TRACK,2023-01-05T03:42:05Z,40.8832,-70.3837,,,,
WHOI,WHOI_MA-RI_202210_WE16,GLIDER_TRACK,2023-01-05T03:57:05Z,40.8815,-70.3854,,,,
WHOI,WHOI_MA-RI_202210_WE16,GLIDER_TRACK,2023-01-05T04:12:05Z,40.8799,-70.387200000000007,,,,
WHOI,WHOI_MA-RI_202210_WE16,GLIDER_TRACK,2023-01-05T04:27:05Z,40.879,-70.3887,,,,
WHOI,WHOI_MA-RI_202210_WE16,GLIDER_TRACK,2023-01-05T04:42:05Z,40.8786,-70.3921,,,,
WHOI,WHOI_MA-RI_202210_WE16,GLIDER_TRACK,2023-01-05T04:57:05Z,40.8783,-70.3956,,,,
WHOI,WHOI_MA-RI_202210_WE16,GLIDER_TRACK,2023-01-05T05:12:05Z,40.8779,-70.399,,,,
WHOI,WHOI_MA-RI_202210_WE16,GLIDER_TRACK,2023-01-05T05:24:41Z,40.8777,-70.4016,,,,
WHOI,WHOI_MA-RI_202210_WE16,GLIDER_TRACK,2023-01-05T05:42:05Z,40.8781,-70.4046,,,,
WHOI,WHOI_MA-RI_202210_WE16,GLIDER_TRACK,2023-01-05T05:57:05Z,40.8786,-70.4081,,,,
WHOI,WHOI_MA-RI_202210_WE16,GLIDER_TRACK,2023-01-05T06:12:05Z,40.879,-70.4117,,,,
WHOI,WHOI_MA-RI_202210_WE16,GLIDER_TRACK,2023-01-05T06:27:05Z,40.8795,-70.4153,,,,
WHOI,WHOI_MA-RI_202210_WE16,GLIDER_TRACK,2023-01-05T06:42:05Z,40.88,-70.4188,,,,
WHOI,WHOI_MA-RI_202210_WE16,GLIDER_TRACK,2023-01-05T06:57:05Z,40.8805,-70.4224,,,,
WHOI,WHOI_MA-RI_202210_WE16,GLIDER_TRACK,2023-01-05T07:12:05Z,40.881,-70.426,,,,
WHOI,WHOI_MA-RI_202210_WE16,GLIDER_TRACK,2023-01-05T07:27:05Z,40.8815,-70.4296,,,,
WHOI,WHOI_MA-RI_202210_WE16,GLIDER_TRACK,2023-01-05T07:32:58Z,40.8815,-70.4296,,,,
WHOI,WHOI_MA-RI_202210_WE16,GLIDER_TRACK,2023-01-05T08:12:05Z,40.8846,-70.4341,,,,
WHOI,WHOI_MA-RI_202210_WE16,GLIDER_TRACK,2023-01-05T08:27:05Z,40.8868,-70.4363,,,,
WHOI,WHOI_MA-RI_202210_WE16,GLIDER_TRACK,2023-01-05T08:42:05Z,40.889,-70.4385,,,,
WHOI,WHOI_MA-RI_202210_WE16,GLIDER_TRACK,2023-01-05T09:12:05Z,40.8933,-70.4428,,,,
WHOI,WHOI_MA-RI_202210_WE16,GLIDER_TRACK,2023-01-05T09:27:05Z,40.8955,-70.445,,,,
WHOI,WHOI_MA-RI_202210_WE16,GLIDER_TRACK,2023-01-05T09:42:05Z,40.8977,-70.4472,,,,
WHOI,WHOI_MA-RI_202210_WE16,GLIDER_TRACK,2023-01-05T09:57:05Z,40.8998,-70.4494,,,,
WHOI,WHOI_MA-RI_202210_WE16,GLIDER_TRACK,2023-01-05T09:59:15Z,40.8998,-70.4494,,,,
WHOI,WHOI_MA-RI_202210_WE16,GLIDER_TRACK,2023-01-05T10:27:05Z,40.9018,-70.4483,,,,
WHOI,WHOI_MA-RI_202210_WE16,GLIDER_TRACK,2023-01-05T10:42:05Z,40.9038,-70.449700000000007,,,,
WHOI,WHOI_MA-RI_202210_WE16,GLIDER_TRACK,2023-01-05T10:57:05Z,40.9059,-70.4511,,,,
WHOI,WHOI_MA-RI_202210_WE16,GLIDER_TRACK,2023-01-05T11:12:05Z,40.908,-70.4525,,,,
WHOI,WHOI_MA-RI_202210_WE16,GLIDER_TRACK,2023-01-05T11:27:05Z,40.91,-70.4538,,,,
WHOI,WHOI_MA-RI_202210_WE16,GLIDER_TRACK,2023-01-05T11:42:05Z,40.9121,-70.4552,,,,
WHOI,WHOI_MA-RI_202210_WE16,GLIDER_TRACK,2023-01-05T11:57:05Z,40.9142,-70.4566,,,,
WHOI,WHOI_MA-RI_202210_WE16,GLIDER_TRACK,2023-01-05T12:12:05Z,40.9163,-70.458,,,,
WHOI,WHOI_MA-RI_202210_WE16,GLIDER_TRACK,2023-01-05T12:22:50Z,40.9175,-70.4587,,,,
WHOI,WHOI_MA-RI_202210_WE16,GLIDER_TRACK,2023-01-05T13:12:05Z,40.9177,-70.4576,,,,
WHOI,WHOI_MA-RI_202210_WE16,GLIDER_TRACK,2023-01-05T13:27:05Z,40.9183,-70.4587,,,,
WHOI,WHOI_MA-RI_202210_WE16,GLIDER_TRACK,2023-01-05T13:42:05Z,40.9188,-70.4599,,,,
WHOI,WHOI_MA-RI_202210_WE16,GLIDER_TRACK,2023-01-05T14:12:05Z,40.9198,-70.4621,,,,
WHOI,WHOI_MA-RI_202210_WE16,GLIDER_TRACK,2023-01-05T14:27:05Z,40.9203,-70.463,,,,
WHOI,WHOI_MA-RI_202210_WE16,GLIDER_TRACK,2023-01-05T14:42:05Z,40.92,-70.4646,,,,
WHOI,WHOI_MA-RI_202210_WE16,GLIDER_TRACK,2023-01-05T14:47:24Z,40.92,-70.4646,,,,
WHOI,WHOI_MA-RI_202210_WE16,GLIDER_TRACK,2023-01-05T15:27:05Z,40.9171,-70.4684,,,,
WHOI,WHOI_MA-RI_202210_WE16,GLIDER_TRACK,2023-01-05T15:42:05Z,40.9168,-70.4719,,,,
WHOI,WHOI_MA-RI_202210_WE16,GLIDER_TRACK,2023-01-05T15:57:05Z,40.9164,-70.4753,,,,
WHOI,WHOI_MA-RI_202210_WE16,GLIDER_TRACK,2023-01-05T16:12:05Z,40.9161,-70.4788,,,,
WHOI,WHOI_MA-RI_202210_WE16,GLIDER_TRACK,2023-01-05T16:27:05Z,40.9157,-70.4822,,,,
WHOI,WHOI_MA-RI_202210_WE16,GLIDER_TRACK,2023-01-05T16:42:05Z,40.9154,-70.4857,,,,
WHOI,WHOI_MA-RI_202210_WE16,GLIDER_TRACK,2023-01-05T17:10:41Z,40.9147,-70.492,,,,
WHOI,WHOI_MA-RI_202210_WE16,GLIDER_TRACK,2023-01-05T17:42:05Z,40.913,-70.4993,,,,
WHOI,WHOI_MA-RI_202210_WE16,GLIDER_TRACK,2023-01-05T17:57:05Z,40.9143,-70.5043,,,,
WHOI,WHOI_MA-RI_202210_WE16,GLIDER_TRACK,2023-01-05T18:12:05Z,40.9155,-70.5093,,,,
WHOI,WHOI_MA-RI_202210_WE16,GLIDER_TRACK,2023-01-05T18:27:05Z,40.9168,-70.5143,,,,
WHOI,WHOI_MA-RI_202210_WE16,GLIDER_TRACK,2023-01-05T18:42:05Z,40.918,-70.5193,,,,
WHOI,WHOI_MA-RI_202210_WE16,GLIDER_TRACK,2023-01-05T18:57:05Z,40.9192,-70.5244,,,,
WHOI,WHOI_MA-RI_202210_WE16,GLIDER_TRACK,2023-01-05T19:12:05Z,40.9205,-70.5294,,,,
WHOI,WHOI_MA-RI_202210_WE16,GLIDER_TRACK,2023-01-05T19:27:05Z,40.9217,-70.5344,,,,
WHOI,WHOI_MA-RI_202210_WE16,GLIDER_TRACK,2023-01-05T19:34:02Z,40.9219,-70.5378,,,,
WHOI,WHOI_MA-RI_202210_WE16,GLIDER_TRACK,2023-01-05T20:12:05Z,40.9238,-70.5459,,,,
WHOI,WHOI_MA-RI_202210_WE16,GLIDER_TRACK,2023-01-05T20:27:05Z,40.9262,-70.5487,,,,
WHOI,WHOI_MA-RI_202210_WE16,GLIDER_TRACK,2023-01-05T20:42:05Z,40.9286,-70.5516,,,,
WHOI,WHOI_MA-RI_202210_WE16,GLIDER_TRACK,2023-01-05T20:57:05Z,40.9311,-70.5545,,,,
WHOI,WHOI_MA-RI_202210_WE16,GLIDER_TRACK,2023-01-05T21:12:05Z,40.9335,-70.5573,,,,
WHOI,WHOI_MA-RI_202210_WE16,GLIDER_TRACK,2023-01-05T21:27:05Z,40.9359,-70.5602,,,,
WHOI,WHOI_MA-RI_202210_WE16,GLIDER_TRACK,2023-01-05T21:42:05Z,40.9383,-70.563,,,,
WHOI,WHOI_MA-RI_202210_WE16,GLIDER_TRACK,2023-01-05T21:54:29Z,40.94,-70.5653,,,,
WHOI,WHOI_MA-RI_202210_WE16,GLIDER_TRACK,2023-01-05T22:27:05Z,40.9421,-70.5704,,,,
WHOI,WHOI_MA-RI_202210_WE16,GLIDER_TRACK,2023-01-05T22:42:05Z,40.9443,-70.5703,,,,
WHOI,WHOI_MA-RI_202210_WE16,GLIDER_TRACK,2023-01-05T22:57:05Z,40.9465,-70.5703,,,,
WHOI,WHOI_MA-RI_202210_WE16,GLIDER_TRACK,2023-01-05T23:12:05Z,40.9487,-70.5702,,,,
WHOI,WHOI_MA-RI_202210_WE16,GLIDER_TRACK,2023-01-05T23:27:05Z,40.9509,-70.5701,,,,
WHOI,WHOI_MA-RI_202210_WE16,GLIDER_TRACK,2023-01-05T23:42:05Z,40.9531,-70.57,,,,
WHOI,WHOI_MA-RI_202210_WE16,GLIDER_TRACK,2023-01-05T23:57:05Z,40.9553,-70.57,,,,
WHOI,WHOI_MA-RI_202210_WE16,GLIDER_TRACK,2023-01-06T00:12:05Z,40.9575,-70.5699,,,,
WHOI,WHOI_MA-RI_202210_WE16,GLIDER_TRACK,2023-01-06T00:13:27Z,40.9575,-70.5699,,,,
WHOI,WHOI_MA-RI_202210_WE16,GLIDER_TRACK,2023-01-06T00:42:05Z,40.9584,-70.5725,,,,
WHOI,WHOI_MA-RI_202210_WE16,GLIDER_TRACK,2023-01-06T00:57:05Z,40.959,-70.5753,,,,
WHOI,WHOI_MA-RI_202210_WE16,GLIDER_TRACK,2023-01-06T01:12:05Z,40.9596,-70.5782,,,,
WHOI,WHOI_MA-RI_202210_WE16,GLIDER_TRACK,2023-01-06T01:27:05Z,40.9602,-70.581,,,,
WHOI,WHOI_MA-RI_202210_WE16,GLIDER_TRACK,2023-01-06T01:42:05Z,40.9608,-70.5839,,,,
WHOI,WHOI_MA-RI_202210_WE16,GLIDER_TRACK,2023-01-06T02:12:05Z,40.9619,-70.5896,,,,
WHOI,WHOI_MA-RI_202210_WE16,GLIDER_TRACK,2023-01-06T02:27:05Z,40.9625,-70.5924,,,,
WHOI,WHOI_MA-RI_202210_WE16,GLIDER_TRACK,2023-01-06T02:36:39Z,40.9628,-70.594,,,,
WHOI,WHOI_MA-RI_202210_WE16,GLIDER_TRACK,2023-01-06T03:12:05Z,40.9632,-70.5977,,,,
WHOI,WHOI_MA-RI_202210_WE16,GLIDER_TRACK,2023-01-06T03:27:05Z,40.9635,-70.6011,,,,
WHOI,WHOI_MA-RI_202210_WE16,GLIDER_TRACK,2023-01-06T04:12:05Z,40.9643,-70.611,,,,
WHOI,WHOI_MA-RI_202210_WE16,GLIDER_TRACK,2023-01-06T04:27:05Z,40.9645,-70.6144,,,,
WHOI,WHOI_MA-RI_202210_WE16,GLIDER_TRACK,2023-01-06T04:42:05Z,40.9648,-70.6176,,,,
WHOI,WHOI_MA-RI_202210_WE16,GLIDER_TRACK,2023-01-06T04:57:05Z,40.9646,-70.6214,,,,
WHOI,WHOI_MA-RI_202210_WE16,GLIDER_TRACK,2023-01-06T04:58:32Z,40.9646,-70.6214,,,,
WHOI,WHOI_MA-RI_202210_WE16,GLIDER_TRACK,2023-01-06T05:27:05Z,40.9644,-70.6271,,,,
WHOI,WHOI_MA-RI_202210_WE16,GLIDER_TRACK,2023-01-06T05:42:05Z,40.9646,-70.6315,,,,
WHOI,WHOI_MA-RI_202210_WE16,GLIDER_TRACK,2023-01-06T05:57:05Z,40.9648,-70.636,,,,
WHOI,WHOI_MA-RI_202210_WE16,GLIDER_TRACK,2023-01-06T06:12:05Z,40.965,-70.6405,,,,
WHOI,WHOI_MA-RI_202210_WE16,GLIDER_TRACK,2023-01-06T06:27:05Z,40.9652,-70.645,,,,
WHOI,WHOI_MA-RI_202210_WE16,GLIDER_TRACK,2023-01-06T06:42:05Z,40.9654,-70.6494,,,,
WHOI,WHOI_MA-RI_202210_WE16,GLIDER_TRACK,2023-01-06T07:11:09Z,40.9657,-70.6577,,,,
WHOI,WHOI_MA-RI_202210_WE16,GLIDER_TRACK,2023-01-06T07:42:05Z,40.9649,-70.6624,,,,
WHOI,WHOI_MA-RI_202210_WE16,GLIDER_TRACK,2023-01-06T07:57:05Z,40.967,-70.6652,,,,
WHOI,WHOI_MA-RI_202210_WE16,GLIDER_TRACK,2023-01-06T08:12:05Z,40.9692,-70.6679,,,,
WHOI,WHOI_MA-RI_202210_WE16,GLIDER_TRACK,2023-01-06T08:27:05Z,40.9714,-70.6707,,,,
WHOI,WHOI_MA-RI_202210_WE16,GLIDER_TRACK,2023-01-06T08:42:05Z,40.9736,-70.6735,,,,
WHOI,WHOI_MA-RI_202210_WE16,GLIDER_TRACK,2023-01-06T08:57:05Z,40.9757,-70.6763,,,,
WHOI,WHOI_MA-RI_202210_WE16,GLIDER_TRACK,2023-01-06T09:12:05Z,40.9779,-70.679,,,,
WHOI,WHOI_MA-RI_202210_WE16,GLIDER_TRACK,2023-01-06T09:27:05Z,40.9801,-70.6818,,,,
WHOI,WHOI_MA-RI_202210_WE16,GLIDER_TRACK,2023-01-06T09:40:02Z,40.9817,-70.6846,,,,
WHOI,WHOI_MA-RI_202210_WE16,GLIDER_TRACK,2023-01-06T10:57:05Z,40.9832,-70.691,,,,
WHOI,WHOI_MA-RI_202210_WE16,GLIDER_TRACK,2023-01-06T11:12:05Z,40.9858,-70.6922,,,,
WHOI,WHOI_MA-RI_202210_WE16,GLIDER_TRACK,2023-01-06T11:27:05Z,40.9885,-70.6934,,,,
WHOI,WHOI_MA-RI_202210_WE16,GLIDER_TRACK,2023-01-06T11:42:05Z,40.9912,-70.6947,,,,
WHOI,WHOI_MA-RI_202210_WE16,GLIDER_TRACK,2023-01-06T11:57:05Z,40.9938,-70.6959,,,,
WHOI,WHOI_MA-RI_202210_WE16,GLIDER_TRACK,2023-01-06T12:12:05Z,40.9965,-70.6971,,,,
WHOI,WHOI_MA-RI_202210_WE16,GLIDER_TRACK,2023-01-06T12:27:05Z,40.9991,-70.6984,,,,
WHOI,WHOI_MA-RI_202210_WE16,GLIDER_TRACK,2023-01-06T12:42:05Z,41.0018,-70.6996,,,,
WHOI,WHOI_MA-RI_202210_WE16,GLIDER_TRACK,2023-01-06T13:27:05Z,41.0036,-70.7032,,,,
WHOI,WHOI_MA-RI_202210_WE16,GLIDER_TRACK,2023-01-06T13:42:05Z,41.0044,-70.7053,,,,
WHOI,WHOI_MA-RI_202210_WE16,GLIDER_TRACK,2023-01-06T13:57:05Z,41.0051,-70.7074,,,,
WHOI,WHOI_MA-RI_202210_WE16,GLIDER_TRACK,2023-01-06T14:12:05Z,41.0059,-70.7096,,,,
WHOI,WHOI_MA-RI_202210_WE16,GLIDER_TRACK,2023-01-06T14:27:05Z,41.0066,-70.7117,,,,
WHOI,WHOI_MA-RI_202210_WE16,GLIDER_TRACK,2023-01-06T15:12:05Z,41.0089,-70.718,,,,
WHOI,WHOI_MA-RI_202210_WE16,GLIDER_TRACK,2023-01-06T15:13:45Z,41.0089,-70.718,,,,
WHOI,WHOI_MA-RI_202210_WE16,GLIDER_TRACK,2023-01-06T15:42:05Z,41.0077,-70.7204,,,,
WHOI,WHOI_MA-RI_202210_WE16,GLIDER_TRACK,2023-01-06T15:57:05Z,41.0078,-70.7236,,,,
WHOI,WHOI_MA-RI_202210_WE16,GLIDER_TRACK,2023-01-06T16:12:05Z,41.008,-70.7268,,,,
WHOI,WHOI_MA-RI_202210_WE16,GLIDER_TRACK,2023-01-06T16:27:05Z,41.0081,-70.73,,,,
WHOI,WHOI_MA-RI_202210_WE16,GLIDER_TRACK,2023-01-06T16:42:05Z,41.0082,-70.7332,,,,
WHOI,WHOI_MA-RI_202210_WE16,GLIDER_TRACK,2023-01-06T16:57:05Z,41.0083,-70.7364,,,,
WHOI,WHOI_MA-RI_202210_WE16,GLIDER_TRACK,2023-01-06T17:12:05Z,41.0084,-70.7395,,,,
WHOI,WHOI_MA-RI_202210_WE16,GLIDER_TRACK,2023-01-06T17:27:05Z,41.0085,-70.7427,,,,
WHOI,WHOI_MA-RI_202210_WE16,GLIDER_TRACK,2023-01-06T18:12:05Z,41.0075,-70.7512,,,,
WHOI,WHOI_MA-RI_202210_WE16,GLIDER_TRACK,2023-01-06T18:27:05Z,41.0084,-70.7552,,,,
WHOI,WHOI_MA-RI_202210_WE16,GLIDER_TRACK,2023-01-06T18:42:05Z,41.0092,-70.7592,,,,
WHOI,WHOI_MA-RI_202210_WE16,GLIDER_TRACK,2023-01-06T19:12:05Z,41.0109,-70.7672,,,,
WHOI,WHOI_MA-RI_202210_WE16,GLIDER_TRACK,2023-01-06T19:27:05Z,41.0118,-70.7712,,,,
WHOI,WHOI_MA-RI_202210_WE16,GLIDER_TRACK,2023-01-06T19:42:05Z,41.0127,-70.7752,,,,
WHOI,WHOI_MA-RI_202210_WE16,GLIDER_TRACK,2023-01-06T19:57:05Z,41.0135,-70.7792,,,,
WHOI,WHOI_MA-RI_202210_WE16,GLIDER_TRACK,2023-01-06T20:00:39Z,41.0135,-70.7792,,,,
WHOI,WHOI_MA-RI_202210_WE16,GLIDER_TRACK,2023-01-06T20:27:05Z,41.0129,-70.7857,,,,
WHOI,WHOI_MA-RI_202210_WE16,GLIDER_TRACK,2023-01-06T20:42:05Z,41.0147,-70.7889,,,,
WHOI,WHOI_MA-RI_202210_WE16,GLIDER_TRACK,2023-01-06T20:57:05Z,41.0166,-70.792,,,,
WHOI,WHOI_MA-RI_202210_WE16,GLIDER_TRACK,2023-01-06T21:12:05Z,41.0184,-70.7952,,,,
WHOI,WHOI_MA-RI_202210_WE16,GLIDER_TRACK,2023-01-06T21:27:05Z,41.0203,-70.7984,,,,
WHOI,WHOI_MA-RI_202210_WE16,GLIDER_TRACK,2023-01-06T21:42:05Z,41.0221,-70.8015,,,,
WHOI,WHOI_MA-RI_202210_WE16,GLIDER_TRACK,2023-01-06T21:57:05Z,41.024,-70.8047,,,,
WHOI,WHOI_MA-RI_202210_WE16,GLIDER_TRACK,2023-01-06T22:12:05Z,41.0258,-70.8078,,,,
WHOI,WHOI_MA-RI_202210_WE16,GLIDER_TRACK,2023-01-06T22:19:26Z,41.0265,-70.8097,,,,
WHOI,WHOI_MA-RI_202210_WE16,GLIDER_TRACK,2023-01-06T22:57:05Z,41.0284,-70.8138,,,,
WHOI,WHOI_MA-RI_202210_WE16,GLIDER_TRACK,2023-01-06T23:12:05Z,41.0304,-70.8151,,,,
WHOI,WHOI_MA-RI_202210_WE16,GLIDER_TRACK,2023-01-06T23:27:05Z,41.0324,-70.8164,,,,
WHOI,WHOI_MA-RI_202210_WE16,GLIDER_TRACK,2023-01-06T23:42:05Z,41.0345,-70.8176,,,,
WHOI,WHOI_MA-RI_202210_WE16,GLIDER_TRACK,2023-01-06T23:57:05Z,41.0365,-70.8189,,,,
WHOI,WHOI_MA-RI_202210_WE16,GLIDER_TRACK,2023-01-07T00:12:05Z,41.0385,-70.8202,,,,
WHOI,WHOI_MA-RI_202210_WE16,GLIDER_TRACK,2023-01-07T00:27:05Z,41.0405,-70.8215,,,,
WHOI,WHOI_MA-RI_202210_WE16,GLIDER_TRACK,2023-01-07T00:40:11Z,41.0421,-70.8225,,,,
WHOI,WHOI_MA-RI_202210_WE16,GLIDER_TRACK,2023-01-07T01:12:05Z,41.0431,-70.824,,,,
WHOI,WHOI_MA-RI_202210_WE16,GLIDER_TRACK,2023-01-07T01:27:05Z,41.0449,-70.8242,,,,
WHOI,WHOI_MA-RI_202210_WE16,GLIDER_TRACK,2023-01-07T01:42:05Z,41.0468,-70.8243,,,,
WHOI,WHOI_MA-RI_202210_WE16,GLIDER_TRACK,2023-01-07T01:57:05Z,41.0487,-70.8245,,,,
WHOI,WHOI_MA-RI_202210_WE16,GLIDER_TRACK,2023-01-07T02:12:05Z,41.0505,-70.824700000000007,,,,
WHOI,WHOI_MA-RI_202210_WE16,GLIDER_TRACK,2023-01-07T02:27:05Z,41.0524,-70.8249,,,,
WHOI,WHOI_MA-RI_202210_WE16,GLIDER_TRACK,2023-01-07T02:42:05Z,41.0542,-70.8251,,,,
WHOI,WHOI_MA-RI_202210_WE16,GLIDER_TRACK,2023-01-07T02:57:05Z,41.0561,-70.8253,,,,
WHOI,WHOI_MA-RI_202210_WE16,GLIDER_TRACK,2023-01-07T03:02:20Z,41.0561,-70.8253,,,,
WHOI,WHOI_MA-RI_202210_WE16,GLIDER_TRACK,2023-01-07T03:42:05Z,41.0572,-70.8271,,,,
WHOI,WHOI_MA-RI_202210_WE16,GLIDER_TRACK,2023-01-07T03:57:05Z,41.0586,-70.8288,,,,
WHOI,WHOI_MA-RI_202210_WE16,GLIDER_TRACK,2023-01-07T04:12:05Z,41.0597,-70.8302,,,,
WHOI,WHOI_MA-RI_202210_WE16,GLIDER_TRACK,2023-01-07T04:27:05Z,41.0606,-70.8317,,,,
WHOI,WHOI_MA-RI_202210_WE16,GLIDER_TRACK,2023-01-07T04:42:05Z,41.0617,-70.8335,,,,
WHOI,WHOI_MA-RI_202210_WE16,GLIDER_TRACK,2023-01-07T04:57:05Z,41.0628,-70.8353,,,,
WHOI,WHOI_MA-RI_202210_WE16,GLIDER_TRACK,2023-01-07T05:12:05Z,41.0639,-70.8371,,,,
WHOI,WHOI_MA-RI_202210_WE16,GLIDER_TRACK,2023-01-07T05:25:33Z,41.0647,-70.8385,,,,
WHOI,WHOI_MA-RI_202210_WE16,GLIDER_TRACK,2023-01-07T05:57:05Z,41.0637,-70.8403,,,,
WHOI,WHOI_MA-RI_202210_WE16,GLIDER_TRACK,2023-01-07T06:12:05Z,41.0646,-70.8427,,,,
WHOI,WHOI_MA-RI_202210_WE16,GLIDER_TRACK,2023-01-07T06:27:05Z,41.0655,-70.8452,,,,
WHOI,WHOI_MA-RI_202210_WE16,GLIDER_TRACK,2023-01-07T07:12:05Z,41.0681,-70.8526,,,,
WHOI,WHOI_MA-RI_202210_WE16,GLIDER_TRACK,2023-01-07T07:27:05Z,41.069,-70.855,,,,
WHOI,WHOI_MA-RI_202210_WE16,GLIDER_TRACK,2023-01-07T07:42:05Z,41.0699,-70.8575,,,,
WHOI,WHOI_MA-RI_202210_WE16,GLIDER_TRACK,2023-01-07T08:12:05Z,41.0687,-70.8593,,,,
WHOI,WHOI_MA-RI_202210_WE16,GLIDER_TRACK,2023-01-07T08:27:05Z,41.0704,-70.8616,,,,
WHOI,WHOI_MA-RI_202210_WE16,GLIDER_TRACK,2023-01-07T08:42:05Z,41.0722,-70.864,,,,
WHOI,WHOI_MA-RI_202210_WE16,GLIDER_TRACK,2023-01-07T09:12:05Z,41.0757,-70.8686,,,,
WHOI,WHOI_MA-RI_202210_WE16,GLIDER_TRACK,2023-01-07T09:27:05Z,41.0775,-70.871,,,,
WHOI,WHOI_MA-RI_202210_WE16,GLIDER_TRACK,2023-01-07T10:07:54Z,41.0821,-70.8771,,,,
WHOI,WHOI_MA-RI_202210_WE16,GLIDER_TRACK,2023-01-07T10:42:05Z,41.0834,-70.879,,,,
WHOI,WHOI_MA-RI_202210_WE16,GLIDER_TRACK,2023-01-07T10:57:05Z,41.0858,-70.8803,,,,
WHOI,WHOI_MA-RI_202210_WE16,GLIDER_TRACK,2023-01-07T11:12:05Z,41.0883,-70.8816,,,,
WHOI,WHOI_MA-RI_202210_WE16,GLIDER_TRACK,2023-01-07T11:27:05Z,41.0907,-70.8829,,,,
WHOI,WHOI_MA-RI_202210_WE16,GLIDER_TRACK,2023-01-07T12:12:05Z,41.0981,-70.8868,,,,
WHOI,WHOI_MA-RI_202210_WE16,GLIDER_TRACK,2023-01-07T12:27:05Z,41.1006,-70.8881,,,,
WHOI,WHOI_MA-RI_202210_WE16,GLIDER_TRACK,2023-01-07T13:12:05Z,41.1022,-70.8883,,,,
WHOI,WHOI_MA-RI_202210_WE16,GLIDER_TRACK,2023-01-07T13:27:05Z,41.1031,-70.8894,,,,
WHOI,WHOI_MA-RI_202210_WE16,GLIDER_TRACK,2023-01-07T14:12:05Z,41.1056,-70.8928,,,,
WHOI,WHOI_MA-RI_202210_WE16,GLIDER_TRACK,2023-01-07T14:27:05Z,41.1064,-70.8939,,,,
WHOI,WHOI_MA-RI_202210_WE16,GLIDER_TRACK,2023-01-07T14:42:05Z,41.1073,-70.8951,,,,
WHOI,WHOI_MA-RI_202210_WE16,GLIDER_TRACK,2023-01-07T15:27:05Z,41.1066,-70.8929,,,,
WHOI,WHOI_MA-RI_202210_WE16,GLIDER_TRACK,2023-01-07T15:42:05Z,41.1065,-70.894,,,,
WHOI,WHOI_MA-RI_202210_WE16,GLIDER_TRACK,2023-01-07T16:12:05Z,41.1063,-70.8961,,,,
WHOI,WHOI_MA-RI_202210_WE16,GLIDER_TRACK,2023-01-07T16:27:05Z,41.1062,-70.8971,,,,
WHOI,WHOI_MA-RI_202210_WE16,GLIDER_TRACK,2023-01-07T17:12:05Z,41.1058,-70.9002,,,,
WHOI,WHOI_MA-RI_202210_WE16,GLIDER_TRACK,2023-01-07T17:15:27Z,41.1058,-70.9002,,,,
WHOI,WHOI_MA-RI_202210_WE16,GLIDER_TRACK,2023-01-07T17:42:05Z,41.1036,-70.8991,,,,
WHOI,WHOI_MA-RI_202210_WE16,GLIDER_TRACK,2023-01-07T18:12:05Z,41.1037,-70.9044,,,,
WHOI,WHOI_MA-RI_202210_WE16,GLIDER_TRACK,2023-01-07T18:27:05Z,41.1038,-70.907,,,,
WHOI,WHOI_MA-RI_202210_WE16,GLIDER_TRACK,2023-01-07T19:12:05Z,41.1041,-70.915,,,,
WHOI,WHOI_MA-RI_202210_WE16,GLIDER_TRACK,2023-01-07T19:27:05Z,41.1041,-70.9177,,,,
WHOI,WHOI_MA-RI_202210_WE16,GLIDER_TRACK,2023-01-07T20:12:05Z,41.1037,-70.9227,,,,
WHOI,WHOI_MA-RI_202210_WE16,GLIDER_TRACK,2023-01-07T20:27:05Z,41.105,-70.9258,,,,
WHOI,WHOI_MA-RI_202210_WE16,GLIDER_TRACK,2023-01-07T21:12:05Z,41.1091,-70.9351,,,,
WHOI,WHOI_MA-RI_202210_WE16,GLIDER_TRACK,2023-01-07T21:27:05Z,41.1105,-70.9382,,,,
WHOI,WHOI_MA-RI_202210_WE16,GLIDER_TRACK,2023-01-07T21:59:53Z,41.1132,-70.9444,,,,
WHOI,WHOI_MA-RI_202210_WE16,GLIDER_TRACK,2023-01-07T22:42:05Z,41.1151,-70.9499,,,,
WHOI,WHOI_MA-RI_202210_WE16,GLIDER_TRACK,2023-01-07T22:57:05Z,41.1169,-70.9517,,,,
WHOI,WHOI_MA-RI_202210_WE16,GLIDER_TRACK,2023-01-07T23:12:05Z,41.1199,-70.9532,,,,
WHOI,WHOI_MA-RI_202210_WE16,GLIDER_TRACK,2023-01-07T23:27:05Z,41.1228,-70.9547,,,,
WHOI,WHOI_MA-RI_202210_WE16,GLIDER_TRACK,2023-01-07T23:42:05Z,41.1258,-70.9562,,,,
WHOI,WHOI_MA-RI_202210_WE16,GLIDER_TRACK,2023-01-08T00:12:05Z,41.1317,-70.9591,,,,
WHOI,WHOI_MA-RI_202210_WE16,GLIDER_TRACK,2023-01-08T00:26:58Z,41.1344,-70.9605,,,,
WHOI,WHOI_MA-RI_202210_WE16,GLIDER_TRACK,2023-01-08T00:57:05Z,41.1366,-70.9615,,,,
WHOI,WHOI_MA-RI_202210_WE16,GLIDER_TRACK,2023-01-08T01:12:05Z,41.139,-70.963,,,,
WHOI,WHOI_MA-RI_202210_WE16,GLIDER_TRACK,2023-01-08T01:27:05Z,41.1415,-70.9644,,,,
WHOI,WHOI_MA-RI_202210_WE16,GLIDER_TRACK,2023-01-08T01:42:05Z,41.1439,-70.9658,,,,
WHOI,WHOI_MA-RI_202210_WE16,GLIDER_TRACK,2023-01-08T01:57:05Z,41.1463,-70.9672,,,,
WHOI,WHOI_MA-RI_202210_WE16,GLIDER_TRACK,2023-01-08T02:12:05Z,41.1487,-70.9686,,,,
WHOI,WHOI_MA-RI_202210_WE16,GLIDER_TRACK,2023-01-08T02:27:05Z,41.1512,-70.97,,,,
WHOI,WHOI_MA-RI_202210_WE16,GLIDER_TRACK,2023-01-08T02:42:05Z,41.1536,-70.9714,,,,
WHOI,WHOI_MA-RI_202210_WE16,GLIDER_TRACK,2023-01-08T02:48:11Z,41.1536,-70.9714,,,,
WHOI,WHOI_MA-RI_202210_WE16,GLIDER_TRACK,2023-01-08T03:12:05Z,41.1536,-70.9696,,,,
WHOI,WHOI_MA-RI_202210_WE16,GLIDER_TRACK,2023-01-08T03:27:05Z,41.1535,-70.9712,,,,
WHOI,WHOI_MA-RI_202210_WE16,GLIDER_TRACK,2023-01-08T03:42:05Z,41.1527,-70.9724,,,,
WHOI,WHOI_MA-RI_202210_WE16,GLIDER_TRACK,2023-01-08T03:57:05Z,41.1522,-70.9736,,,,
WHOI,WHOI_MA-RI_202210_WE16,GLIDER_TRACK,2023-01-08T04:12:05Z,41.1516,-70.9747,,,,
WHOI,WHOI_MA-RI_202210_WE16,GLIDER_TRACK,2023-01-08T04:27:05Z,41.1512,-70.9754,,,,
WHOI,WHOI_MA-RI_202210_WE16,GLIDER_TRACK,2023-01-08T04:42:05Z,41.1505,-70.9764,,,,
WHOI,WHOI_MA-RI_202210_WE16,GLIDER_TRACK,2023-01-08T04:57:05Z,41.1497,-70.9774,,,,
WHOI,WHOI_MA-RI_202210_WE16,GLIDER_TRACK,2023-01-08T05:09:08Z,41.1491,-70.978,,,,
WHOI,WHOI_MA-RI_202210_WE16,GLIDER_TRACK,2023-01-08T05:27:05Z,41.1477,-70.977,,,,
WHOI,WHOI_MA-RI_202210_WE16,GLIDER_TRACK,2023-01-08T05:42:05Z,41.1474,-70.9782,,,,
WHOI,WHOI_MA-RI_202210_WE16,GLIDER_TRACK,2023-01-08T05:57:05Z,41.1472,-70.9794,,,,
WHOI,WHOI_MA-RI_202210_WE16,GLIDER_TRACK,2023-01-08T06:12:05Z,41.147,-70.9806,,,,
WHOI,WHOI_MA-RI_202210_WE16,GLIDER_TRACK,2023-01-08T06:27:05Z,41.1468,-70.9818,,,,
WHOI,WHOI_MA-RI_202210_WE16,GLIDER_TRACK,2023-01-08T06:42:05Z,41.1465,-70.983,,,,
WHOI,WHOI_MA-RI_202210_WE16,GLIDER_TRACK,2023-01-08T06:57:05Z,41.1463,-70.9842,,,,
WHOI,WHOI_MA-RI_202210_WE16,GLIDER_TRACK,2023-01-08T07:12:05Z,41.1461,-70.9854,,,,
WHOI,WHOI_MA-RI_202210_WE16,GLIDER_TRACK,2023-01-08T07:22:44Z,41.1457,-70.986,,,,
WHOI,WHOI_MA-RI_202210_WE16,GLIDER_TRACK,2023-01-08T07:57:05Z,41.1426,-70.9849,,,,
WHOI,WHOI_MA-RI_202210_WE16,GLIDER_TRACK,2023-01-08T08:12:05Z,41.1407,-70.9865,,,,
WHOI,WHOI_MA-RI_202210_WE16,GLIDER_TRACK,2023-01-08T08:27:05Z,41.1388,-70.9882,,,,
WHOI,WHOI_MA-RI_202210_WE16,GLIDER_TRACK,2023-01-08T08:42:05Z,41.1368,-70.9899,,,,
WHOI,WHOI_MA-RI_202210_WE16,GLIDER_TRACK,2023-01-08T08:57:05Z,41.1349,-70.9916,,,,
WHOI,WHOI_MA-RI_202210_WE16,GLIDER_TRACK,2023-01-08T09:12:05Z,41.133,-70.9933,,,,
WHOI,WHOI_MA-RI_202210_WE16,GLIDER_TRACK,2023-01-08T09:27:05Z,41.131100000000004,-70.995,,,,
WHOI,WHOI_MA-RI_202210_WE16,GLIDER_TRACK,2023-01-08T09:42:05Z,41.1297,-70.9964,,,,
WHOI,WHOI_MA-RI_202210_WE16,GLIDER_TRACK,2023-01-08T10:12:05Z,41.1268,-70.9988,,,,
WHOI,WHOI_MA-RI_202210_WE16,GLIDER_TRACK,2023-01-08T10:27:05Z,41.1255,-71,,,,
WHOI,WHOI_MA-RI_202210_WE16,GLIDER_TRACK,2023-01-08T10:42:05Z,41.1243,-71.0013,,,,
WHOI,WHOI_MA-RI_202210_WE16,GLIDER_TRACK,2023-01-08T10:57:05Z,41.1231,-71.0026,,,,
WHOI,WHOI_MA-RI_202210_WE16,GLIDER_TRACK,2023-01-08T11:12:05Z,41.1218,-71.0038,,,,
WHOI,WHOI_MA-RI_202210_WE16,GLIDER_TRACK,2023-01-08T11:27:05Z,41.1206,-71.0051,,,,
WHOI,WHOI_MA-RI_202210_WE16,GLIDER_TRACK,2023-01-08T11:42:05Z,41.1193,-71.0064,,,,
WHOI,WHOI_MA-RI_202210_WE16,GLIDER_TRACK,2023-01-08T12:01:57Z,41.1181,-71.0077,,,,
WHOI,WHOI_MA-RI_202210_WE16,GLIDER_TRACK,2023-01-08T12:42:05Z,41.1167,-71.0074,,,,
WHOI,WHOI_MA-RI_202210_WE16,GLIDER_TRACK,2023-01-08T12:57:05Z,41.1157,-71.0061,,,,
WHOI,WHOI_MA-RI_202210_WE16,GLIDER_TRACK,2023-01-08T13:12:05Z,41.1148,-71.0046,,,,
WHOI,WHOI_MA-RI_202210_WE16,GLIDER_TRACK,2023-01-08T13:27:05Z,41.1138,-71.0033,,,,
WHOI,WHOI_MA-RI_202210_WE16,GLIDER_TRACK,2023-01-08T13:42:05Z,41.1128,-71.0018,,,,
WHOI,WHOI_MA-RI_202210_WE16,GLIDER_TRACK,2023-01-08T14:12:05Z,41.1108,-70.999,,,,
WHOI,WHOI_MA-RI_202210_WE16,GLIDER_TRACK,2023-01-08T14:27:05Z,41.1099,-70.9976,,,,
WHOI,WHOI_MA-RI_202210_WE16,GLIDER_TRACK,2023-01-08T14:28:04Z,41.1099,-70.9976,,,,
WHOI,WHOI_MA-RI_202210_WE16,GLIDER_TRACK,2023-01-08T14:57:05Z,41.1084,-70.9962,,,,
WHOI,WHOI_MA-RI_202210_WE16,GLIDER_TRACK,2023-01-08T15:12:05Z,41.1061,-70.9949,,,,
WHOI,WHOI_MA-RI_202210_WE16,GLIDER_TRACK,2023-01-08T15:27:05Z,41.1038,-70.9935,,,,
WHOI,WHOI_MA-RI_202210_WE16,GLIDER_TRACK,2023-01-08T16:12:05Z,41.0968,-70.9894,,,,
WHOI,WHOI_MA-RI_202210_WE16,GLIDER_TRACK,2023-01-08T16:27:05Z,41.0945,-70.988,,,,
WHOI,WHOI_MA-RI_202210_WE16,GLIDER_TRACK,2023-01-08T16:42:05Z,41.0922,-70.9867,,,,
WHOI,WHOI_MA-RI_202210_WE16,GLIDER_TRACK,2023-01-08T17:27:05Z,41.0867,-70.9859,,,,
WHOI,WHOI_MA-RI_202210_WE16,GLIDER_TRACK,2023-01-08T17:42:05Z,41.0838,-70.9868,,,,
WHOI,WHOI_MA-RI_202210_WE16,GLIDER_TRACK,2023-01-08T18:12:05Z,41.0781,-70.9887,,,,
WHOI,WHOI_MA-RI_202210_WE16,GLIDER_TRACK,2023-01-08T18:27:05Z,41.0753,-70.9896,,,,
WHOI,WHOI_MA-RI_202210_WE16,GLIDER_TRACK,2023-01-08T19:12:05Z,41.067,-70.9923,,,,
WHOI,WHOI_MA-RI_202210_WE16,GLIDER_TRACK,2023-01-08T19:12:17Z,41.067,-70.9923,,,,
WHOI,WHOI_MA-RI_202210_WE16,GLIDER_TRACK,2023-01-08T19:42:05Z,41.0639,-70.9945,,,,
WHOI,WHOI_MA-RI_202210_WE16,GLIDER_TRACK,2023-01-08T20:12:05Z,41.0583,-70.9993,,,,
WHOI,WHOI_MA-RI_202210_WE16,GLIDER_TRACK,2023-01-08T20:27:05Z,41.0555,-71.0016,,,,
WHOI,WHOI_MA-RI_202210_WE16,GLIDER_TRACK,2023-01-08T20:42:05Z,41.0528,-71.004,,,,
WHOI,WHOI_MA-RI_202210_WE16,GLIDER_TRACK,2023-01-08T21:12:05Z,41.0472,-71.0088,,,,
WHOI,WHOI_MA-RI_202210_WE16,GLIDER_TRACK,2023-01-08T21:27:05Z,41.0445,-71.0111,,,,
WHOI,WHOI_MA-RI_202210_WE16,GLIDER_TRACK,2023-01-08T21:34:26Z,41.0435,-71.0124,,,,
WHOI,WHOI_MA-RI_202210_WE16,GLIDER_TRACK,2023-01-08T22:12:05Z,41.0433,-71.0145,,,,
WHOI,WHOI_MA-RI_202210_WE16,GLIDER_TRACK,2023-01-08T22:27:05Z,41.0423,-71.0147,,,,
WHOI,WHOI_MA-RI_202210_WE16,GLIDER_TRACK,2023-01-08T22:42:05Z,41.0414,-71.0148,,,,
WHOI,WHOI_MA-RI_202210_WE16,GLIDER_TRACK,2023-01-08T23:12:05Z,41.0394,-71.0151,,,,
WHOI,WHOI_MA-RI_202210_WE16,GLIDER_TRACK,2023-01-08T23:27:05Z,41.0385,-71.0152,,,,
WHOI,WHOI_MA-RI_202210_WE16,GLIDER_TRACK,2023-01-08T23:42:05Z,41.0375,-71.0153,,,,
WHOI,WHOI_MA-RI_202210_WE16,GLIDER_TRACK,2023-01-08T23:57:05Z,41.0365,-71.0155,,,,
WHOI,WHOI_MA-RI_202210_WE16,GLIDER_TRACK,2023-01-09T00:02:06Z,41.0365,-71.0155,,,,
WHOI,WHOI_MA-RI_202210_WE16,GLIDER_TRACK,2023-01-09T00:27:05Z,41.038,-71.017,,,,
WHOI,WHOI_MA-RI_202210_WE16,GLIDER_TRACK,2023-01-09T00:42:05Z,41.0376,-71.0163,,,,
WHOI,WHOI_MA-RI_202210_WE16,GLIDER_TRACK,2023-01-09T00:57:05Z,41.0371,-71.0155,,,,
WHOI,WHOI_MA-RI_202210_WE16,GLIDER_TRACK,2023-01-09T01:12:05Z,41.0366,-71.0148,,,,
WHOI,WHOI_MA-RI_202210_WE16,GLIDER_TRACK,2023-01-09T01:27:05Z,41.0361,-71.0141,,,,
WHOI,WHOI_MA-RI_202210_WE16,GLIDER_TRACK,2023-01-09T01:42:05Z,41.0356,-71.0134,,,,
WHOI,WHOI_MA-RI_202210_WE16,GLIDER_TRACK,2023-01-09T02:12:05Z,41.0346,-71.0119,,,,
WHOI,WHOI_MA-RI_202210_WE16,GLIDER_TRACK,2023-01-09T02:22:18Z,41.0343,-71.0114,,,,
WHOI,WHOI_MA-RI_202210_WE16,GLIDER_TRACK,2023-01-09T02:57:05Z,41.0349,-71.0102,,,,
WHOI,WHOI_MA-RI_202210_WE16,GLIDER_TRACK,2023-01-09T03:12:05Z,41.0335,-71.0086,,,,
WHOI,WHOI_MA-RI_202210_WE16,GLIDER_TRACK,2023-01-09T03:27:05Z,41.0321,-71.0071,,,,
WHOI,WHOI_MA-RI_202210_WE16,GLIDER_TRACK,2023-01-09T03:42:05Z,41.0307,-71.0055,,,,
WHOI,WHOI_MA-RI_202210_WE16,GLIDER_TRACK,2023-01-09T04:12:05Z,41.0279,-71.0023,,,,
WHOI,WHOI_MA-RI_202210_WE16,GLIDER_TRACK,2023-01-09T04:27:05Z,41.0265,-71.0008,,,,
WHOI,WHOI_MA-RI_202210_WE16,GLIDER_TRACK,2023-01-09T04:42:05Z,41.0251,-70.9992,,,,
WHOI,WHOI_MA-RI_202210_WE16,GLIDER_TRACK,2023-01-09T05:12:05Z,41.0251,-70.9965,,,,
WHOI,WHOI_MA-RI_202210_WE16,GLIDER_TRACK,2023-01-09T05:27:05Z,41.0229,-70.9959,,,,
WHOI,WHOI_MA-RI_202210_WE16,GLIDER_TRACK,2023-01-09T05:42:05Z,41.0207,-70.9953,,,,
WHOI,WHOI_MA-RI_202210_WE16,GLIDER_TRACK,2023-01-09T05:57:05Z,41.0185,-70.9947,,,,
WHOI,WHOI_MA-RI_202210_WE16,GLIDER_TRACK,2023-01-09T06:12:05Z,41.0163,-70.9941,,,,
WHOI,WHOI_MA-RI_202210_WE16,GLIDER_TRACK,2023-01-09T06:27:05Z,41.0141,-70.9935,,,,
WHOI,WHOI_MA-RI_202210_WE16,GLIDER_TRACK,2023-01-09T06:42:05Z,41.0119,-70.9929,,,,
WHOI,WHOI_MA-RI_202210_WE16,GLIDER_TRACK,2023-01-09T07:10:16Z,41.008,-70.9918,,,,
WHOI,WHOI_MA-RI_202210_WE16,GLIDER_TRACK,2023-01-09T07:42:05Z,41.0071,-70.9909,,,,
WHOI,WHOI_MA-RI_202210_WE16,GLIDER_TRACK,2023-01-09T07:57:05Z,41.0052,-70.9918,,,,
WHOI,WHOI_MA-RI_202210_WE16,GLIDER_TRACK,2023-01-09T08:12:05Z,41.0032,-70.9927,,,,
WHOI,WHOI_MA-RI_202210_WE16,GLIDER_TRACK,2023-01-09T08:27:05Z,41.0012,-70.9937,,,,
WHOI,WHOI_MA-RI_202210_WE16,GLIDER_TRACK,2023-01-09T08:42:05Z,40.9993,-70.9946,,,,
WHOI,WHOI_MA-RI_202210_WE16,GLIDER_TRACK,2023-01-09T09:12:05Z,40.9954,-70.9965,,,,
WHOI,WHOI_MA-RI_202210_WE16,GLIDER_TRACK,2023-01-09T09:27:05Z,40.9934,-70.9975,,,,
WHOI,WHOI_MA-RI_202210_WE16,GLIDER_TRACK,2023-01-09T09:35:26Z,40.9926,-70.9979,,,,
WHOI,WHOI_MA-RI_202210_WE16,GLIDER_TRACK,2023-01-09T09:57:05Z,40.9923,-70.9967,,,,
WHOI,WHOI_MA-RI_202210_WE16,GLIDER_TRACK,2023-01-09T10:12:05Z,40.9918,-70.9952,,,,
WHOI,WHOI_MA-RI_202210_WE16,GLIDER_TRACK,2023-01-09T10:27:05Z,40.9914,-70.9938,,,,
WHOI,WHOI_MA-RI_202210_WE16,GLIDER_TRACK,2023-01-09T10:42:05Z,40.9909,-70.9923,,,,
WHOI,WHOI_MA-RI_202210_WE16,GLIDER_TRACK,2023-01-09T10:57:05Z,40.9905,-70.9909,,,,
WHOI,WHOI_MA-RI_202210_WE16,GLIDER_TRACK,2023-01-09T11:12:05Z,40.99,-70.9894,,,,
WHOI,WHOI_MA-RI_202210_WE16,GLIDER_TRACK,2023-01-09T11:27:05Z,40.9895,-70.988,,,,
WHOI,WHOI_MA-RI_202210_WE16,GLIDER_TRACK,2023-01-09T11:42:05Z,40.9891,-70.9865,,,,
WHOI,WHOI_MA-RI_202210_WE16,GLIDER_TRACK,2023-01-09T12:27:05Z,40.9897,-70.984,,,,
WHOI,WHOI_MA-RI_202210_WE16,GLIDER_TRACK,2023-01-09T12:42:05Z,40.9899,-70.981,,,,
WHOI,WHOI_MA-RI_202210_WE16,GLIDER_TRACK,2023-01-09T12:57:05Z,40.9901,-70.978,,,,
WHOI,WHOI_MA-RI_202210_WE16,GLIDER_TRACK,2023-01-09T13:12:05Z,40.9903,-70.975,,,,
WHOI,WHOI_MA-RI_202210_WE16,GLIDER_TRACK,2023-01-09T13:27:05Z,40.9905,-70.9721,,,,
WHOI,WHOI_MA-RI_202210_WE16,GLIDER_TRACK,2023-01-09T13:42:05Z,40.9907,-70.9691,,,,
WHOI,WHOI_MA-RI_202210_WE16,GLIDER_TRACK,2023-01-09T13:57:05Z,40.9909,-70.9661,,,,
WHOI,WHOI_MA-RI_202210_WE16,GLIDER_TRACK,2023-01-09T14:12:05Z,40.9911,-70.9631,,,,
WHOI,WHOI_MA-RI_202210_WE16,GLIDER_TRACK,2023-01-09T14:16:46Z,40.9911,-70.9631,,,,
WHOI,WHOI_MA-RI_202210_WE16,GLIDER_TRACK,2023-01-09T14:42:05Z,40.9909,-70.9602,,,,
WHOI,WHOI_MA-RI_202210_WE16,GLIDER_TRACK,2023-01-09T14:57:05Z,40.991,-70.9577,,,,
WHOI,WHOI_MA-RI_202210_WE16,GLIDER_TRACK,2023-01-09T15:12:05Z,40.9911,-70.9553,,,,
WHOI,WHOI_MA-RI_202210_WE16,GLIDER_TRACK,2023-01-09T15:27:05Z,40.9912,-70.9528,,,,
WHOI,WHOI_MA-RI_202210_WE16,GLIDER_TRACK,2023-01-09T15:42:05Z,40.9913,-70.9504,,,,
WHOI,WHOI_MA-RI_202210_WE16,GLIDER_TRACK,2023-01-09T16:12:05Z,40.9915,-70.9454,,,,
WHOI,WHOI_MA-RI_202210_WE16,GLIDER_TRACK,2023-01-09T16:27:05Z,40.9916,-70.943,,,,
WHOI,WHOI_MA-RI_202210_WE16,GLIDER_TRACK,2023-01-09T16:40:56Z,40.9916,-70.9409,,,,
WHOI,WHOI_MA-RI_202210_WE16,GLIDER_TRACK,2023-01-09T17:12:05Z,40.9899,-70.9378,,,,
WHOI,WHOI_MA-RI_202210_WE16,GLIDER_TRACK,2023-01-09T17:27:05Z,40.9907,-70.9377,,,,
WHOI,WHOI_MA-RI_202210_WE16,GLIDER_TRACK,2023-01-09T17:42:05Z,40.9915,-70.9376,,,,
WHOI,WHOI_MA-RI_202210_WE16,GLIDER_TRACK,2023-01-09T17:57:05Z,40.9923,-70.9375,,,,
WHOI,WHOI_MA-RI_202210_WE16,GLIDER_TRACK,2023-01-09T18:12:05Z,40.9931,-70.9375,,,,
WHOI,WHOI_MA-RI_202210_WE16,GLIDER_TRACK,2023-01-09T18:27:05Z,40.9939,-70.9374,,,,
WHOI,WHOI_MA-RI_202210_WE16,GLIDER_TRACK,2023-01-09T18:42:05Z,40.9947,-70.9373,,,,
WHOI,WHOI_MA-RI_202210_WE16,GLIDER_TRACK,2023-01-09T18:57:05Z,40.9954,-70.9372,,,,
WHOI,WHOI_MA-RI_202210_WE16,GLIDER_TRACK,2023-01-09T19:08:04Z,40.9958,-70.9371,,,,
WHOI,WHOI_MA-RI_202210_WE16,GLIDER_TRACK,2023-01-09T19:42:05Z,40.9945,-70.9358,,,,
WHOI,WHOI_MA-RI_202210_WE16,GLIDER_TRACK,2023-01-09T19:57:05Z,40.9953,-70.9365,,,,
WHOI,WHOI_MA-RI_202210_WE16,GLIDER_TRACK,2023-01-09T20:12:05Z,40.9962,-70.9373,,,,
WHOI,WHOI_MA-RI_202210_WE16,GLIDER_TRACK,2023-01-09T20:27:05Z,40.997,-70.938,,,,
WHOI,WHOI_MA-RI_202210_WE16,GLIDER_TRACK,2023-01-09T20:42:05Z,40.9976,-70.9386,,,,
WHOI,WHOI_MA-RI_202210_WE16,GLIDER_TRACK,2023-01-09T21:12:05Z,40.9996,-70.9412,,,,
WHOI,WHOI_MA-RI_202210_WE16,GLIDER_TRACK,2023-01-09T21:27:05Z,41.0006,-70.9426,,,,
WHOI,WHOI_MA-RI_202210_WE16,GLIDER_TRACK,2023-01-09T21:31:42Z,41.0006,-70.9426,,,,
WHOI,WHOI_MA-RI_202210_WE16,GLIDER_TRACK,2023-01-09T22:12:05Z,41.0009,-70.9442,,,,
WHOI,WHOI_MA-RI_202210_WE16,GLIDER_TRACK,2023-01-09T22:27:05Z,41.0024,-70.9458,,,,
WHOI,WHOI_MA-RI_202210_WE16,GLIDER_TRACK,2023-01-09T22:42:05Z,41.004,-70.9473,,,,
WHOI,WHOI_MA-RI_202210_WE16,GLIDER_TRACK,2023-01-09T22:57:05Z,41.0056,-70.9488,,,,
WHOI,WHOI_MA-RI_202210_WE16,GLIDER_TRACK,2023-01-09T23:12:05Z,41.0072,-70.9504,,,,
WHOI,WHOI_MA-RI_202210_WE16,GLIDER_TRACK,2023-01-09T23:27:05Z,41.0088,-70.9519,,,,
WHOI,WHOI_MA-RI_202210_WE16,GLIDER_TRACK,2023-01-09T23:42:05Z,41.0104,-70.9534,,,,
WHOI,WHOI_MA-RI_202210_WE16,GLIDER_TRACK,2023-01-10T00:27:05Z,41.0124,-70.9539,,,,
WHOI,WHOI_MA-RI_202210_WE16,GLIDER_TRACK,2023-01-10T00:42:05Z,41.015,-70.9539,,,,
WHOI,WHOI_MA-RI_202210_WE16,GLIDER_TRACK,2023-01-10T00:57:05Z,41.0173,-70.9535,,,,
WHOI,WHOI_MA-RI_202210_WE16,GLIDER_TRACK,2023-01-10T01:12:05Z,41.0196,-70.9531,,,,
WHOI,WHOI_MA-RI_202210_WE16,GLIDER_TRACK,2023-01-10T01:27:05Z,41.0219,-70.9528,,,,
WHOI,WHOI_MA-RI_202210_WE16,GLIDER_TRACK,2023-01-10T01:42:05Z,41.0243,-70.9524,,,,
WHOI,WHOI_MA-RI_202210_WE16,GLIDER_TRACK,2023-01-10T01:57:05Z,41.0266,-70.952,,,,
WHOI,WHOI_MA-RI_202210_WE16,GLIDER_TRACK,2023-01-10T02:12:05Z,41.0289,-70.9517,,,,
WHOI,WHOI_MA-RI_202210_WE16,GLIDER_TRACK,2023-01-10T02:17:08Z,41.0289,-70.9517,,,,
WHOI,WHOI_MA-RI_202210_WE16,GLIDER_TRACK,2023-01-10T02:42:05Z,41.0295,-70.949,,,,
WHOI,WHOI_MA-RI_202210_WE16,GLIDER_TRACK,2023-01-10T02:57:05Z,41.0315,-70.9477,,,,
WHOI,WHOI_MA-RI_202210_WE16,GLIDER_TRACK,2023-01-10T03:12:05Z,41.0336,-70.9464,,,,
WHOI,WHOI_MA-RI_202210_WE16,GLIDER_TRACK,2023-01-10T03:27:05Z,41.0356,-70.9451,,,,
WHOI,WHOI_MA-RI_202210_WE16,GLIDER_TRACK,2023-01-10T04:12:05Z,41.0417,-70.9412,,,,
WHOI,WHOI_MA-RI_202210_WE16,GLIDER_TRACK,2023-01-10T04:27:05Z,41.0438,-70.9399,,,,
WHOI,WHOI_MA-RI_202210_WE16,GLIDER_TRACK,2023-01-10T05:12:05Z,41.045,-70.9345,,,,
WHOI,WHOI_MA-RI_202210_WE16,GLIDER_TRACK,2023-01-10T05:27:05Z,41.0461,-70.9337,,,,
WHOI,WHOI_MA-RI_202210_WE16,GLIDER_TRACK,2023-01-10T05:42:05Z,41.0472,-70.9328,,,,
WHOI,WHOI_MA-RI_202210_WE16,GLIDER_TRACK,2023-01-10T06:12:05Z,41.0494,-70.9311,,,,
WHOI,WHOI_MA-RI_202210_WE16,GLIDER_TRACK,2023-01-10T06:27:05Z,41.0505,-70.9303,,,,
WHOI,WHOI_MA-RI_202210_WE16,GLIDER_TRACK,2023-01-10T06:42:05Z,41.0516,-70.9294,,,,
WHOI,WHOI_MA-RI_202210_WE16,GLIDER_TRACK,2023-01-10T06:57:05Z,41.0527,-70.9286,,,,
WHOI,WHOI_MA-RI_202210_WE16,GLIDER_TRACK,2023-01-10T06:59:03Z,41.0527,-70.9286,,,,
WHOI,WHOI_MA-RI_202210_WE16,GLIDER_TRACK,2023-01-10T07:27:05Z,41.0511,-70.924,,,,
WHOI,WHOI_MA-RI_202210_WE16,GLIDER_TRACK,2023-01-10T07:42:05Z,41.052,-70.9242,,,,
WHOI,WHOI_MA-RI_202210_WE16,GLIDER_TRACK,2023-01-10T07:57:05Z,41.0527,-70.9245,,,,
WHOI,WHOI_MA-RI_202210_WE16,GLIDER_TRACK,2023-01-10T08:12:05Z,41.0537,-70.9252,,,,
WHOI,WHOI_MA-RI_202210_WE16,GLIDER_TRACK,2023-01-10T08:27:05Z,41.0546,-70.9258,,,,
WHOI,WHOI_MA-RI_202210_WE16,GLIDER_TRACK,2023-01-10T08:42:05Z,41.0556,-70.9265,,,,
WHOI,WHOI_MA-RI_202210_WE16,GLIDER_TRACK,2023-01-10T08:57:05Z,41.0566,-70.927,,,,
WHOI,WHOI_MA-RI_202210_WE16,GLIDER_TRACK,2023-01-10T09:12:05Z,41.0576,-70.9275,,,,
WHOI,WHOI_MA-RI_202210_WE16,GLIDER_TRACK,2023-01-10T09:25:34Z,41.0583,-70.9279,,,,
WHOI,WHOI_MA-RI_202210_WE16,GLIDER_TRACK,2023-01-10T10:12:05Z,41.0585,-70.9257,,,,
WHOI,WHOI_MA-RI_202210_WE16,GLIDER_TRACK,2023-01-10T10:27:05Z,41.06,-70.9266,,,,
WHOI,WHOI_MA-RI_202210_WE16,GLIDER_TRACK,2023-01-10T11:12:05Z,41.0643,-70.9294,,,,
WHOI,WHOI_MA-RI_202210_WE16,GLIDER_TRACK,2023-01-10T11:27:05Z,41.0658,-70.9303,,,,
WHOI,WHOI_MA-RI_202210_WE16,GLIDER_TRACK,2023-01-10T12:27:05Z,41.069,-70.9288,,,,
WHOI,WHOI_MA-RI_202210_WE16,GLIDER_TRACK,2023-01-10T12:42:05Z,41.0712,-70.9291,,,,
WHOI,WHOI_MA-RI_202210_WE16,GLIDER_TRACK,2023-01-10T12:57:05Z,41.0731,-70.9292,,,,
WHOI,WHOI_MA-RI_202210_WE16,GLIDER_TRACK,2023-01-10T13:12:05Z,41.0753,-70.9292,,,,
WHOI,WHOI_MA-RI_202210_WE16,GLIDER_TRACK,2023-01-10T13:27:05Z,41.0776,-70.9292,,,,
WHOI,WHOI_MA-RI_202210_WE16,GLIDER_TRACK,2023-01-10T13:42:05Z,41.0798,-70.9292,,,,
WHOI,WHOI_MA-RI_202210_WE16,GLIDER_TRACK,2023-01-10T14:12:05Z,41.0842,-70.9292,,,,
WHOI,WHOI_MA-RI_202210_WE16,GLIDER_TRACK,2023-01-10T14:19:42Z,41.0849,-70.9286,,,,
WHOI,WHOI_MA-RI_202210_WE16,GLIDER_TRACK,2023-01-10T15:12:05Z,41.0869,-70.9246,,,,
WHOI,WHOI_MA-RI_202210_WE16,GLIDER_TRACK,2023-01-10T15:27:05Z,41.0883,-70.9241,,,,
WHOI,WHOI_MA-RI_202210_WE16,GLIDER_TRACK,2023-01-10T16:12:05Z,41.0919,-70.9225,,,,
WHOI,WHOI_MA-RI_202210_WE16,GLIDER_TRACK,2023-01-10T16:27:05Z,41.093,-70.9214,,,,
WHOI,WHOI_MA-RI_202210_WE16,GLIDER_TRACK,2023-01-10T17:12:05Z,41.0926,-70.9151,,,,
WHOI,WHOI_MA-RI_202210_WE16,GLIDER_TRACK,2023-01-10T17:27:05Z,41.0929,-70.9144,,,,
WHOI,WHOI_MA-RI_202210_WE16,GLIDER_TRACK,2023-01-10T17:42:05Z,41.0933,-70.9137,,,,
WHOI,WHOI_MA-RI_202210_WE16,GLIDER_TRACK,2023-01-10T17:57:05Z,41.0937,-70.913,,,,
WHOI,WHOI_MA-RI_202210_WE16,GLIDER_TRACK,2023-01-10T18:12:05Z,41.094,-70.9123,,,,
WHOI,WHOI_MA-RI_202210_WE16,GLIDER_TRACK,2023-01-10T18:27:05Z,41.0941,-70.9121,,,,
WHOI,WHOI_MA-RI_202210_WE16,GLIDER_TRACK,2023-01-10T19:08:45Z,41.0938,-70.9116,,,,
WHOI,WHOI_MA-RI_202210_WE16,GLIDER_TRACK,2023-01-10T19:42:05Z,41.0911,-70.9092,,,,
WHOI,WHOI_MA-RI_202210_WE16,GLIDER_TRACK,2023-01-10T19:57:05Z,41.0911,-70.9106,,,,
WHOI,WHOI_MA-RI_202210_WE16,GLIDER_TRACK,2023-01-10T20:12:05Z,41.091,-70.912,,,,
WHOI,WHOI_MA-RI_202210_WE16,GLIDER_TRACK,2023-01-10T20:27:05Z,41.091,-70.9134,,,,
WHOI,WHOI_MA-RI_202210_WE16,GLIDER_TRACK,2023-01-10T20:42:05Z,41.091,-70.9148,,,,
WHOI,WHOI_MA-RI_202210_WE16,GLIDER_TRACK,2023-01-10T21:12:05Z,41.0909,-70.9177,,,,
WHOI,WHOI_MA-RI_202210_WE16,GLIDER_TRACK,2023-01-10T21:27:05Z,41.0909,-70.9191,,,,
WHOI,WHOI_MA-RI_202210_WE16,GLIDER_TRACK,2023-01-10T21:33:14Z,41.0909,-70.9191,,,,
WHOI,WHOI_MA-RI_202210_WE16,GLIDER_TRACK,2023-01-10T22:12:05Z,41.0901,-70.9219,,,,
WHOI,WHOI_MA-RI_202210_WE16,GLIDER_TRACK,2023-01-10T22:27:05Z,41.0913,-70.9239,,,,
WHOI,WHOI_MA-RI_202210_WE16,GLIDER_TRACK,2023-01-10T22:42:05Z,41.0925,-70.9258,,,,
WHOI,WHOI_MA-RI_202210_WE16,GLIDER_TRACK,2023-01-10T23:12:05Z,41.0948,-70.9297,,,,
WHOI,WHOI_MA-RI_202210_WE16,GLIDER_TRACK,2023-01-10T23:27:05Z,41.096,-70.9317,,,,
WHOI,WHOI_MA-RI_202210_WE16,GLIDER_TRACK,2023-01-11T00:27:05Z,41.0989,-70.937,,,,
WHOI,WHOI_MA-RI_202210_WE16,GLIDER_TRACK,2023-01-11T00:42:05Z,41.1011,-70.9378,,,,
WHOI,WHOI_MA-RI_202210_WE16,GLIDER_TRACK,2023-01-11T00:57:05Z,41.1033,-70.9387,,,,
WHOI,WHOI_MA-RI_202210_WE16,GLIDER_TRACK,2023-01-11T01:12:05Z,41.1055,-70.9395,,,,
WHOI,WHOI_MA-RI_202210_WE16,GLIDER_TRACK,2023-01-11T01:27:05Z,41.1077,-70.9404,,,,
WHOI,WHOI_MA-RI_202210_WE16,GLIDER_TRACK,2023-01-11T01:42:05Z,41.1099,-70.9413,,,,
WHOI,WHOI_MA-RI_202210_WE16,GLIDER_TRACK,2023-01-11T01:57:05Z,41.1121,-70.9421,,,,
WHOI,WHOI_MA-RI_202210_WE16,GLIDER_TRACK,2023-01-11T02:12:05Z,41.1144,-70.943,,,,
WHOI,WHOI_MA-RI_202210_WE16,GLIDER_TRACK,2023-01-11T02:17:18Z,41.1144,-70.943,,,,
WHOI,WHOI_MA-RI_202210_WE16,GLIDER_TRACK,2023-01-11T02:57:05Z,41.1174,-70.9448,,,,
WHOI,WHOI_MA-RI_202210_WE16,GLIDER_TRACK,2023-01-11T03:12:05Z,41.1195,-70.9439,,,,
WHOI,WHOI_MA-RI_202210_WE16,GLIDER_TRACK,2023-01-11T03:27:05Z,41.1216,-70.9431,,,,
WHOI,WHOI_MA-RI_202210_WE16,GLIDER_TRACK,2023-01-11T03:42:05Z,41.1236,-70.9422,,,,
WHOI,WHOI_MA-RI_202210_WE16,GLIDER_TRACK,2023-01-11T03:57:05Z,41.1257,-70.9413,,,,
WHOI,WHOI_MA-RI_202210_WE16,GLIDER_TRACK,2023-01-11T04:12:05Z,41.1277,-70.9405,,,,
WHOI,WHOI_MA-RI_202210_WE16,GLIDER_TRACK,2023-01-11T04:27:05Z,41.1298,-70.9396,,,,
WHOI,WHOI_MA-RI_202210_WE16,GLIDER_TRACK,2023-01-11T04:40:08Z,41.1313,-70.939,,,,
WHOI,WHOI_MA-RI_202210_WE16,GLIDER_TRACK,2023-01-11T05:12:05Z,41.1305,-70.9391,,,,
WHOI,WHOI_MA-RI_202210_WE16,GLIDER_TRACK,2023-01-11T05:27:05Z,41.1322,-70.9385,,,,
WHOI,WHOI_MA-RI_202210_WE16,GLIDER_TRACK,2023-01-11T05:42:05Z,41.133,-70.9381,,,,
WHOI,WHOI_MA-RI_202210_WE16,GLIDER_TRACK,2023-01-11T05:57:05Z,41.134,-70.9376,,,,
WHOI,WHOI_MA-RI_202210_WE16,GLIDER_TRACK,2023-01-11T06:12:05Z,41.1351,-70.937,,,,
WHOI,WHOI_MA-RI_202210_WE16,GLIDER_TRACK,2023-01-11T06:27:05Z,41.1362,-70.9364,,,,
WHOI,WHOI_MA-RI_202210_WE16,GLIDER_TRACK,2023-01-11T06:42:05Z,41.1372,-70.9358,,,,
WHOI,WHOI_MA-RI_202210_WE16,GLIDER_TRACK,2023-01-11T06:57:05Z,41.1383,-70.9352,,,,
WHOI,WHOI_MA-RI_202210_WE16,GLIDER_TRACK,2023-01-11T07:04:56Z,41.1384,-70.935,,,,
WHOI,WHOI_MA-RI_202210_WE16,GLIDER_TRACK,2023-01-11T07:27:05Z,41.1365,-70.935,,,,
WHOI,WHOI_MA-RI_202210_WE16,GLIDER_TRACK,2023-01-11T07:42:05Z,41.1371,-70.9361,,,,
WHOI,WHOI_MA-RI_202210_WE16,GLIDER_TRACK,2023-01-11T07:57:05Z,41.1377,-70.9371,,,,
WHOI,WHOI_MA-RI_202210_WE16,GLIDER_TRACK,2023-01-11T08:12:05Z,41.1382,-70.9382,,,,
WHOI,WHOI_MA-RI_202210_WE16,GLIDER_TRACK,2023-01-11T08:27:05Z,41.1388,-70.9393,,,,
WHOI,WHOI_MA-RI_202210_WE16,GLIDER_TRACK,2023-01-11T08:42:05Z,41.1394,-70.9404,,,,
WHOI,WHOI_MA-RI_202210_WE16,GLIDER_TRACK,2023-01-11T08:57:05Z,41.1401,-70.9417,,,,
WHOI,WHOI_MA-RI_202210_WE16,GLIDER_TRACK,2023-01-11T09:12:05Z,41.1408,-70.943,,,,
WHOI,WHOI_MA-RI_202210_WE16,GLIDER_TRACK,2023-01-11T09:26:49Z,41.1413,-70.9442,,,,
WHOI,WHOI_MA-RI_202210_WE16,GLIDER_TRACK,2023-01-11T09:57:05Z,41.1398,-70.9461,,,,
WHOI,WHOI_MA-RI_202210_WE16,GLIDER_TRACK,2023-01-11T10:12:05Z,41.1412,-70.9479,,,,
WHOI,WHOI_MA-RI_202210_WE16,GLIDER_TRACK,2023-01-11T10:27:05Z,41.1425,-70.9496,,,,
WHOI,WHOI_MA-RI_202210_WE16,GLIDER_TRACK,2023-01-11T10:42:05Z,41.1439,-70.9514,,,,
WHOI,WHOI_MA-RI_202210_WE16,GLIDER_TRACK,2023-01-11T11:12:05Z,41.1466,-70.9549,,,,
WHOI,WHOI_MA-RI_202210_WE16,GLIDER_TRACK,2023-01-11T11:27:05Z,41.148,-70.9566,,,,
WHOI,WHOI_MA-RI_202210_WE16,GLIDER_TRACK,2023-01-11T11:42:05Z,41.1494,-70.9584,,,,
WHOI,WHOI_MA-RI_202210_WE16,GLIDER_TRACK,2023-01-11T11:48:56Z,41.1496,-70.9597,,,,
WHOI,WHOI_MA-RI_202210_WE16,GLIDER_TRACK,2023-01-11T12:27:05Z,41.1507,-70.9612,,,,
WHOI,WHOI_MA-RI_202210_WE16,GLIDER_TRACK,2023-01-11T12:42:05Z,41.1525,-70.9607,,,,
WHOI,WHOI_MA-RI_202210_WE16,GLIDER_TRACK,2023-01-11T12:57:05Z,41.1542,-70.9603,,,,
WHOI,WHOI_MA-RI_202210_WE16,GLIDER_TRACK,2023-01-11T13:12:05Z,41.156,-70.9598,,,,
WHOI,WHOI_MA-RI_202210_WE16,GLIDER_TRACK,2023-01-11T13:27:05Z,41.1578,-70.9594,,,,
WHOI,WHOI_MA-RI_202210_WE16,GLIDER_TRACK,2023-01-11T13:42:05Z,41.1589,-70.959,,,,
WHOI,WHOI_MA-RI_202210_WE16,GLIDER_TRACK,2023-01-11T13:57:05Z,41.1603,-70.9575,,,,
WHOI,WHOI_MA-RI_202210_WE16,GLIDER_TRACK,2023-01-11T14:09:56Z,41.1613,-70.9564,,,,
WHOI,WHOI_MA-RI_202210_WE16,GLIDER_TRACK,2023-01-11T14:42:05Z,41.1619,-70.9567,,,,
WHOI,WHOI_MA-RI_202210_WE16,GLIDER_TRACK,2023-01-11T14:57:05Z,41.1625,-70.9544,,,,
WHOI,WHOI_MA-RI_202210_WE16,GLIDER_TRACK,2023-01-11T15:12:05Z,41.1632,-70.9521,,,,
WHOI,WHOI_MA-RI_202210_WE16,GLIDER_TRACK,2023-01-11T15:27:05Z,41.1639,-70.949700000000007,,,,
WHOI,WHOI_MA-RI_202210_WE16,GLIDER_TRACK,2023-01-11T15:42:05Z,41.1645,-70.9474,,,,
WHOI,WHOI_MA-RI_202210_WE16,GLIDER_TRACK,2023-01-11T16:12:05Z,41.1658,-70.9427,,,,
WHOI,WHOI_MA-RI_202210_WE16,GLIDER_TRACK,2023-01-11T16:27:05Z,41.1665,-70.9403,,,,
WHOI,WHOI_MA-RI_202210_WE16,GLIDER_TRACK,2023-01-11T16:31:50Z,41.1665,-70.9403,,,,
WHOI,WHOI_MA-RI_202210_WE16,GLIDER_TRACK,2023-01-11T17:12:05Z,41.1639,-70.9346,,,,
WHOI,WHOI_MA-RI_202210_WE16,GLIDER_TRACK,2023-01-11T17:27:05Z,41.1626,-70.9316,,,,
WHOI,WHOI_MA-RI_202210_WE16,GLIDER_TRACK,2023-01-11T17:42:05Z,41.1613,-70.9286,,,,
WHOI,WHOI_MA-RI_202210_WE16,GLIDER_TRACK,2023-01-11T18:12:05Z,41.1587,-70.9226,,,,
WHOI,WHOI_MA-RI_202210_WE16,GLIDER_TRACK,2023-01-11T18:27:05Z,41.1574,-70.9196,,,,
WHOI,WHOI_MA-RI_202210_WE16,GLIDER_TRACK,2023-01-11T18:30:16Z,41.1574,-70.9196,,,,
WHOI,WHOI_MA-RI_202210_WE16,GLIDER_TRACK,2023-01-11T19:12:05Z,41.1537,-70.9183,,,,
WHOI,WHOI_MA-RI_202210_WE16,GLIDER_TRACK,2023-01-11T19:27:05Z,41.1523,-70.9177,,,,
WHOI,WHOI_MA-RI_202210_WE16,GLIDER_TRACK,2023-01-11T19:42:05Z,41.1508,-70.917,,,,
WHOI,WHOI_MA-RI_202210_WE16,GLIDER_TRACK,2023-01-11T19:57:05Z,41.1494,-70.9163,,,,
WHOI,WHOI_MA-RI_202210_WE16,GLIDER_TRACK,2023-01-11T20:12:05Z,41.1479,-70.9156,,,,
WHOI,WHOI_MA-RI_202210_WE16,GLIDER_TRACK,2023-01-11T20:27:05Z,41.1465,-70.9149,,,,
WHOI,WHOI_MA-RI_202210_WE16,GLIDER_TRACK,2023-01-11T20:42:05Z,41.1451,-70.9142,,,,
WHOI,WHOI_MA-RI_202210_WE16,GLIDER_TRACK,2023-01-11T20:57:05Z,41.1428,-70.9153,,,,
WHOI,WHOI_MA-RI_202210_WE16,GLIDER_TRACK,2023-01-11T21:01:06Z,41.1428,-70.9153,,,,
WHOI,WHOI_MA-RI_202210_WE16,GLIDER_TRACK,2023-01-11T21:27:05Z,41.1405,-70.9194,,,,
WHOI,WHOI_MA-RI_202210_WE16,GLIDER_TRACK,2023-01-11T21:42:05Z,41.1383,-70.9213,,,,
WHOI,WHOI_MA-RI_202210_WE16,GLIDER_TRACK,2023-01-11T21:57:05Z,41.1362,-70.9233,,,,
WHOI,WHOI_MA-RI_202210_WE16,GLIDER_TRACK,2023-01-11T22:12:05Z,41.1341,-70.9252,,,,
WHOI,WHOI_MA-RI_202210_WE16,GLIDER_TRACK,2023-01-11T22:27:05Z,41.1319,-70.9272,,,,
WHOI,WHOI_MA-RI_202210_WE16,GLIDER_TRACK,2023-01-11T22:42:05Z,41.1298,-70.9291,,,,
WHOI,WHOI_MA-RI_202210_WE16,GLIDER_TRACK,2023-01-11T23:12:05Z,41.1256,-70.933,,,,
WHOI,WHOI_MA-RI_202210_WE16,GLIDER_TRACK,2023-01-11T23:24:04Z,41.1241,-70.9346,,,,
WHOI,WHOI_MA-RI_202210_WE16,GLIDER_TRACK,2023-01-11T23:57:05Z,41.1232,-70.9395,,,,
WHOI,WHOI_MA-RI_202210_WE16,GLIDER_TRACK,2023-01-12T00:12:05Z,41.1227,-70.9406,,,,
WHOI,WHOI_MA-RI_202210_WE16,GLIDER_TRACK,2023-01-12T00:27:05Z,41.1222,-70.9416,,,,
WHOI,WHOI_MA-RI_202210_WE16,GLIDER_TRACK,2023-01-12T00:42:05Z,41.1218,-70.9426,,,,
WHOI,WHOI_MA-RI_202210_WE16,GLIDER_TRACK,2023-01-12T00:57:05Z,41.1213,-70.9437,,,,
WHOI,WHOI_MA-RI_202210_WE16,GLIDER_TRACK,2023-01-12T01:12:05Z,41.1209,-70.9447,,,,
WHOI,WHOI_MA-RI_202210_WE16,GLIDER_TRACK,2023-01-12T01:27:05Z,41.1204,-70.9457,,,,
WHOI,WHOI_MA-RI_202210_WE16,GLIDER_TRACK,2023-01-12T02:12:05Z,41.1218,-70.9516,,,,
WHOI,WHOI_MA-RI_202210_WE16,GLIDER_TRACK,2023-01-12T02:27:05Z,41.1222,-70.9517,,,,
WHOI,WHOI_MA-RI_202210_WE16,GLIDER_TRACK,2023-01-12T02:42:05Z,41.1226,-70.9518,,,,
WHOI,WHOI_MA-RI_202210_WE16,GLIDER_TRACK,2023-01-12T03:12:05Z,41.1234,-70.9521,,,,
WHOI,WHOI_MA-RI_202210_WE16,GLIDER_TRACK,2023-01-12T03:27:05Z,41.1238,-70.9522,,,,
WHOI,WHOI_MA-RI_202210_WE16,GLIDER_TRACK,2023-01-12T03:42:05Z,41.1242,-70.9524,,,,
WHOI,WHOI_MA-RI_202210_WE16,GLIDER_TRACK,2023-01-12T03:57:05Z,41.1246,-70.9525,,,,
WHOI,WHOI_MA-RI_202210_WE16,GLIDER_TRACK,2023-01-12T04:05:57Z,41.1249,-70.9528,,,,
WHOI,WHOI_MA-RI_202210_WE16,GLIDER_TRACK,2023-01-12T04:27:05Z,41.1264,-70.9549,,,,
WHOI,WHOI_MA-RI_202210_WE16,GLIDER_TRACK,2023-01-12T04:42:05Z,41.1256,-70.9537,,,,
WHOI,WHOI_MA-RI_202210_WE16,GLIDER_TRACK,2023-01-12T04:57:05Z,41.1247,-70.9524,,,,
WHOI,WHOI_MA-RI_202210_WE16,GLIDER_TRACK,2023-01-12T05:12:05Z,41.1238,-70.951,,,,
WHOI,WHOI_MA-RI_202210_WE16,GLIDER_TRACK,2023-01-12T05:27:05Z,41.1229,-70.949700000000007,,,,
WHOI,WHOI_MA-RI_202210_WE16,GLIDER_TRACK,2023-01-12T05:42:05Z,41.1219,-70.9484,,,,
WHOI,WHOI_MA-RI_202210_WE16,GLIDER_TRACK,2023-01-12T06:12:05Z,41.1201,-70.9457,,,,
WHOI,WHOI_MA-RI_202210_WE16,GLIDER_TRACK,2023-01-12T06:25:37Z,41.1195,-70.9448,,,,
WHOI,WHOI_MA-RI_202210_WE16,GLIDER_TRACK,2023-01-12T06:57:05Z,41.1181,-70.9442,,,,
WHOI,WHOI_MA-RI_202210_WE16,GLIDER_TRACK,2023-01-12T07:12:05Z,41.1161,-70.9429,,,,
WHOI,WHOI_MA-RI_202210_WE16,GLIDER_TRACK,2023-01-12T07:27:05Z,41.1142,-70.9416,,,,
WHOI,WHOI_MA-RI_202210_WE16,GLIDER_TRACK,2023-01-12T07:42:05Z,41.1122,-70.9403,,,,
WHOI,WHOI_MA-RI_202210_WE16,GLIDER_TRACK,2023-01-12T08:12:05Z,41.1082,-70.9384,,,,
WHOI,WHOI_MA-RI_202210_WE16,GLIDER_TRACK,2023-01-12T08:27:05Z,41.1061,-70.9376,,,,
WHOI,WHOI_MA-RI_202210_WE16,GLIDER_TRACK,2023-01-12T08:42:05Z,41.1041,-70.9368,,,,
WHOI,WHOI_MA-RI_202210_WE16,GLIDER_TRACK,2023-01-12T09:12:05Z,41.103,-70.9381,,,,
WHOI,WHOI_MA-RI_202210_WE16,GLIDER_TRACK,2023-01-12T09:27:05Z,41.1009,-70.9378,,,,
WHOI,WHOI_MA-RI_202210_WE16,GLIDER_TRACK,2023-01-12T09:42:05Z,41.0988,-70.9376,,,,
WHOI,WHOI_MA-RI_202210_WE16,GLIDER_TRACK,2023-01-12T09:57:05Z,41.0972,-70.9375,,,,
WHOI,WHOI_MA-RI_202210_WE16,GLIDER_TRACK,2023-01-12T10:12:05Z,41.0953,-70.9376,,,,
WHOI,WHOI_MA-RI_202210_WE16,GLIDER_TRACK,2023-01-12T10:27:05Z,41.0935,-70.9376,,,,
WHOI,WHOI_MA-RI_202210_WE16,GLIDER_TRACK,2023-01-12T10:42:05Z,41.0917,-70.9377,,,,
WHOI,WHOI_MA-RI_202210_WE16,GLIDER_TRACK,2023-01-12T10:57:05Z,41.0898,-70.9377,,,,
WHOI,WHOI_MA-RI_202210_WE16,GLIDER_TRACK,2023-01-12T11:07:23Z,41.0891,-70.9385,,,,
WHOI,WHOI_MA-RI_202210_WE16,GLIDER_TRACK,2023-01-12T11:42:05Z,41.0884,-70.9409,,,,
WHOI,WHOI_MA-RI_202210_WE16,GLIDER_TRACK,2023-01-12T11:57:05Z,41.087,-70.9413,,,,
WHOI,WHOI_MA-RI_202210_WE16,GLIDER_TRACK,2023-01-12T12:12:05Z,41.0856,-70.9417,,,,
WHOI,WHOI_MA-RI_202210_WE16,GLIDER_TRACK,2023-01-12T12:27:05Z,41.0843,-70.9421,,,,
WHOI,WHOI_MA-RI_202210_WE16,GLIDER_TRACK,2023-01-12T12:42:05Z,41.0829,-70.9425,,,,
WHOI,WHOI_MA-RI_202210_WE16,GLIDER_TRACK,2023-01-12T12:57:05Z,41.0815,-70.9429,,,,
WHOI,WHOI_MA-RI_202210_WE16,GLIDER_TRACK,2023-01-12T13:12:05Z,41.0802,-70.9433,,,,
WHOI,WHOI_MA-RI_202210_WE16,GLIDER_TRACK,2023-01-12T13:27:05Z,41.0788,-70.9437,,,,
WHOI,WHOI_MA-RI_202210_WE16,GLIDER_TRACK,2023-01-12T13:29:45Z,41.0788,-70.9437,,,,
WHOI,WHOI_MA-RI_202210_WE16,GLIDER_TRACK,2023-01-12T13:57:05Z,41.0802,-70.9465,,,,
WHOI,WHOI_MA-RI_202210_WE16,GLIDER_TRACK,2023-01-12T14:12:05Z,41.0794,-70.9455,,,,
WHOI,WHOI_MA-RI_202210_WE16,GLIDER_TRACK,2023-01-12T14:27:05Z,41.0787,-70.9444,,,,
WHOI,WHOI_MA-RI_202210_WE16,GLIDER_TRACK,2023-01-12T14:42:05Z,41.0779,-70.9433,,,,
WHOI,WHOI_MA-RI_202210_WE16,GLIDER_TRACK,2023-01-12T14:57:05Z,41.0771,-70.9422,,,,
WHOI,WHOI_MA-RI_202210_WE16,GLIDER_TRACK,2023-01-12T15:12:05Z,41.0764,-70.9411,,,,
WHOI,WHOI_MA-RI_202210_WE16,GLIDER_TRACK,2023-01-12T15:27:05Z,41.0756,-70.94,,,,
WHOI,WHOI_MA-RI_202210_WE16,GLIDER_TRACK,2023-01-12T15:42:05Z,41.0749,-70.939,,,,
WHOI,WHOI_MA-RI_202210_WE16,GLIDER_TRACK,2023-01-12T15:52:56Z,41.0746,-70.9384,,,,
WHOI,WHOI_MA-RI_202210_WE16,GLIDER_TRACK,2023-01-12T16:12:05Z,41.0744,-70.9376,,,,
WHOI,WHOI_MA-RI_202210_WE16,GLIDER_TRACK,2023-01-12T16:27:05Z,41.0731,-70.9361,,,,
WHOI,WHOI_MA-RI_202210_WE16,GLIDER_TRACK,2023-01-12T16:42:05Z,41.0718,-70.9347,,,,
WHOI,WHOI_MA-RI_202210_WE16,GLIDER_TRACK,2023-01-12T16:57:05Z,41.0705,-70.9332,,,,
WHOI,WHOI_MA-RI_202210_WE16,GLIDER_TRACK,2023-01-12T17:12:05Z,41.0693,-70.9317,,,,
WHOI,WHOI_MA-RI_202210_WE16,GLIDER_TRACK,2023-01-12T17:27:05Z,41.068,-70.9302,,,,
WHOI,WHOI_MA-RI_202210_WE16,GLIDER_TRACK,2023-01-12T17:42:05Z,41.0667,-70.9288,,,,
WHOI,WHOI_MA-RI_202210_WE16,GLIDER_TRACK,2023-01-12T17:57:05Z,41.0654,-70.9273,,,,
WHOI,WHOI_MA-RI_202210_WE16,GLIDER_TRACK,2023-01-12T18:01:38Z,41.0654,-70.9273,,,,
WHOI,WHOI_MA-RI_202210_WE16,GLIDER_TRACK,2023-01-12T18:42:05Z,41.0645,-70.9261,,,,
WHOI,WHOI_MA-RI_202210_WE16,GLIDER_TRACK,2023-01-12T18:57:05Z,41.0622,-70.9252,,,,
WHOI,WHOI_MA-RI_202210_WE16,GLIDER_TRACK,2023-01-12T19:12:05Z,41.06,-70.9243,,,,
WHOI,WHOI_MA-RI_202210_WE16,GLIDER_TRACK,2023-01-12T19:27:05Z,41.0577,-70.9233,,,,
WHOI,WHOI_MA-RI_202210_WE16,GLIDER_TRACK,2023-01-12T19:42:05Z,41.0555,-70.9224,,,,
WHOI,WHOI_MA-RI_202210_WE16,GLIDER_TRACK,2023-01-12T19:57:05Z,41.0532,-70.9215,,,,
WHOI,WHOI_MA-RI_202210_WE16,GLIDER_TRACK,2023-01-12T20:12:05Z,41.051,-70.9206,,,,
WHOI,WHOI_MA-RI_202210_WE16,GLIDER_TRACK,2023-01-12T20:26:02Z,41.0491,-70.9198,,,,
WHOI,WHOI_MA-RI_202210_WE16,GLIDER_TRACK,2023-01-12T20:57:05Z,41.0486,-70.9222,,,,
WHOI,WHOI_MA-RI_202210_WE16,GLIDER_TRACK,2023-01-12T21:12:05Z,41.0461,-70.9235,,,,
WHOI,WHOI_MA-RI_202210_WE16,GLIDER_TRACK,2023-01-12T21:27:05Z,41.0437,-70.9247,,,,
WHOI,WHOI_MA-RI_202210_WE16,GLIDER_TRACK,2023-01-12T21:42:05Z,41.0413,-70.9259,,,,
WHOI,WHOI_MA-RI_202210_WE16,GLIDER_TRACK,2023-01-12T22:12:05Z,41.0364,-70.9284,,,,
WHOI,WHOI_MA-RI_202210_WE16,GLIDER_TRACK,2023-01-12T22:27:05Z,41.034,-70.9297,,,,
WHOI,WHOI_MA-RI_202210_WE16,GLIDER_TRACK,2023-01-12T23:27:05Z,41.0293,-70.9359,,,,
WHOI,WHOI_MA-RI_202210_WE16,GLIDER_TRACK,2023-01-12T23:42:05Z,41.028,-70.9362,,,,
WHOI,WHOI_MA-RI_202210_WE16,GLIDER_TRACK,2023-01-12T23:57:05Z,41.0268,-70.9364,,,,
WHOI,WHOI_MA-RI_202210_WE16,GLIDER_TRACK,2023-01-13T00:12:05Z,41.0255,-70.9367,,,,
WHOI,WHOI_MA-RI_202210_WE16,GLIDER_TRACK,2023-01-13T00:27:05Z,41.0243,-70.937,,,,
WHOI,WHOI_MA-RI_202210_WE16,GLIDER_TRACK,2023-01-13T00:42:05Z,41.023,-70.9372,,,,
WHOI,WHOI_MA-RI_202210_WE16,GLIDER_TRACK,2023-01-13T01:12:05Z,41.0205,-70.9377,,,,
WHOI,WHOI_MA-RI_202210_WE16,GLIDER_TRACK,2023-01-13T01:17:43Z,41.0205,-70.9377,,,,
WHOI,WHOI_MA-RI_202210_WE16,GLIDER_TRACK,2023-01-13T01:57:05Z,41.0227,-70.9422,,,,
WHOI,WHOI_MA-RI_202210_WE16,GLIDER_TRACK,2023-01-13T02:12:05Z,41.0229,-70.9421,,,,
WHOI,WHOI_MA-RI_202210_WE16,GLIDER_TRACK,2023-01-13T02:27:05Z,41.023,-70.942,,,,
WHOI,WHOI_MA-RI_202210_WE16,GLIDER_TRACK,2023-01-13T02:42:05Z,41.0232,-70.9419,,,,
WHOI,WHOI_MA-RI_202210_WE16,GLIDER_TRACK,2023-01-13T03:12:05Z,41.0235,-70.9418,,,,
WHOI,WHOI_MA-RI_202210_WE16,GLIDER_TRACK,2023-01-13T03:27:05Z,41.0237,-70.9417,,,,
WHOI,WHOI_MA-RI_202210_WE16,GLIDER_TRACK,2023-01-13T03:37:38Z,41.024,-70.9418,,,,
WHOI,WHOI_MA-RI_202210_WE16,GLIDER_TRACK,2023-01-13T04:12:05Z,41.0276,-70.9436,,,,
WHOI,WHOI_MA-RI_202210_WE16,GLIDER_TRACK,2023-01-13T04:27:05Z,41.0274,-70.9425,,,,
WHOI,WHOI_MA-RI_202210_WE16,GLIDER_TRACK,2023-01-13T04:42:05Z,41.0272,-70.9414,,,,
WHOI,WHOI_MA-RI_202210_WE16,GLIDER_TRACK,2023-01-13T05:12:05Z,41.0267,-70.9391,,,,
WHOI,WHOI_MA-RI_202210_WE16,GLIDER_TRACK,2023-01-13T05:27:05Z,41.0265,-70.938,,,,
WHOI,WHOI_MA-RI_202210_WE16,GLIDER_TRACK,2023-01-13T05:42:05Z,41.0262,-70.9369,,,,
WHOI,WHOI_MA-RI_202210_WE16,GLIDER_TRACK,2023-01-13T05:59:23Z,41.026,-70.9358,,,,
WHOI,WHOI_MA-RI_202210_WE16,GLIDER_TRACK,2023-01-13T06:27:05Z,41.0261,-70.9346,,,,
WHOI,WHOI_MA-RI_202210_WE16,GLIDER_TRACK,2023-01-13T06:42:05Z,41.0248,-70.9328,,,,
WHOI,WHOI_MA-RI_202210_WE16,GLIDER_TRACK,2023-01-13T07:12:05Z,41.022,-70.9292,,,,
WHOI,WHOI_MA-RI_202210_WE16,GLIDER_TRACK,2023-01-13T07:27:05Z,41.0207,-70.9274,,,,
WHOI,WHOI_MA-RI_202210_WE16,GLIDER_TRACK,2023-01-13T08:12:05Z,41.0166,-70.9221,,,,
WHOI,WHOI_MA-RI_202210_WE16,GLIDER_TRACK,2023-01-13T08:13:10Z,41.0166,-70.9221,,,,
WHOI,WHOI_MA-RI_202210_WE16,GLIDER_TRACK,2023-01-13T08:42:05Z,41.0196,-70.9207,,,,
WHOI,WHOI_MA-RI_202210_WE16,GLIDER_TRACK,2023-01-13T09:12:05Z,41.0161,-70.9191,,,,
WHOI,WHOI_MA-RI_202210_WE16,GLIDER_TRACK,2023-01-13T09:27:05Z,41.0137,-70.9183,,,,
WHOI,WHOI_MA-RI_202210_WE16,GLIDER_TRACK,2023-01-13T09:42:05Z,41.0118,-70.9175,,,,
WHOI,WHOI_MA-RI_202210_WE16,GLIDER_TRACK,2023-01-13T10:12:05Z,41.0083,-70.9161,,,,
WHOI,WHOI_MA-RI_202210_WE16,GLIDER_TRACK,2023-01-13T10:27:05Z,41.0064,-70.9155,,,,
WHOI,WHOI_MA-RI_202210_WE16,GLIDER_TRACK,2023-01-13T10:39:32Z,41.0053,-70.9154,,,,
WHOI,WHOI_MA-RI_202210_WE16,GLIDER_TRACK,2023-01-13T11:12:05Z,41.0058,-70.9152,,,,
WHOI,WHOI_MA-RI_202210_WE16,GLIDER_TRACK,2023-01-13T11:27:05Z,41.0039,-70.9153,,,,
WHOI,WHOI_MA-RI_202210_WE16,GLIDER_TRACK,2023-01-13T11:42:05Z,41.0019,-70.9153,,,,
WHOI,WHOI_MA-RI_202210_WE16,GLIDER_TRACK,2023-01-13T11:57:05Z,40.9999,-70.9153,,,,
WHOI,WHOI_MA-RI_202210_WE16,GLIDER_TRACK,2023-01-13T12:12:05Z,40.998,-70.9154,,,,
WHOI,WHOI_MA-RI_202210_WE16,GLIDER_TRACK,2023-01-13T12:27:05Z,40.996,-70.9154,,,,
WHOI,WHOI_MA-RI_202210_WE16,GLIDER_TRACK,2023-01-13T12:42:05Z,40.994,-70.9154,,,,
WHOI,WHOI_MA-RI_202210_WE16,GLIDER_TRACK,2023-01-13T12:57:05Z,40.992,-70.9154,,,,
WHOI,WHOI_MA-RI_202210_WE16,GLIDER_TRACK,2023-01-13T13:03:33Z,40.992,-70.9154,,,,
WHOI,WHOI_MA-RI_202210_WE16,GLIDER_TRACK,2023-01-13T13:42:05Z,40.9931,-70.9134,,,,
WHOI,WHOI_MA-RI_202210_WE16,GLIDER_TRACK,2023-01-13T13:57:05Z,40.9927,-70.9116,,,,
WHOI,WHOI_MA-RI_202210_WE16,GLIDER_TRACK,2023-01-13T14:12:05Z,40.9923,-70.9099,,,,
WHOI,WHOI_MA-RI_202210_WE16,GLIDER_TRACK,2023-01-13T14:27:05Z,40.9919,-70.9081,,,,
WHOI,WHOI_MA-RI_202210_WE16,GLIDER_TRACK,2023-01-13T14:42:05Z,40.9914,-70.9064,,,,
WHOI,WHOI_MA-RI_202210_WE16,GLIDER_TRACK,2023-01-13T14:57:05Z,40.991,-70.9046,,,,
WHOI,WHOI_MA-RI_202210_WE16,GLIDER_TRACK,2023-01-13T15:12:05Z,40.9906,-70.9029,,,,
WHOI,WHOI_MA-RI_202210_WE16,GLIDER_TRACK,2023-01-13T15:25:10Z,40.9903,-70.9015,,,,
WHOI,WHOI_MA-RI_202210_WE16,GLIDER_TRACK,2023-01-13T15:57:05Z,40.9929,-70.8989,,,,
WHOI,WHOI_MA-RI_202210_WE16,GLIDER_TRACK,2023-01-13T16:12:05Z,40.9927,-70.8961,,,,
WHOI,WHOI_MA-RI_202210_WE16,GLIDER_TRACK,2023-01-13T16:27:05Z,40.9926,-70.8933,,,,
WHOI,WHOI_MA-RI_202210_WE16,GLIDER_TRACK,2023-01-13T16:42:05Z,40.9924,-70.8905,,,,
WHOI,WHOI_MA-RI_202210_WE16,GLIDER_TRACK,2023-01-13T16:57:05Z,40.9923,-70.8877,,,,
WHOI,WHOI_MA-RI_202210_WE16,GLIDER_TRACK,2023-01-13T17:12:05Z,40.9921,-70.885,,,,
WHOI,WHOI_MA-RI_202210_WE16,GLIDER_TRACK,2023-01-13T17:27:05Z,40.992,-70.8822,,,,
WHOI,WHOI_MA-RI_202210_WE16,GLIDER_TRACK,2023-01-13T17:42:05Z,40.9918,-70.8794,,,,
WHOI,WHOI_MA-RI_202210_WE16,GLIDER_TRACK,2023-01-13T18:12:05Z,40.9934,-70.8758,,,,
WHOI,WHOI_MA-RI_202210_WE16,GLIDER_TRACK,2023-01-13T18:27:05Z,40.9919,-70.8731,,,,
WHOI,WHOI_MA-RI_202210_WE16,GLIDER_TRACK,2023-01-13T18:42:05Z,40.9903,-70.8703,,,,
WHOI,WHOI_MA-RI_202210_WE16,GLIDER_TRACK,2023-01-13T18:57:05Z,40.9887,-70.8676,,,,
WHOI,WHOI_MA-RI_202210_WE16,GLIDER_TRACK,2023-01-13T19:12:05Z,40.9872,-70.8649,,,,
WHOI,WHOI_MA-RI_202210_WE16,GLIDER_TRACK,2023-01-13T19:27:05Z,40.9856,-70.8621,,,,
WHOI,WHOI_MA-RI_202210_WE16,GLIDER_TRACK,2023-01-13T19:42:05Z,40.9858,-70.8603,,,,
WHOI,WHOI_MA-RI_202210_WE16,GLIDER_TRACK,2023-01-13T20:08:44Z,40.9881,-70.8582,,,,
WHOI,WHOI_MA-RI_202210_WE16,GLIDER_TRACK,2023-01-13T20:42:05Z,40.9886,-70.8558,,,,
WHOI,WHOI_MA-RI_202210_WE16,GLIDER_TRACK,2023-01-13T20:57:05Z,40.9899,-70.8557,,,,
WHOI,WHOI_MA-RI_202210_WE16,GLIDER_TRACK,2023-01-13T21:12:05Z,40.9912,-70.8556,,,,
WHOI,WHOI_MA-RI_202210_WE16,GLIDER_TRACK,2023-01-13T21:27:05Z,40.9925,-70.8554,,,,
WHOI,WHOI_MA-RI_202210_WE16,GLIDER_TRACK,2023-01-13T21:42:05Z,40.9938,-70.8553,,,,
WHOI,WHOI_MA-RI_202210_WE16,GLIDER_TRACK,2023-01-13T21:57:05Z,40.9951,-70.8552,,,,
WHOI,WHOI_MA-RI_202210_WE16,GLIDER_TRACK,2023-01-13T22:12:05Z,40.9964,-70.8551,,,,
WHOI,WHOI_MA-RI_202210_WE16,GLIDER_TRACK,2023-01-13T22:27:05Z,40.9977,-70.855,,,,
WHOI,WHOI_MA-RI_202210_WE16,GLIDER_TRACK,2023-01-13T22:29:07Z,40.9977,-70.855,,,,
WHOI,WHOI_MA-RI_202210_WE16,GLIDER_TRACK,2023-01-13T22:57:05Z,40.9975,-70.8544,,,,
WHOI,WHOI_MA-RI_202210_WE16,GLIDER_TRACK,2023-01-13T23:12:05Z,40.9985,-70.8555,,,,
WHOI,WHOI_MA-RI_202210_WE16,GLIDER_TRACK,2023-01-13T23:27:05Z,40.9996,-70.8567,,,,
WHOI,WHOI_MA-RI_202210_WE16,GLIDER_TRACK,2023-01-13T23:42:05Z,41.0006,-70.8578,,,,
WHOI,WHOI_MA-RI_202210_WE16,GLIDER_TRACK,2023-01-13T23:57:05Z,41.0017,-70.8589,,,,
WHOI,WHOI_MA-RI_202210_WE16,GLIDER_TRACK,2023-01-14T00:12:05Z,41.0027,-70.86,,,,
WHOI,WHOI_MA-RI_202210_WE16,GLIDER_TRACK,2023-01-14T00:27:05Z,41.0038,-70.8611,,,,
WHOI,WHOI_MA-RI_202210_WE16,GLIDER_TRACK,2023-01-14T00:42:05Z,41.0048,-70.8623,,,,
WHOI,WHOI_MA-RI_202210_WE16,GLIDER_TRACK,2023-01-14T00:49:03Z,41.0047,-70.8633,,,,
WHOI,WHOI_MA-RI_202210_WE16,GLIDER_TRACK,2023-01-14T01:12:05Z,41.0057,-70.864,,,,
WHOI,WHOI_MA-RI_202210_WE16,GLIDER_TRACK,2023-01-14T01:27:05Z,41.0074,-70.865,,,,
WHOI,WHOI_MA-RI_202210_WE16,GLIDER_TRACK,2023-01-14T01:42:05Z,41.0092,-70.8659,,,,
WHOI,WHOI_MA-RI_202210_WE16,GLIDER_TRACK,2023-01-14T01:57:05Z,41.0109,-70.8669,,,,
WHOI,WHOI_MA-RI_202210_WE16,GLIDER_TRACK,2023-01-14T02:12:05Z,41.0126,-70.8678,,,,
WHOI,WHOI_MA-RI_202210_WE16,GLIDER_TRACK,2023-01-14T02:27:05Z,41.0144,-70.8688,,,,
WHOI,WHOI_MA-RI_202210_WE16,GLIDER_TRACK,2023-01-14T03:27:05Z,41.0176,-70.8734,,,,
WHOI,WHOI_MA-RI_202210_WE16,GLIDER_TRACK,2023-01-14T03:42:05Z,41.0199,-70.873,,,,
WHOI,WHOI_MA-RI_202210_WE16,GLIDER_TRACK,2023-01-14T03:57:05Z,41.0222,-70.8725,,,,
WHOI,WHOI_MA-RI_202210_WE16,GLIDER_TRACK,2023-01-14T04:12:05Z,41.0244,-70.872,,,,
WHOI,WHOI_MA-RI_202210_WE16,GLIDER_TRACK,2023-01-14T04:27:05Z,41.0267,-70.8715,,,,
WHOI,WHOI_MA-RI_202210_WE16,GLIDER_TRACK,2023-01-14T04:42:05Z,41.029,-70.871,,,,
WHOI,WHOI_MA-RI_202210_WE16,GLIDER_TRACK,2023-01-14T05:12:05Z,41.0335,-70.87,,,,
WHOI,WHOI_MA-RI_202210_WE16,GLIDER_TRACK,2023-01-14T05:26:30Z,41.0354,-70.8697,,,,
WHOI,WHOI_MA-RI_202210_WE16,GLIDER_TRACK,2023-01-14T05:57:05Z,41.0357,-70.8704,,,,
WHOI,WHOI_MA-RI_202210_WE16,GLIDER_TRACK,2023-01-14T06:12:05Z,41.0378,-70.8688,,,,
WHOI,WHOI_MA-RI_202210_WE16,GLIDER_TRACK,2023-01-14T06:27:05Z,41.0398,-70.8672,,,,
WHOI,WHOI_MA-RI_202210_WE16,GLIDER_TRACK,2023-01-14T06:42:05Z,41.0419,-70.8656,,,,
WHOI,WHOI_MA-RI_202210_WE16,GLIDER_TRACK,2023-01-14T06:57:05Z,41.044,-70.864,,,,
WHOI,WHOI_MA-RI_202210_WE16,GLIDER_TRACK,2023-01-14T07:12:05Z,41.046,-70.8623,,,,
WHOI,WHOI_MA-RI_202210_WE16,GLIDER_TRACK,2023-01-14T07:27:05Z,41.048,-70.8603,,,,
WHOI,WHOI_MA-RI_202210_WE16,GLIDER_TRACK,2023-01-14T07:42:05Z,41.0499,-70.8584,,,,
WHOI,WHOI_MA-RI_202210_WE16,GLIDER_TRACK,2023-01-14T08:27:05Z,41.0507,-70.8553,,,,
WHOI,WHOI_MA-RI_202210_WE16,GLIDER_TRACK,2023-01-14T08:42:05Z,41.0521,-70.8541,,,,
WHOI,WHOI_MA-RI_202210_WE16,GLIDER_TRACK,2023-01-14T08:57:05Z,41.0536,-70.8529,,,,
WHOI,WHOI_MA-RI_202210_WE16,GLIDER_TRACK,2023-01-14T09:12:05Z,41.0548,-70.8518,,,,
WHOI,WHOI_MA-RI_202210_WE16,GLIDER_TRACK,2023-01-14T09:27:05Z,41.056,-70.8509,,,,
WHOI,WHOI_MA-RI_202210_WE16,GLIDER_TRACK,2023-01-14T10:12:05Z,41.0592,-70.8486,,,,
WHOI,WHOI_MA-RI_202210_WE16,GLIDER_TRACK,2023-01-14T10:15:17Z,41.0592,-70.8486,,,,
WHOI,WHOI_MA-RI_202210_WE16,GLIDER_TRACK,2023-01-14T10:42:05Z,41.0563,-70.8485,,,,
WHOI,WHOI_MA-RI_202210_WE16,GLIDER_TRACK,2023-01-14T11:12:05Z,41.0581,-70.8502,,,,
WHOI,WHOI_MA-RI_202210_WE16,GLIDER_TRACK,2023-01-14T11:27:05Z,41.059,-70.851,,,,
WHOI,WHOI_MA-RI_202210_WE16,GLIDER_TRACK,2023-01-14T11:42:05Z,41.0599,-70.8519,,,,
WHOI,WHOI_MA-RI_202210_WE16,GLIDER_TRACK,2023-01-14T12:12:05Z,41.0617,-70.8535,,,,
WHOI,WHOI_MA-RI_202210_WE16,GLIDER_TRACK,2023-01-14T12:27:05Z,41.0626,-70.8543,,,,
WHOI,WHOI_MA-RI_202210_WE16,GLIDER_TRACK,2023-01-14T12:36:21Z,41.063,-70.8549,,,,
WHOI,WHOI_MA-RI_202210_WE16,GLIDER_TRACK,2023-01-14T13:12:05Z,41.0605,-70.8584,,,,
WHOI,WHOI_MA-RI_202210_WE16,GLIDER_TRACK,2023-01-14T13:27:05Z,41.0622,-70.8598,,,,
WHOI,WHOI_MA-RI_202210_WE16,GLIDER_TRACK,2023-01-14T14:12:05Z,41.0672,-70.8638,,,,
WHOI,WHOI_MA-RI_202210_WE16,GLIDER_TRACK,2023-01-14T14:27:05Z,41.0688,-70.8652,,,,
WHOI,WHOI_MA-RI_202210_WE16,GLIDER_TRACK,2023-01-14T14:42:05Z,41.0705,-70.8664,,,,
WHOI,WHOI_MA-RI_202210_WE16,GLIDER_TRACK,2023-01-14T15:03:24Z,41.0721,-70.8672,,,,
WHOI,WHOI_MA-RI_202210_WE16,GLIDER_TRACK,2023-01-14T15:27:05Z,41.0709,-70.8699,,,,
WHOI,WHOI_MA-RI_202210_WE16,GLIDER_TRACK,2023-01-14T15:42:05Z,41.073,-70.8705,,,,
WHOI,WHOI_MA-RI_202210_WE16,GLIDER_TRACK,2023-01-14T15:57:05Z,41.0751,-70.8711,,,,
WHOI,WHOI_MA-RI_202210_WE16,GLIDER_TRACK,2023-01-14T16:12:05Z,41.0772,-70.8717,,,,
WHOI,WHOI_MA-RI_202210_WE16,GLIDER_TRACK,2023-01-14T16:27:05Z,41.0793,-70.8723,,,,
WHOI,WHOI_MA-RI_202210_WE16,GLIDER_TRACK,2023-01-14T17:12:05Z,41.0851,-70.8738,,,,
WHOI,WHOI_MA-RI_202210_WE16,GLIDER_TRACK,2023-01-14T17:26:36Z,41.0872,-70.874,,,,
WHOI,WHOI_MA-RI_202210_WE16,GLIDER_TRACK,2023-01-14T18:12:05Z,41.0886,-70.8758,,,,
WHOI,WHOI_MA-RI_202210_WE16,GLIDER_TRACK,2023-01-14T18:27:05Z,41.0906,-70.8741,,,,
WHOI,WHOI_MA-RI_202210_WE16,GLIDER_TRACK,2023-01-14T18:42:05Z,41.0926,-70.873,,,,
WHOI,WHOI_MA-RI_202210_WE16,GLIDER_TRACK,2023-01-14T19:12:05Z,41.0956,-70.8716,,,,
WHOI,WHOI_MA-RI_202210_WE16,GLIDER_TRACK,2023-01-14T19:27:05Z,41.0973,-70.8705,,,,
WHOI,WHOI_MA-RI_202210_WE16,GLIDER_TRACK,2023-01-14T19:42:05Z,41.0989,-70.8694,,,,
WHOI,WHOI_MA-RI_202210_WE16,GLIDER_TRACK,2023-01-14T20:27:05Z,41.0965,-70.8684,,,,
WHOI,WHOI_MA-RI_202210_WE16,GLIDER_TRACK,2023-01-14T20:42:05Z,41.0978,-70.8675,,,,
WHOI,WHOI_MA-RI_202210_WE16,GLIDER_TRACK,2023-01-14T20:57:05Z,41.099,-70.8671,,,,
WHOI,WHOI_MA-RI_202210_WE16,GLIDER_TRACK,2023-01-14T21:12:05Z,41.1002,-70.8667,,,,
WHOI,WHOI_MA-RI_202210_WE16,GLIDER_TRACK,2023-01-14T21:27:05Z,41.1013,-70.8663,,,,
WHOI,WHOI_MA-RI_202210_WE16,GLIDER_TRACK,2023-01-14T21:42:05Z,41.1025,-70.8659,,,,
WHOI,WHOI_MA-RI_202210_WE16,GLIDER_TRACK,2023-01-14T22:12:05Z,41.1042,-70.8665,,,,
WHOI,WHOI_MA-RI_202210_WE16,GLIDER_TRACK,2023-01-14T22:17:05Z,41.1042,-70.8665,,,,
WHOI,WHOI_MA-RI_202210_WE16,GLIDER_TRACK,2023-01-14T22:57:05Z,41.0994,-70.8699,,,,
WHOI,WHOI_MA-RI_202210_WE16,GLIDER_TRACK,2023-01-14T23:12:05Z,41.1004,-70.8707,,,,
WHOI,WHOI_MA-RI_202210_WE16,GLIDER_TRACK,2023-01-14T23:27:05Z,41.1014,-70.8716,,,,
WHOI,WHOI_MA-RI_202210_WE16,GLIDER_TRACK,2023-01-14T23:42:05Z,41.1021,-70.8725,,,,
WHOI,WHOI_MA-RI_202210_WE16,GLIDER_TRACK,2023-01-15T00:12:05Z,41.1038,-70.8757,,,,
WHOI,WHOI_MA-RI_202210_WE16,GLIDER_TRACK,2023-01-15T00:27:05Z,41.1047,-70.8773,,,,
WHOI,WHOI_MA-RI_202210_WE16,GLIDER_TRACK,2023-01-15T00:42:05Z,41.1056,-70.8789,,,,
WHOI,WHOI_MA-RI_202210_WE16,GLIDER_TRACK,2023-01-15T01:12:05Z,41.102,-70.8843,,,,
WHOI,WHOI_MA-RI_202210_WE16,GLIDER_TRACK,2023-01-15T01:27:05Z,41.1029,-70.8859,,,,
WHOI,WHOI_MA-RI_202210_WE16,GLIDER_TRACK,2023-01-15T01:42:05Z,41.1038,-70.8875,,,,
WHOI,WHOI_MA-RI_202210_WE16,GLIDER_TRACK,2023-01-15T02:12:05Z,41.1063,-70.8911,,,,
WHOI,WHOI_MA-RI_202210_WE16,GLIDER_TRACK,2023-01-15T02:27:05Z,41.1079,-70.8932,,,,
WHOI,WHOI_MA-RI_202210_WE16,GLIDER_TRACK,2023-01-15T03:12:05Z,41.1125,-70.8995,,,,
WHOI,WHOI_MA-RI_202210_WE16,GLIDER_TRACK,2023-01-15T03:12:39Z,41.1125,-70.8995,,,,
WHOI,WHOI_MA-RI_202210_WE16,GLIDER_TRACK,2023-01-15T03:42:05Z,41.1116,-70.9065,,,,
WHOI,WHOI_MA-RI_202210_WE16,GLIDER_TRACK,2023-01-15T03:57:05Z,41.1132,-70.9079,,,,
WHOI,WHOI_MA-RI_202210_WE16,GLIDER_TRACK,2023-01-15T04:12:05Z,41.1158,-70.9095,,,,
WHOI,WHOI_MA-RI_202210_WE16,GLIDER_TRACK,2023-01-15T04:27:05Z,41.1185,-70.911,,,,
WHOI,WHOI_MA-RI_202210_WE16,GLIDER_TRACK,2023-01-15T04:42:05Z,41.1204,-70.9119,,,,
WHOI,WHOI_MA-RI_202210_WE16,GLIDER_TRACK,2023-01-15T05:12:05Z,41.1256,-70.9149,,,,
WHOI,WHOI_MA-RI_202210_WE16,GLIDER_TRACK,2023-01-15T05:27:05Z,41.1278,-70.9161,,,,
WHOI,WHOI_MA-RI_202210_WE16,GLIDER_TRACK,2023-01-15T05:34:09Z,41.1282,-70.9177,,,,
WHOI,WHOI_MA-RI_202210_WE16,GLIDER_TRACK,2023-01-15T06:12:05Z,41.1287,-70.9218,,,,
WHOI,WHOI_MA-RI_202210_WE16,GLIDER_TRACK,2023-01-15T06:27:05Z,41.13,-70.9217,,,,
WHOI,WHOI_MA-RI_202210_WE16,GLIDER_TRACK,2023-01-15T06:42:05Z,41.1314,-70.9216,,,,
WHOI,WHOI_MA-RI_202210_WE16,GLIDER_TRACK,2023-01-15T07:12:05Z,41.1336,-70.9214,,,,
WHOI,WHOI_MA-RI_202210_WE16,GLIDER_TRACK,2023-01-15T07:27:05Z,41.1345,-70.9207,,,,
WHOI,WHOI_MA-RI_202210_WE16,GLIDER_TRACK,2023-01-15T07:42:05Z,41.1354,-70.9201,,,,
WHOI,WHOI_MA-RI_202210_WE16,GLIDER_TRACK,2023-01-15T08:27:05Z,41.1337,-70.9228,,,,
WHOI,WHOI_MA-RI_202210_WE16,GLIDER_TRACK,2023-01-15T08:42:05Z,41.134,-70.9222,,,,
WHOI,WHOI_MA-RI_202210_WE16,GLIDER_TRACK,2023-01-15T08:57:05Z,41.1344,-70.9217,,,,
WHOI,WHOI_MA-RI_202210_WE16,GLIDER_TRACK,2023-01-15T09:12:05Z,41.1348,-70.9211,,,,
WHOI,WHOI_MA-RI_202210_WE16,GLIDER_TRACK,2023-01-15T09:27:05Z,41.1352,-70.9205,,,,
WHOI,WHOI_MA-RI_202210_WE16,GLIDER_TRACK,2023-01-15T09:42:05Z,41.1355,-70.9199,,,,
WHOI,WHOI_MA-RI_202210_WE16,GLIDER_TRACK,2023-01-15T09:57:05Z,41.1357,-70.9196,,,,
WHOI,WHOI_MA-RI_202210_WE16,GLIDER_TRACK,2023-01-15T10:12:05Z,41.1358,-70.9194,,,,
WHOI,WHOI_MA-RI_202210_WE16,GLIDER_TRACK,2023-01-15T10:19:18Z,41.1348,-70.9202,,,,
WHOI,WHOI_MA-RI_202210_WE16,GLIDER_TRACK,2023-01-15T10:57:05Z,41.1312,-70.9238,,,,
WHOI,WHOI_MA-RI_202210_WE16,GLIDER_TRACK,2023-01-15T11:12:05Z,41.1312,-70.9244,,,,
WHOI,WHOI_MA-RI_202210_WE16,GLIDER_TRACK,2023-01-15T11:27:05Z,41.131,-70.9251,,,,
WHOI,WHOI_MA-RI_202210_WE16,GLIDER_TRACK,2023-01-15T11:42:05Z,41.1309,-70.9258,,,,
WHOI,WHOI_MA-RI_202210_WE16,GLIDER_TRACK,2023-01-15T12:12:05Z,41.1306,-70.9272,,,,
WHOI,WHOI_MA-RI_202210_WE16,GLIDER_TRACK,2023-01-15T12:27:05Z,41.1305,-70.9279,,,,
WHOI,WHOI_MA-RI_202210_WE16,GLIDER_TRACK,2023-01-15T12:42:05Z,41.1304,-70.9286,,,,
WHOI,WHOI_MA-RI_202210_WE16,GLIDER_TRACK,2023-01-15T13:12:05Z,41.1269,-70.935,,,,
WHOI,WHOI_MA-RI_202210_WE16,GLIDER_TRACK,2023-01-15T13:27:05Z,41.1273,-70.937,,,,
WHOI,WHOI_MA-RI_202210_WE16,GLIDER_TRACK,2023-01-15T13:42:05Z,41.1277,-70.9382,,,,
WHOI,WHOI_MA-RI_202210_WE16,GLIDER_TRACK,2023-01-15T14:12:05Z,41.1291,-70.9424,,,,
WHOI,WHOI_MA-RI_202210_WE16,GLIDER_TRACK,2023-01-15T14:27:05Z,41.1299,-70.9445,,,,
WHOI,WHOI_MA-RI_202210_WE16,GLIDER_TRACK,2023-01-15T14:42:05Z,41.1306,-70.9467,,,,
WHOI,WHOI_MA-RI_202210_WE16,GLIDER_TRACK,2023-01-15T14:57:05Z,41.1313,-70.9488,,,,
WHOI,WHOI_MA-RI_202210_WE16,GLIDER_TRACK,2023-01-15T15:06:15Z,41.1309,-70.9524,,,,
WHOI,WHOI_MA-RI_202210_WE16,GLIDER_TRACK,2023-01-15T15:42:05Z,41.1304,-70.9585,,,,
WHOI,WHOI_MA-RI_202210_WE16,GLIDER_TRACK,2023-01-15T15:57:05Z,41.1318,-70.9606,,,,
WHOI,WHOI_MA-RI_202210_WE16,GLIDER_TRACK,2023-01-15T16:12:05Z,41.1327,-70.9619,,,,
WHOI,WHOI_MA-RI_202210_WE16,GLIDER_TRACK,2023-01-15T16:27:05Z,41.1343,-70.9635,,,,
WHOI,WHOI_MA-RI_202210_WE16,GLIDER_TRACK,2023-01-15T16:42:05Z,41.1358,-70.9651,,,,
WHOI,WHOI_MA-RI_202210_WE16,GLIDER_TRACK,2023-01-15T17:12:05Z,41.1389,-70.9683,,,,
WHOI,WHOI_MA-RI_202210_WE16,GLIDER_TRACK,2023-01-15T17:25:10Z,41.14,-70.9697,,,,
WHOI,WHOI_MA-RI_202210_WE16,GLIDER_TRACK,2023-01-15T18:12:05Z,41.1394,-70.9749,,,,
WHOI,WHOI_MA-RI_202210_WE16,GLIDER_TRACK,2023-01-15T18:27:05Z,41.1404,-70.9751,,,,
WHOI,WHOI_MA-RI_202210_WE16,GLIDER_TRACK,2023-01-15T18:42:05Z,41.1413,-70.9754,,,,
WHOI,WHOI_MA-RI_202210_WE16,GLIDER_TRACK,2023-01-15T19:12:05Z,41.1431,-70.9759,,,,
WHOI,WHOI_MA-RI_202210_WE16,GLIDER_TRACK,2023-01-15T19:27:05Z,41.1441,-70.9761,,,,
WHOI,WHOI_MA-RI_202210_WE16,GLIDER_TRACK,2023-01-15T20:27:05Z,41.1411,-70.98,,,,
WHOI,WHOI_MA-RI_202210_WE16,GLIDER_TRACK,2023-01-15T20:42:05Z,41.1411,-70.9797,,,,
WHOI,WHOI_MA-RI_202210_WE16,GLIDER_TRACK,2023-01-15T20:57:05Z,41.1411,-70.9793,,,,
WHOI,WHOI_MA-RI_202210_WE16,GLIDER_TRACK,2023-01-15T21:12:05Z,41.1411,-70.979,,,,
WHOI,WHOI_MA-RI_202210_WE16,GLIDER_TRACK,2023-01-15T21:27:05Z,41.1412,-70.9787,,,,
WHOI,WHOI_MA-RI_202210_WE16,GLIDER_TRACK,2023-01-15T22:12:05Z,41.1412,-70.9777,,,,
WHOI,WHOI_MA-RI_202210_WE16,GLIDER_TRACK,2023-01-15T22:15:15Z,41.1412,-70.9777,,,,
WHOI,WHOI_MA-RI_202210_WE16,GLIDER_TRACK,2023-01-15T22:27:05Z,41.1398,-70.9796,,,,
WHOI,WHOI_MA-RI_202210_WE16,GLIDER_TRACK,2023-01-15T22:42:05Z,41.1395,-70.9797,,,,
WHOI,WHOI_MA-RI_202210_WE16,GLIDER_TRACK,2023-01-15T23:12:05Z,41.1391,-70.9803,,,,
WHOI,WHOI_MA-RI_202210_WE16,GLIDER_TRACK,2023-01-15T23:27:05Z,41.1389,-70.9807,,,,
WHOI,WHOI_MA-RI_202210_WE16,GLIDER_TRACK,2023-01-16T00:12:05Z,41.1381,-70.9826,,,,
WHOI,WHOI_MA-RI_202210_WE16,GLIDER_TRACK,2023-01-16T00:22:37Z,41.1373,-70.9839,,,,
WHOI,WHOI_MA-RI_202210_WE16,GLIDER_TRACK,2023-01-16T00:42:05Z,41.1363,-70.9859,,,,
WHOI,WHOI_MA-RI_202210_WE16,GLIDER_TRACK,2023-01-16T00:57:05Z,41.1363,-70.9869,,,,
WHOI,WHOI_MA-RI_202210_WE16,GLIDER_TRACK,2023-01-16T01:12:05Z,41.1363,-70.9878,,,,
WHOI,WHOI_MA-RI_202210_WE16,GLIDER_TRACK,2023-01-16T01:27:05Z,41.1364,-70.989,,,,
WHOI,WHOI_MA-RI_202210_WE16,GLIDER_TRACK,2023-01-16T01:42:05Z,41.1365,-70.9898,,,,
WHOI,WHOI_MA-RI_202210_WE16,GLIDER_TRACK,2023-01-16T02:12:05Z,41.1373,-70.9928,,,,
WHOI,WHOI_MA-RI_202210_WE16,GLIDER_TRACK,2023-01-16T02:27:05Z,41.1377,-70.9943,,,,
WHOI,WHOI_MA-RI_202210_WE16,GLIDER_TRACK,2023-01-16T03:12:05Z,41.1352,-71.0031,,,,
WHOI,WHOI_MA-RI_202210_WE16,GLIDER_TRACK,2023-01-16T03:27:05Z,41.1368,-71.0043,,,,
WHOI,WHOI_MA-RI_202210_WE16,GLIDER_TRACK,2023-01-16T03:42:05Z,41.138,-71.0049,,,,
WHOI,WHOI_MA-RI_202210_WE16,GLIDER_TRACK,2023-01-16T04:12:05Z,41.1415,-71.0067,,,,
WHOI,WHOI_MA-RI_202210_WE16,GLIDER_TRACK,2023-01-16T04:27:05Z,41.1432,-71.0077,,,,
WHOI,WHOI_MA-RI_202210_WE16,GLIDER_TRACK,2023-01-16T04:42:05Z,41.145,-71.0086,,,,
WHOI,WHOI_MA-RI_202210_WE16,GLIDER_TRACK,2023-01-16T05:02:52Z,41.1467,-71.0096,,,,
WHOI,WHOI_MA-RI_202210_WE16,GLIDER_TRACK,2023-01-16T05:27:05Z,41.1475,-71.0138,,,,
WHOI,WHOI_MA-RI_202210_WE16,GLIDER_TRACK,2023-01-16T05:42:05Z,41.1489,-71.0131,,,,
WHOI,WHOI_MA-RI_202210_WE16,GLIDER_TRACK,2023-01-16T05:57:05Z,41.1504,-71.0125,,,,
WHOI,WHOI_MA-RI_202210_WE16,GLIDER_TRACK,2023-01-16T06:12:05Z,41.1519,-71.0118,,,,
WHOI,WHOI_MA-RI_202210_WE16,GLIDER_TRACK,2023-01-16T06:27:05Z,41.1534,-71.0111,,,,
WHOI,WHOI_MA-RI_202210_WE16,GLIDER_TRACK,2023-01-16T06:42:05Z,41.1549,-71.0104,,,,
WHOI,WHOI_MA-RI_202210_WE16,GLIDER_TRACK,2023-01-16T07:12:05Z,41.1578,-71.009,,,,
WHOI,WHOI_MA-RI_202210_WE16,GLIDER_TRACK,2023-01-16T07:25:11Z,41.1589,-71.0085,,,,
WHOI,WHOI_MA-RI_202210_WE16,GLIDER_TRACK,2023-01-16T07:57:05Z,41.1577,-71.0083,,,,
WHOI,WHOI_MA-RI_202210_WE16,GLIDER_TRACK,2023-01-16T08:12:05Z,41.1575,-71.0064,,,,
WHOI,WHOI_MA-RI_202210_WE16,GLIDER_TRACK,2023-01-16T08:27:05Z,41.1573,-71.0046,,,,
WHOI,WHOI_MA-RI_202210_WE16,GLIDER_TRACK,2023-01-16T09:12:05Z,41.1566,-70.999,,,,
WHOI,WHOI_MA-RI_202210_WE16,GLIDER_TRACK,2023-01-16T09:27:05Z,41.1564,-70.9971,,,,
WHOI,WHOI_MA-RI_202210_WE16,GLIDER_TRACK,2023-01-16T10:27:05Z,41.1532,-70.9926,,,,
WHOI,WHOI_MA-RI_202210_WE16,GLIDER_TRACK,2023-01-16T10:42:05Z,41.1527,-70.9907,,,,
WHOI,WHOI_MA-RI_202210_WE16,GLIDER_TRACK,2023-01-16T10:57:05Z,41.1522,-70.9888,,,,
WHOI,WHOI_MA-RI_202210_WE16,GLIDER_TRACK,2023-01-16T11:12:05Z,41.1517,-70.987,,,,
WHOI,WHOI_MA-RI_202210_WE16,GLIDER_TRACK,2023-01-16T11:27:05Z,41.1512,-70.9851,,,,
WHOI,WHOI_MA-RI_202210_WE16,GLIDER_TRACK,2023-01-16T11:42:05Z,41.1507,-70.9833,,,,
WHOI,WHOI_MA-RI_202210_WE16,GLIDER_TRACK,2023-01-16T12:12:05Z,41.1496,-70.9795,,,,
WHOI,WHOI_MA-RI_202210_WE16,GLIDER_TRACK,2023-01-16T12:15:02Z,41.1496,-70.9795,,,,
WHOI,WHOI_MA-RI_202210_WE16,GLIDER_TRACK,2023-01-16T12:42:05Z,41.146,-70.9797,,,,
WHOI,WHOI_MA-RI_202210_WE16,GLIDER_TRACK,2023-01-16T12:57:05Z,41.1461,-70.9787,,,,
WHOI,WHOI_MA-RI_202210_WE16,GLIDER_TRACK,2023-01-16T13:12:05Z,41.1461,-70.9776,,,,
WHOI,WHOI_MA-RI_202210_WE16,GLIDER_TRACK,2023-01-16T13:27:05Z,41.1461,-70.9766,,,,
WHOI,WHOI_MA-RI_202210_WE16,GLIDER_TRACK,2023-01-16T13:42:05Z,41.1462,-70.9755,,,,
WHOI,WHOI_MA-RI_202210_WE16,GLIDER_TRACK,2023-01-16T14:12:05Z,41.1462,-70.9734,,,,
WHOI,WHOI_MA-RI_202210_WE16,GLIDER_TRACK,2023-01-16T14:27:05Z,41.1463,-70.9723,,,,
WHOI,WHOI_MA-RI_202210_WE16,GLIDER_TRACK,2023-01-16T14:40:15Z,41.1462,-70.9716,,,,
WHOI,WHOI_MA-RI_202210_WE16,GLIDER_TRACK,2023-01-16T15:12:05Z,41.1466,-70.9718,,,,
WHOI,WHOI_MA-RI_202210_WE16,GLIDER_TRACK,2023-01-16T15:27:05Z,41.1478,-70.9712,,,,
WHOI,WHOI_MA-RI_202210_WE16,GLIDER_TRACK,2023-01-16T15:42:05Z,41.1491,-70.9707,,,,
WHOI,WHOI_MA-RI_202210_WE16,GLIDER_TRACK,2023-01-16T16:12:05Z,41.1516,-70.9696,,,,
WHOI,WHOI_MA-RI_202210_WE16,GLIDER_TRACK,2023-01-16T16:27:05Z,41.1528,-70.969,,,,
WHOI,WHOI_MA-RI_202210_WE16,GLIDER_TRACK,2023-01-16T16:42:05Z,41.1541,-70.9685,,,,
WHOI,WHOI_MA-RI_202210_WE16,GLIDER_TRACK,2023-01-16T17:27:05Z,41.1553,-70.9695,,,,
WHOI,WHOI_MA-RI_202210_WE16,GLIDER_TRACK,2023-01-16T17:42:05Z,41.157,-70.9683,,,,
WHOI,WHOI_MA-RI_202210_WE16,GLIDER_TRACK,2023-01-16T17:57:05Z,41.1586,-70.9672,,,,
WHOI,WHOI_MA-RI_202210_WE16,GLIDER_TRACK,2023-01-16T18:12:05Z,41.16,-70.9652,,,,
WHOI,WHOI_MA-RI_202210_WE16,GLIDER_TRACK,2023-01-16T18:27:05Z,41.1614,-70.9631,,,,
WHOI,WHOI_MA-RI_202210_WE16,GLIDER_TRACK,2023-01-16T19:12:05Z,41.1655,-70.9569,,,,
WHOI,WHOI_MA-RI_202210_WE16,GLIDER_TRACK,2023-01-16T19:20:26Z,41.166,-70.9558,,,,
WHOI,WHOI_MA-RI_202210_WE16,GLIDER_TRACK,2023-01-16T19:57:05Z,41.1655,-70.9515,,,,
WHOI,WHOI_MA-RI_202210_WE16,GLIDER_TRACK,2023-01-16T20:12:05Z,41.1655,-70.948,,,,
WHOI,WHOI_MA-RI_202210_WE16,GLIDER_TRACK,2023-01-16T20:27:05Z,41.1655,-70.9445,,,,
WHOI,WHOI_MA-RI_202210_WE16,GLIDER_TRACK,2023-01-16T21:12:05Z,41.1654,-70.9341,,,,
WHOI,WHOI_MA-RI_202210_WE16,GLIDER_TRACK,2023-01-16T21:27:05Z,41.1654,-70.9306,,,,
WHOI,WHOI_MA-RI_202210_WE16,GLIDER_TRACK,2023-01-16T22:27:05Z,41.1615,-70.9179,,,,
WHOI,WHOI_MA-RI_202210_WE16,GLIDER_TRACK,2023-01-16T22:42:05Z,41.16,-70.9133,,,,
WHOI,WHOI_MA-RI_202210_WE16,GLIDER_TRACK,2023-01-16T23:12:05Z,41.1569,-70.9042,,,,
WHOI,WHOI_MA-RI_202210_WE16,GLIDER_TRACK,2023-01-16T23:27:05Z,41.1553,-70.8996,,,,
WHOI,WHOI_MA-RI_202210_WE16,GLIDER_TRACK,2023-01-17T00:11:16Z,41.1509,-70.8867,,,,
WHOI,WHOI_MA-RI_202210_WE16,GLIDER_TRACK,2023-01-17T00:27:05Z,41.1495,-70.8839,,,,
WHOI,WHOI_MA-RI_202210_WE16,GLIDER_TRACK,2023-01-17T00:42:05Z,41.1501,-70.8822,,,,
WHOI,WHOI_MA-RI_202210_WE16,GLIDER_TRACK,2023-01-17T01:12:05Z,41.1514,-70.8788,,,,
WHOI,WHOI_MA-RI_202210_WE16,GLIDER_TRACK,2023-01-17T01:27:05Z,41.152,-70.8772,,,,
WHOI,WHOI_MA-RI_202210_WE16,GLIDER_TRACK,2023-01-17T02:12:05Z,41.1539,-70.8722,,,,
WHOI,WHOI_MA-RI_202210_WE16,GLIDER_TRACK,2023-01-17T02:24:20Z,41.1543,-70.8709,,,,
WHOI,WHOI_MA-RI_202210_WE16,GLIDER_TRACK,2023-01-17T03:12:05Z,41.1551,-70.8678,,,,
WHOI,WHOI_MA-RI_202210_WE16,GLIDER_TRACK,2023-01-17T03:27:05Z,41.1562,-70.8663,,,,
WHOI,WHOI_MA-RI_202210_WE16,GLIDER_TRACK,2023-01-17T04:12:05Z,41.1596,-70.8621,,,,
WHOI,WHOI_MA-RI_202210_WE16,GLIDER_TRACK,2023-01-17T04:27:05Z,41.1607,-70.8606,,,,
WHOI,WHOI_MA-RI_202210_WE16,GLIDER_TRACK,2023-01-17T05:27:05Z,41.1603,-70.8548,,,,
WHOI,WHOI_MA-RI_202210_WE16,GLIDER_TRACK,2023-01-17T05:42:05Z,41.1617,-70.8516,,,,
WHOI,WHOI_MA-RI_202210_WE16,GLIDER_TRACK,2023-01-17T05:57:05Z,41.1631,-70.8484,,,,
WHOI,WHOI_MA-RI_202210_WE16,GLIDER_TRACK,2023-01-17T06:12:05Z,41.1645,-70.8452,,,,
WHOI,WHOI_MA-RI_202210_WE16,GLIDER_TRACK,2023-01-17T06:27:05Z,41.1658,-70.842,,,,
WHOI,WHOI_MA-RI_202210_WE16,GLIDER_TRACK,2023-01-17T07:12:05Z,41.17,-70.8324,,,,
WHOI,WHOI_MA-RI_202210_WE16,GLIDER_TRACK,2023-01-17T07:15:54Z,41.17,-70.8324,,,,
WHOI,WHOI_MA-RI_202210_WE16,GLIDER_TRACK,2023-01-17T07:57:05Z,41.1682,-70.8239,,,,
WHOI,WHOI_MA-RI_202210_WE16,GLIDER_TRACK,2023-01-17T08:12:05Z,41.1667,-70.8201,,,,
WHOI,WHOI_MA-RI_202210_WE16,GLIDER_TRACK,2023-01-17T08:27:05Z,41.1653,-70.8164,,,,
WHOI,WHOI_MA-RI_202210_WE16,GLIDER_TRACK,2023-01-17T08:42:05Z,41.1638,-70.8127,,,,
WHOI,WHOI_MA-RI_202210_WE16,GLIDER_TRACK,2023-01-17T08:57:05Z,41.1624,-70.809,,,,
WHOI,WHOI_MA-RI_202210_WE16,GLIDER_TRACK,2023-01-17T09:12:05Z,41.1609,-70.8053,,,,
WHOI,WHOI_MA-RI_202210_WE16,GLIDER_TRACK,2023-01-17T09:27:05Z,41.1595,-70.8015,,,,
WHOI,WHOI_MA-RI_202210_WE16,GLIDER_TRACK,2023-01-17T09:42:05Z,41.1581,-70.7981,,,,
WHOI,WHOI_MA-RI_202210_WE16,GLIDER_TRACK,2023-01-17T09:42:31Z,41.1581,-70.7981,,,,
WHOI,WHOI_MA-RI_202210_WE16,GLIDER_TRACK,2023-01-17T10:12:05Z,41.156,-70.7914,,,,
WHOI,WHOI_MA-RI_202210_WE16,GLIDER_TRACK,2023-01-17T10:27:05Z,41.1545,-70.7894,,,,
WHOI,WHOI_MA-RI_202210_WE16,GLIDER_TRACK,2023-01-17T10:42:05Z,41.153,-70.7873,,,,
WHOI,WHOI_MA-RI_202210_WE16,GLIDER_TRACK,2023-01-17T10:57:05Z,41.1514,-70.7853,,,,
WHOI,WHOI_MA-RI_202210_WE16,GLIDER_TRACK,2023-01-17T11:12:05Z,41.1499,-70.7833,,,,
WHOI,WHOI_MA-RI_202210_WE16,GLIDER_TRACK,2023-01-17T11:27:05Z,41.1483,-70.7812,,,,
WHOI,WHOI_MA-RI_202210_WE16,GLIDER_TRACK,2023-01-17T11:42:05Z,41.1468,-70.7792,,,,
WHOI,WHOI_MA-RI_202210_WE16,GLIDER_TRACK,2023-01-17T11:57:05Z,41.1453,-70.7772,,,,
WHOI,WHOI_MA-RI_202210_WE16,GLIDER_TRACK,2023-01-17T12:04:44Z,41.1445,-70.7753,,,,
WHOI,WHOI_MA-RI_202210_WE16,GLIDER_TRACK,2023-01-17T12:42:05Z,41.1416,-70.7713,,,,
WHOI,WHOI_MA-RI_202210_WE16,GLIDER_TRACK,2023-01-17T12:57:05Z,41.1398,-70.7713,,,,
WHOI,WHOI_MA-RI_202210_WE16,GLIDER_TRACK,2023-01-17T13:12:05Z,41.1381,-70.7713,,,,
WHOI,WHOI_MA-RI_202210_WE16,GLIDER_TRACK,2023-01-17T13:27:05Z,41.1363,-70.7713,,,,
WHOI,WHOI_MA-RI_202210_WE16,GLIDER_TRACK,2023-01-17T13:42:05Z,41.1346,-70.7713,,,,
WHOI,WHOI_MA-RI_202210_WE16,GLIDER_TRACK,2023-01-17T13:57:05Z,41.1328,-70.7713,,,,
WHOI,WHOI_MA-RI_202210_WE16,GLIDER_TRACK,2023-01-17T14:12:05Z,41.131,-70.7713,,,,
WHOI,WHOI_MA-RI_202210_WE16,GLIDER_TRACK,2023-01-17T14:27:05Z,41.1294,-70.7713,,,,
WHOI,WHOI_MA-RI_202210_WE16,GLIDER_TRACK,2023-01-17T14:27:43Z,41.1294,-70.7713,,,,
WHOI,WHOI_MA-RI_202210_WE16,GLIDER_TRACK,2023-01-17T14:57:05Z,41.1277,-70.7685,,,,
WHOI,WHOI_MA-RI_202210_WE16,GLIDER_TRACK,2023-01-17T15:12:05Z,41.1258,-70.7699,,,,
WHOI,WHOI_MA-RI_202210_WE16,GLIDER_TRACK,2023-01-17T15:27:05Z,41.1245,-70.7709,,,,
WHOI,WHOI_MA-RI_202210_WE16,GLIDER_TRACK,2023-01-17T15:42:05Z,41.1227,-70.7725,,,,
WHOI,WHOI_MA-RI_202210_WE16,GLIDER_TRACK,2023-01-17T15:57:05Z,41.1211,-70.7742,,,,
WHOI,WHOI_MA-RI_202210_WE16,GLIDER_TRACK,2023-01-17T16:12:05Z,41.1195,-70.776,,,,
WHOI,WHOI_MA-RI_202210_WE16,GLIDER_TRACK,2023-01-17T16:27:05Z,41.1187,-70.7774,,,,
WHOI,WHOI_MA-RI_202210_WE16,GLIDER_TRACK,2023-01-17T16:42:05Z,41.1179,-70.7796,,,,
WHOI,WHOI_MA-RI_202210_WE16,GLIDER_TRACK,2023-01-17T16:48:24Z,41.1179,-70.7796,,,,
WHOI,WHOI_MA-RI_202210_WE16,GLIDER_TRACK,2023-01-17T17:12:05Z,41.1175,-70.779,,,,
WHOI,WHOI_MA-RI_202210_WE16,GLIDER_TRACK,2023-01-17T17:27:05Z,41.1166,-70.7806,,,,
WHOI,WHOI_MA-RI_202210_WE16,GLIDER_TRACK,2023-01-17T17:42:05Z,41.1157,-70.7816,,,,
WHOI,WHOI_MA-RI_202210_WE16,GLIDER_TRACK,2023-01-17T18:12:05Z,41.1138,-70.7837,,,,
WHOI,WHOI_MA-RI_202210_WE16,GLIDER_TRACK,2023-01-17T18:27:05Z,41.1129,-70.7848,,,,
WHOI,WHOI_MA-RI_202210_WE16,GLIDER_TRACK,2023-01-17T19:08:19Z,41.1104,-70.7875,,,,
WHOI,WHOI_MA-RI_202210_WE16,GLIDER_TRACK,2023-01-17T19:42:05Z,41.1105,-70.7831,,,,
WHOI,WHOI_MA-RI_202210_WE16,GLIDER_TRACK,2023-01-17T19:57:05Z,41.1092,-70.7819,,,,
WHOI,WHOI_MA-RI_202210_WE16,GLIDER_TRACK,2023-01-17T20:12:05Z,41.1083,-70.7807,,,,
WHOI,WHOI_MA-RI_202210_WE16,GLIDER_TRACK,2023-01-17T20:27:05Z,41.1075,-70.7795,,,,
WHOI,WHOI_MA-RI_202210_WE16,GLIDER_TRACK,2023-01-17T21:12:05Z,41.1051,-70.7759,,,,
WHOI,WHOI_MA-RI_202210_WE16,GLIDER_TRACK,2023-01-17T21:27:05Z,41.1043,-70.7747,,,,
WHOI,WHOI_MA-RI_202210_WE16,GLIDER_TRACK,2023-01-17T22:12:05Z,41.104,-70.7665,,,,
WHOI,WHOI_MA-RI_202210_WE16,GLIDER_TRACK,2023-01-17T22:27:05Z,41.1028,-70.7645,,,,
WHOI,WHOI_MA-RI_202210_WE16,GLIDER_TRACK,2023-01-17T23:12:05Z,41.0989,-70.7588,,,,
WHOI,WHOI_MA-RI_202210_WE16,GLIDER_TRACK,2023-01-17T23:27:05Z,41.0974,-70.7566,,,,
WHOI,WHOI_MA-RI_202210_WE16,GLIDER_TRACK,2023-01-18T00:27:05Z,41.0943,-70.7468,,,,
WHOI,WHOI_MA-RI_202210_WE16,GLIDER_TRACK,2023-01-18T00:42:05Z,41.093,-70.7464,,,,
WHOI,WHOI_MA-RI_202210_WE16,GLIDER_TRACK,2023-01-18T01:12:05Z,41.0904,-70.7457,,,,
WHOI,WHOI_MA-RI_202210_WE16,GLIDER_TRACK,2023-01-18T01:27:05Z,41.089,-70.7453,,,,
WHOI,WHOI_MA-RI_202210_WE16,GLIDER_TRACK,2023-01-18T01:42:05Z,41.0877,-70.7449,,,,
WHOI,WHOI_MA-RI_202210_WE16,GLIDER_TRACK,2023-01-18T02:12:05Z,41.0851,-70.7441,,,,
WHOI,WHOI_MA-RI_202210_WE16,GLIDER_TRACK,2023-01-18T02:18:47Z,41.0846,-70.7435,,,,
WHOI,WHOI_MA-RI_202210_WE16,GLIDER_TRACK,2023-01-18T02:57:05Z,41.0847,-70.7395,,,,
WHOI,WHOI_MA-RI_202210_WE16,GLIDER_TRACK,2023-01-18T03:12:05Z,41.0838,-70.7405,,,,
WHOI,WHOI_MA-RI_202210_WE16,GLIDER_TRACK,2023-01-18T03:27:05Z,41.083,-70.7416,,,,
WHOI,WHOI_MA-RI_202210_WE16,GLIDER_TRACK,2023-01-18T03:42:05Z,41.0822,-70.7427,,,,
WHOI,WHOI_MA-RI_202210_WE16,GLIDER_TRACK,2023-01-18T03:57:05Z,41.0813,-70.7438,,,,
WHOI,WHOI_MA-RI_202210_WE16,GLIDER_TRACK,2023-01-18T04:12:05Z,41.0805,-70.7449,,,,
WHOI,WHOI_MA-RI_202210_WE16,GLIDER_TRACK,2023-01-18T04:27:05Z,41.0797,-70.7459,,,,
WHOI,WHOI_MA-RI_202210_WE16,GLIDER_TRACK,2023-01-18T04:42:05Z,41.0788,-70.747,,,,
WHOI,WHOI_MA-RI_202210_WE16,GLIDER_TRACK,2023-01-18T05:27:05Z,41.0781,-70.7461,,,,
WHOI,WHOI_MA-RI_202210_WE16,GLIDER_TRACK,2023-01-18T05:42:05Z,41.0775,-70.7467,,,,
WHOI,WHOI_MA-RI_202210_WE16,GLIDER_TRACK,2023-01-18T05:57:05Z,41.077,-70.7474,,,,
WHOI,WHOI_MA-RI_202210_WE16,GLIDER_TRACK,2023-01-18T06:12:05Z,41.0764,-70.7481,,,,
WHOI,WHOI_MA-RI_202210_WE16,GLIDER_TRACK,2023-01-18T06:27:05Z,41.0759,-70.7488,,,,
WHOI,WHOI_MA-RI_202210_WE16,GLIDER_TRACK,2023-01-18T06:42:05Z,41.0753,-70.7495,,,,
WHOI,WHOI_MA-RI_202210_WE16,GLIDER_TRACK,2023-01-18T06:57:05Z,41.0748,-70.7501,,,,
WHOI,WHOI_MA-RI_202210_WE16,GLIDER_TRACK,2023-01-18T07:12:05Z,41.0742,-70.7508,,,,
WHOI,WHOI_MA-RI_202210_WE16,GLIDER_TRACK,2023-01-18T07:16:01Z,41.0742,-70.7508,,,,
WHOI,WHOI_MA-RI_202210_WE16,GLIDER_TRACK,2023-01-18T07:57:05Z,41.0758,-70.7454,,,,
WHOI,WHOI_MA-RI_202210_WE16,GLIDER_TRACK,2023-01-18T08:12:05Z,41.0752,-70.7441,,,,
WHOI,WHOI_MA-RI_202210_WE16,GLIDER_TRACK,2023-01-18T08:27:05Z,41.0747,-70.7429,,,,
WHOI,WHOI_MA-RI_202210_WE16,GLIDER_TRACK,2023-01-18T08:42:05Z,41.0742,-70.7417,,,,
WHOI,WHOI_MA-RI_202210_WE16,GLIDER_TRACK,2023-01-18T08:57:05Z,41.0736,-70.7404,,,,
WHOI,WHOI_MA-RI_202210_WE16,GLIDER_TRACK,2023-01-18T09:12:05Z,41.0731,-70.7392,,,,
WHOI,WHOI_MA-RI_202210_WE16,GLIDER_TRACK,2023-01-18T09:27:05Z,41.0725,-70.738,,,,
WHOI,WHOI_MA-RI_202210_WE16,GLIDER_TRACK,2023-01-18T09:42:05Z,41.072,-70.7367,,,,
WHOI,WHOI_MA-RI_202210_WE16,GLIDER_TRACK,2023-01-18T09:44:15Z,41.072,-70.7367,,,,
WHOI,WHOI_MA-RI_202210_WE16,GLIDER_TRACK,2023-01-18T10:12:05Z,41.0723,-70.7302,,,,
WHOI,WHOI_MA-RI_202210_WE16,GLIDER_TRACK,2023-01-18T10:27:05Z,41.0714,-70.7283,,,,
WHOI,WHOI_MA-RI_202210_WE16,GLIDER_TRACK,2023-01-18T10:42:05Z,41.0705,-70.7264,,,,
WHOI,WHOI_MA-RI_202210_WE16,GLIDER_TRACK,2023-01-18T10:57:05Z,41.0696,-70.7245,,,,
WHOI,WHOI_MA-RI_202210_WE16,GLIDER_TRACK,2023-01-18T11:12:05Z,41.068600000000004,-70.7226,,,,
WHOI,WHOI_MA-RI_202210_WE16,GLIDER_TRACK,2023-01-18T11:27:05Z,41.0677,-70.7206,,,,
WHOI,WHOI_MA-RI_202210_WE16,GLIDER_TRACK,2023-01-18T11:42:05Z,41.0668,-70.7187,,,,
WHOI,WHOI_MA-RI_202210_WE16,GLIDER_TRACK,2023-01-18T11:57:05Z,41.0659,-70.7168,,,,
WHOI,WHOI_MA-RI_202210_WE16,GLIDER_TRACK,2023-01-18T12:06:04Z,41.0655,-70.7153,,,,
WHOI,WHOI_MA-RI_202210_WE16,GLIDER_TRACK,2023-01-18T12:42:05Z,41.0644,-70.7101,,,,
WHOI,WHOI_MA-RI_202210_WE16,GLIDER_TRACK,2023-01-18T12:57:05Z,41.0631,-70.7102,,,,
WHOI,WHOI_MA-RI_202210_WE16,GLIDER_TRACK,2023-01-18T13:12:05Z,41.0618,-70.7104,,,,
WHOI,WHOI_MA-RI_202210_WE16,GLIDER_TRACK,2023-01-18T13:27:05Z,41.0605,-70.7105,,,,
WHOI,WHOI_MA-RI_202210_WE16,GLIDER_TRACK,2023-01-18T13:42:05Z,41.0592,-70.7107,,,,
WHOI,WHOI_MA-RI_202210_WE16,GLIDER_TRACK,2023-01-18T13:57:05Z,41.058,-70.7108,,,,
WHOI,WHOI_MA-RI_202210_WE16,GLIDER_TRACK,2023-01-18T14:12:05Z,41.0567,-70.7109,,,,
WHOI,WHOI_MA-RI_202210_WE16,GLIDER_TRACK,2023-01-18T14:27:05Z,41.0554,-70.7111,,,,
WHOI,WHOI_MA-RI_202210_WE16,GLIDER_TRACK,2023-01-18T14:29:57Z,41.0554,-70.7111,,,,
WHOI,WHOI_MA-RI_202210_WE16,GLIDER_TRACK,2023-01-18T15:12:05Z,41.0521,-70.7092,,,,
WHOI,WHOI_MA-RI_202210_WE16,GLIDER_TRACK,2023-01-18T15:27:05Z,41.0508,-70.7116,,,,
WHOI,WHOI_MA-RI_202210_WE16,GLIDER_TRACK,2023-01-18T15:42:05Z,41.0494,-70.714,,,,
WHOI,WHOI_MA-RI_202210_WE16,GLIDER_TRACK,2023-01-18T15:57:05Z,41.0481,-70.7164,,,,
WHOI,WHOI_MA-RI_202210_WE16,GLIDER_TRACK,2023-01-18T16:12:05Z,41.0468,-70.7187,,,,
WHOI,WHOI_MA-RI_202210_WE16,GLIDER_TRACK,2023-01-18T16:27:05Z,41.0454,-70.7211,,,,
WHOI,WHOI_MA-RI_202210_WE16,GLIDER_TRACK,2023-01-18T16:42:05Z,41.0441,-70.7235,,,,
WHOI,WHOI_MA-RI_202210_WE16,GLIDER_TRACK,2023-01-18T16:57:05Z,41.0428,-70.7259,,,,
WHOI,WHOI_MA-RI_202210_WE16,GLIDER_TRACK,2023-01-18T17:01:28Z,41.0428,-70.7259,,,,
WHOI,WHOI_MA-RI_202210_WE16,GLIDER_TRACK,2023-01-18T17:27:05Z,41.0413,-70.7267,,,,
WHOI,WHOI_MA-RI_202210_WE16,GLIDER_TRACK,2023-01-18T17:42:05Z,41.0407,-70.7302,,,,
WHOI,WHOI_MA-RI_202210_WE16,GLIDER_TRACK,2023-01-18T17:57:05Z,41.0402,-70.7337,,,,
WHOI,WHOI_MA-RI_202210_WE16,GLIDER_TRACK,2023-01-18T18:12:05Z,41.0396,-70.7372,,,,
WHOI,WHOI_MA-RI_202210_WE16,GLIDER_TRACK,2023-01-18T18:27:05Z,41.039,-70.7407,,,,
WHOI,WHOI_MA-RI_202210_WE16,GLIDER_TRACK,2023-01-18T18:42:05Z,41.0385,-70.7442,,,,
WHOI,WHOI_MA-RI_202210_WE16,GLIDER_TRACK,2023-01-18T18:57:05Z,41.0379,-70.7477,,,,
WHOI,WHOI_MA-RI_202210_WE16,GLIDER_TRACK,2023-01-18T19:12:05Z,41.0374,-70.7512,,,,
WHOI,WHOI_MA-RI_202210_WE16,GLIDER_TRACK,2023-01-18T19:24:01Z,41.037,-70.7535,,,,
WHOI,WHOI_MA-RI_202210_WE16,GLIDER_TRACK,2023-01-18T19:57:05Z,41.0378,-70.7532,,,,
WHOI,WHOI_MA-RI_202210_WE16,GLIDER_TRACK,2023-01-18T20:12:05Z,41.037,-70.7536,,,,
WHOI,WHOI_MA-RI_202210_WE16,GLIDER_TRACK,2023-01-18T20:27:05Z,41.0362,-70.754,,,,
WHOI,WHOI_MA-RI_202210_WE16,GLIDER_TRACK,2023-01-18T20:42:05Z,41.0354,-70.7544,,,,
WHOI,WHOI_MA-RI_202210_WE16,GLIDER_TRACK,2023-01-18T20:57:05Z,41.0346,-70.7548,,,,
WHOI,WHOI_MA-RI_202210_WE16,GLIDER_TRACK,2023-01-18T21:12:05Z,41.0338,-70.7552,,,,
WHOI,WHOI_MA-RI_202210_WE16,GLIDER_TRACK,2023-01-18T21:27:05Z,41.033,-70.7556,,,,
WHOI,WHOI_MA-RI_202210_WE16,GLIDER_TRACK,2023-01-18T21:42:05Z,41.0322,-70.756,,,,
WHOI,WHOI_MA-RI_202210_WE16,GLIDER_TRACK,2023-01-18T22:27:05Z,41.0317,-70.7532,,,,
WHOI,WHOI_MA-RI_202210_WE16,GLIDER_TRACK,2023-01-18T22:42:05Z,41.0305,-70.7528,,,,
WHOI,WHOI_MA-RI_202210_WE16,GLIDER_TRACK,2023-01-18T22:57:05Z,41.0293,-70.7524,,,,
WHOI,WHOI_MA-RI_202210_WE16,GLIDER_TRACK,2023-01-18T23:12:05Z,41.0281,-70.7521,,,,
WHOI,WHOI_MA-RI_202210_WE16,GLIDER_TRACK,2023-01-18T23:27:05Z,41.0268,-70.7517,,,,
WHOI,WHOI_MA-RI_202210_WE16,GLIDER_TRACK,2023-01-18T23:42:05Z,41.0256,-70.7513,,,,
WHOI,WHOI_MA-RI_202210_WE16,GLIDER_TRACK,2023-01-18T23:57:05Z,41.0244,-70.7509,,,,
WHOI,WHOI_MA-RI_202210_WE16,GLIDER_TRACK,2023-01-19T00:12:05Z,41.023,-70.7504,,,,
WHOI,WHOI_MA-RI_202210_WE16,GLIDER_TRACK,2023-01-19T00:19:07Z,41.0222,-70.7491,,,,
WHOI,WHOI_MA-RI_202210_WE16,GLIDER_TRACK,2023-01-19T00:42:05Z,41.0206,-70.7483,,,,
WHOI,WHOI_MA-RI_202210_WE16,GLIDER_TRACK,2023-01-19T00:57:05Z,41.0189,-70.7486,,,,
WHOI,WHOI_MA-RI_202210_WE16,GLIDER_TRACK,2023-01-19T01:12:05Z,41.0173,-70.7489,,,,
WHOI,WHOI_MA-RI_202210_WE16,GLIDER_TRACK,2023-01-19T01:27:05Z,41.0156,-70.7493,,,,
WHOI,WHOI_MA-RI_202210_WE16,GLIDER_TRACK,2023-01-19T01:42:05Z,41.0139,-70.7496,,,,
WHOI,WHOI_MA-RI_202210_WE16,GLIDER_TRACK,2023-01-19T01:57:05Z,41.0123,-70.7499,,,,
WHOI,WHOI_MA-RI_202210_WE16,GLIDER_TRACK,2023-01-19T02:12:05Z,41.0106,-70.7503,,,,
WHOI,WHOI_MA-RI_202210_WE16,GLIDER_TRACK,2023-01-19T02:24:58Z,41.0095,-70.7505,,,,
WHOI,WHOI_MA-RI_202210_WE16,GLIDER_TRACK,2023-01-19T02:42:05Z,41.0084,-70.7491,,,,
WHOI,WHOI_MA-RI_202210_WE16,GLIDER_TRACK,2023-01-19T02:57:05Z,41.0076,-70.7515,,,,
WHOI,WHOI_MA-RI_202210_WE16,GLIDER_TRACK,2023-01-19T03:12:05Z,41.0068,-70.7538,,,,
WHOI,WHOI_MA-RI_202210_WE16,GLIDER_TRACK,2023-01-19T03:27:05Z,41.006,-70.7562,,,,
WHOI,WHOI_MA-RI_202210_WE16,GLIDER_TRACK,2023-01-19T03:42:05Z,41.0051,-70.7585,,,,
WHOI,WHOI_MA-RI_202210_WE16,GLIDER_TRACK,2023-01-19T03:57:05Z,41.0043,-70.7608,,,,
WHOI,WHOI_MA-RI_202210_WE16,GLIDER_TRACK,2023-01-19T04:12:05Z,41.0035,-70.7632,,,,
WHOI,WHOI_MA-RI_202210_WE16,GLIDER_TRACK,2023-01-19T04:27:05Z,41.0027,-70.7655,,,,
WHOI,WHOI_MA-RI_202210_WE16,GLIDER_TRACK,2023-01-19T04:40:32Z,41.002,-70.7672,,,,
WHOI,WHOI_MA-RI_202210_WE16,GLIDER_TRACK,2023-01-19T05:12:05Z,41.0001,-70.765,,,,
WHOI,WHOI_MA-RI_202210_WE16,GLIDER_TRACK,2023-01-19T05:27:05Z,40.9998,-70.7677,,,,
WHOI,WHOI_MA-RI_202210_WE16,GLIDER_TRACK,2023-01-19T05:42:05Z,40.9996,-70.7704,,,,
WHOI,WHOI_MA-RI_202210_WE16,GLIDER_TRACK,2023-01-19T05:57:05Z,40.9993,-70.7732,,,,
WHOI,WHOI_MA-RI_202210_WE16,GLIDER_TRACK,2023-01-19T06:12:05Z,40.9991,-70.7759,,,,
WHOI,WHOI_MA-RI_202210_WE16,GLIDER_TRACK,2023-01-19T06:27:05Z,40.9988,-70.7787,,,,
WHOI,WHOI_MA-RI_202210_WE16,GLIDER_TRACK,2023-01-19T06:42:05Z,40.9986,-70.7814,,,,
WHOI,WHOI_MA-RI_202210_WE16,GLIDER_TRACK,2023-01-19T06:57:05Z,40.9983,-70.7841,,,,
WHOI,WHOI_MA-RI_202210_WE16,GLIDER_TRACK,2023-01-19T07:10:54Z,40.9981,-70.7863,,,,
WHOI,WHOI_MA-RI_202210_WE16,GLIDER_TRACK,2023-01-19T07:42:05Z,40.9979,-70.7854,,,,
WHOI,WHOI_MA-RI_202210_WE16,GLIDER_TRACK,2023-01-19T07:57:05Z,40.9978,-70.7866,,,,
WHOI,WHOI_MA-RI_202210_WE16,GLIDER_TRACK,2023-01-19T08:12:05Z,40.9977,-70.7878,,,,
WHOI,WHOI_MA-RI_202210_WE16,GLIDER_TRACK,2023-01-19T08:27:05Z,40.9975,-70.789,,,,
WHOI,WHOI_MA-RI_202210_WE16,GLIDER_TRACK,2023-01-19T08:42:05Z,40.9974,-70.7901,,,,
WHOI,WHOI_MA-RI_202210_WE16,GLIDER_TRACK,2023-01-19T08:57:05Z,40.9972,-70.7913,,,,
WHOI,WHOI_MA-RI_202210_WE16,GLIDER_TRACK,2023-01-19T09:12:05Z,40.9971,-70.7925,,,,
WHOI,WHOI_MA-RI_202210_WE16,GLIDER_TRACK,2023-01-19T09:27:05Z,40.997,-70.7937,,,,
WHOI,WHOI_MA-RI_202210_WE16,GLIDER_TRACK,2023-01-19T09:31:11Z,40.997,-70.7937,,,,
WHOI,WHOI_MA-RI_202210_WE16,GLIDER_TRACK,2023-01-19T09:57:05Z,40.9965,-70.7911,,,,
WHOI,WHOI_MA-RI_202210_WE16,GLIDER_TRACK,2023-01-19T10:12:05Z,40.9957,-70.7905,,,,
WHOI,WHOI_MA-RI_202210_WE16,GLIDER_TRACK,2023-01-19T10:27:05Z,40.9949,-70.7899,,,,
WHOI,WHOI_MA-RI_202210_WE16,GLIDER_TRACK,2023-01-19T10:42:05Z,40.9941,-70.7893,,,,
WHOI,WHOI_MA-RI_202210_WE16,GLIDER_TRACK,2023-01-19T10:57:05Z,40.9933,-70.7886,,,,
WHOI,WHOI_MA-RI_202210_WE16,GLIDER_TRACK,2023-01-19T11:12:05Z,40.9926,-70.788,,,,
WHOI,WHOI_MA-RI_202210_WE16,GLIDER_TRACK,2023-01-19T11:27:05Z,40.9918,-70.7874,,,,
WHOI,WHOI_MA-RI_202210_WE16,GLIDER_TRACK,2023-01-19T11:42:05Z,40.991,-70.7868,,,,
WHOI,WHOI_MA-RI_202210_WE16,GLIDER_TRACK,2023-01-19T11:49:54Z,40.9905,-70.7857,,,,
WHOI,WHOI_MA-RI_202210_WE16,GLIDER_TRACK,2023-01-19T12:27:05Z,40.9885,-70.783,,,,
WHOI,WHOI_MA-RI_202210_WE16,GLIDER_TRACK,2023-01-19T12:42:05Z,40.9874,-70.7833,,,,
WHOI,WHOI_MA-RI_202210_WE16,GLIDER_TRACK,2023-01-19T12:57:05Z,40.9862,-70.7836,,,,
WHOI,WHOI_MA-RI_202210_WE16,GLIDER_TRACK,2023-01-19T13:12:05Z,40.9851,-70.7838,,,,
WHOI,WHOI_MA-RI_202210_WE16,GLIDER_TRACK,2023-01-19T13:27:05Z,40.984,-70.7841,,,,
WHOI,WHOI_MA-RI_202210_WE16,GLIDER_TRACK,2023-01-19T13:42:05Z,40.9829,-70.7844,,,,
WHOI,WHOI_MA-RI_202210_WE16,GLIDER_TRACK,2023-01-19T13:57:05Z,40.9817,-70.7847,,,,
WHOI,WHOI_MA-RI_202210_WE16,GLIDER_TRACK,2023-01-19T14:11:59Z,40.9807,-70.7848,,,,
WHOI,WHOI_MA-RI_202210_WE16,GLIDER_TRACK,2023-01-19T14:42:05Z,40.9779,-70.7841,,,,
WHOI,WHOI_MA-RI_202210_WE16,GLIDER_TRACK,2023-01-19T14:57:05Z,40.9772,-70.7866,,,,
WHOI,WHOI_MA-RI_202210_WE16,GLIDER_TRACK,2023-01-19T15:12:05Z,40.9766,-70.7891,,,,
WHOI,WHOI_MA-RI_202210_WE16,GLIDER_TRACK,2023-01-19T15:27:05Z,40.9759,-70.7917,,,,
WHOI,WHOI_MA-RI_202210_WE16,GLIDER_TRACK,2023-01-19T15:42:05Z,40.9753,-70.7942,,,,
WHOI,WHOI_MA-RI_202210_WE16,GLIDER_TRACK,2023-01-19T15:57:05Z,40.9746,-70.7967,,,,
WHOI,WHOI_MA-RI_202210_WE16,GLIDER_TRACK,2023-01-19T16:12:05Z,40.9739,-70.7992,,,,
WHOI,WHOI_MA-RI_202210_WE16,GLIDER_TRACK,2023-01-19T16:27:05Z,40.9733,-70.8017,,,,
WHOI,WHOI_MA-RI_202210_WE16,GLIDER_TRACK,2023-01-19T16:37:15Z,40.9728,-70.8031,,,,
WHOI,WHOI_MA-RI_202210_WE16,GLIDER_TRACK,2023-01-19T17:12:05Z,40.9719,-70.8064,,,,
WHOI,WHOI_MA-RI_202210_WE16,GLIDER_TRACK,2023-01-19T17:27:05Z,40.9732,-70.8089,,,,
WHOI,WHOI_MA-RI_202210_WE16,GLIDER_TRACK,2023-01-19T17:42:05Z,40.9746,-70.8114,,,,
WHOI,WHOI_MA-RI_202210_WE16,GLIDER_TRACK,2023-01-19T17:57:05Z,40.976,-70.8139,,,,
WHOI,WHOI_MA-RI_202210_WE16,GLIDER_TRACK,2023-01-19T18:12:05Z,40.9774,-70.8164,,,,
WHOI,WHOI_MA-RI_202210_WE16,GLIDER_TRACK,2023-01-19T18:27:05Z,40.9788,-70.8189,,,,
WHOI,WHOI_MA-RI_202210_WE16,GLIDER_TRACK,2023-01-19T18:42:05Z,40.9801,-70.8214,,,,
WHOI,WHOI_MA-RI_202210_WE16,GLIDER_TRACK,2023-01-19T18:57:05Z,40.9814,-70.8238,,,,
WHOI,WHOI_MA-RI_202210_WE16,GLIDER_TRACK,2023-01-19T18:58:27Z,40.9814,-70.8238,,,,
WHOI,WHOI_MA-RI_202210_WE16,GLIDER_TRACK,2023-01-19T19:27:05Z,40.9821,-70.8272,,,,
WHOI,WHOI_MA-RI_202210_WE16,GLIDER_TRACK,2023-01-19T19:42:05Z,40.9835,-70.8266,,,,
WHOI,WHOI_MA-RI_202210_WE16,GLIDER_TRACK,2023-01-19T19:57:05Z,40.9849,-70.826,,,,
WHOI,WHOI_MA-RI_202210_WE16,GLIDER_TRACK,2023-01-19T20:12:05Z,40.9862,-70.8253,,,,
WHOI,WHOI_MA-RI_202210_WE16,GLIDER_TRACK,2023-01-19T20:27:05Z,40.9876,-70.824700000000007,,,,
WHOI,WHOI_MA-RI_202210_WE16,GLIDER_TRACK,2023-01-19T20:42:05Z,40.989,-70.8241,,,,
WHOI,WHOI_MA-RI_202210_WE16,GLIDER_TRACK,2023-01-19T20:57:05Z,40.9903,-70.8234,,,,
WHOI,WHOI_MA-RI_202210_WE16,GLIDER_TRACK,2023-01-19T21:12:05Z,40.9917,-70.8228,,,,
WHOI,WHOI_MA-RI_202210_WE16,GLIDER_TRACK,2023-01-19T21:20:57Z,40.9925,-70.8229,,,,
WHOI,WHOI_MA-RI_202210_WE16,GLIDER_TRACK,2023-01-19T21:57:05Z,40.9946,-70.8246,,,,
WHOI,WHOI_MA-RI_202210_WE16,GLIDER_TRACK,2023-01-19T22:12:05Z,40.9949,-70.8225,,,,
WHOI,WHOI_MA-RI_202210_WE16,GLIDER_TRACK,2023-01-19T22:27:05Z,40.9952,-70.8205,,,,
WHOI,WHOI_MA-RI_202210_WE16,GLIDER_TRACK,2023-01-19T22:42:05Z,40.9955,-70.8184,,,,
WHOI,WHOI_MA-RI_202210_WE16,GLIDER_TRACK,2023-01-19T22:57:05Z,40.9958,-70.8164,,,,
WHOI,WHOI_MA-RI_202210_WE16,GLIDER_TRACK,2023-01-19T23:12:05Z,40.996,-70.8143,,,,
WHOI,WHOI_MA-RI_202210_WE16,GLIDER_TRACK,2023-01-19T23:27:05Z,40.9963,-70.8122,,,,
WHOI,WHOI_MA-RI_202210_WE16,GLIDER_TRACK,2023-01-19T23:42:05Z,40.9966,-70.8105,,,,
WHOI,WHOI_MA-RI_202210_WE16,GLIDER_TRACK,2023-01-19T23:42:16Z,40.9966,-70.8105,,,,
WHOI,WHOI_MA-RI_202210_WE16,GLIDER_TRACK,2023-01-20T00:12:05Z,40.9981,-70.8111,,,,
WHOI,WHOI_MA-RI_202210_WE16,GLIDER_TRACK,2023-01-20T00:27:05Z,40.9971,-70.8083,,,,
WHOI,WHOI_MA-RI_202210_WE16,GLIDER_TRACK,2023-01-20T00:42:05Z,40.9962,-70.8054,,,,
WHOI,WHOI_MA-RI_202210_WE16,GLIDER_TRACK,2023-01-20T00:57:05Z,40.9952,-70.8026,,,,
WHOI,WHOI_MA-RI_202210_WE16,GLIDER_TRACK,2023-01-20T01:12:05Z,40.9943,-70.7997,,,,
WHOI,WHOI_MA-RI_202210_WE16,GLIDER_TRACK,2023-01-20T01:27:05Z,40.9934,-70.7969,,,,
WHOI,WHOI_MA-RI_202210_WE16,GLIDER_TRACK,2023-01-20T01:42:05Z,40.9924,-70.794,,,,
WHOI,WHOI_MA-RI_202210_WE16,GLIDER_TRACK,2023-01-20T02:03:40Z,40.9915,-70.7908,,,,
WHOI,WHOI_MA-RI_202210_WE16,GLIDER_TRACK,2023-01-20T02:27:05Z,40.9918,-70.791,,,,
WHOI,WHOI_MA-RI_202210_WE16,GLIDER_TRACK,2023-01-20T02:42:05Z,40.99,-70.7883,,,,
WHOI,WHOI_MA-RI_202210_WE16,GLIDER_TRACK,2023-01-20T02:57:05Z,40.9895,-70.7875,,,,
WHOI,WHOI_MA-RI_202210_WE16,GLIDER_TRACK,2023-01-20T03:12:05Z,40.9887,-70.7865,,,,
WHOI,WHOI_MA-RI_202210_WE16,GLIDER_TRACK,2023-01-20T03:27:05Z,40.9879,-70.7854,,,,
WHOI,WHOI_MA-RI_202210_WE16,GLIDER_TRACK,2023-01-20T03:42:05Z,40.9871,-70.7843,,,,
WHOI,WHOI_MA-RI_202210_WE16,GLIDER_TRACK,2023-01-20T03:57:05Z,40.9863,-70.7832,,,,
WHOI,WHOI_MA-RI_202210_WE16,GLIDER_TRACK,2023-01-20T04:12:05Z,40.9856,-70.7822,,,,
WHOI,WHOI_MA-RI_202210_WE16,GLIDER_TRACK,2023-01-20T04:22:41Z,40.9852,-70.7817,,,,
WHOI,WHOI_MA-RI_202210_WE16,GLIDER_TRACK,2023-01-20T04:57:05Z,40.9873,-70.7848,,,,
WHOI,WHOI_MA-RI_202210_WE16,GLIDER_TRACK,2023-01-20T05:12:05Z,40.9889,-70.7854,,,,
WHOI,WHOI_MA-RI_202210_WE16,GLIDER_TRACK,2023-01-20T05:27:05Z,40.9905,-70.7859,,,,
WHOI,WHOI_MA-RI_202210_WE16,GLIDER_TRACK,2023-01-20T05:42:05Z,40.9921,-70.7865,,,,
WHOI,WHOI_MA-RI_202210_WE16,GLIDER_TRACK,2023-01-20T05:57:05Z,40.9938,-70.787,,,,
WHOI,WHOI_MA-RI_202210_WE16,GLIDER_TRACK,2023-01-20T06:12:05Z,40.9954,-70.7876,,,,
WHOI,WHOI_MA-RI_202210_WE16,GLIDER_TRACK,2023-01-20T06:27:05Z,40.997,-70.7882,,,,
WHOI,WHOI_MA-RI_202210_WE16,GLIDER_TRACK,2023-01-20T06:42:05Z,40.9986,-70.7887,,,,
WHOI,WHOI_MA-RI_202210_WE16,GLIDER_TRACK,2023-01-20T07:12:05Z,41.0004,-70.7881,,,,
WHOI,WHOI_MA-RI_202210_WE16,GLIDER_TRACK,2023-01-20T07:27:05Z,41.0028,-70.7889,,,,
WHOI,WHOI_MA-RI_202210_WE16,GLIDER_TRACK,2023-01-20T07:42:05Z,41.0052,-70.7896,,,,
WHOI,WHOI_MA-RI_202210_WE16,GLIDER_TRACK,2023-01-20T07:57:05Z,41.0076,-70.7904,,,,
WHOI,WHOI_MA-RI_202210_WE16,GLIDER_TRACK,2023-01-20T08:12:05Z,41.01,-70.7911,,,,
WHOI,WHOI_MA-RI_202210_WE16,GLIDER_TRACK,2023-01-20T08:27:05Z,41.0124,-70.7919,,,,
WHOI,WHOI_MA-RI_202210_WE16,GLIDER_TRACK,2023-01-20T08:42:05Z,41.0148,-70.7926,,,,
WHOI,WHOI_MA-RI_202210_WE16,GLIDER_TRACK,2023-01-20T08:57:05Z,41.0172,-70.7934,,,,
WHOI,WHOI_MA-RI_202210_WE16,GLIDER_TRACK,2023-01-20T09:03:00Z,41.0172,-70.7934,,,,
WHOI,WHOI_MA-RI_202210_WE16,GLIDER_TRACK,2023-01-20T09:27:05Z,41.0175,-70.7926,,,,
WHOI,WHOI_MA-RI_202210_WE16,GLIDER_TRACK,2023-01-20T09:42:05Z,41.0201,-70.7909,,,,
WHOI,WHOI_MA-RI_202210_WE16,GLIDER_TRACK,2023-01-20T09:57:05Z,41.0227,-70.7892,,,,
WHOI,WHOI_MA-RI_202210_WE16,GLIDER_TRACK,2023-01-20T10:12:05Z,41.0252,-70.7875,,,,
WHOI,WHOI_MA-RI_202210_WE16,GLIDER_TRACK,2023-01-20T10:27:05Z,41.0278,-70.7858,,,,
WHOI,WHOI_MA-RI_202210_WE16,GLIDER_TRACK,2023-01-20T10:42:05Z,41.0304,-70.7841,,,,
WHOI,WHOI_MA-RI_202210_WE16,GLIDER_TRACK,2023-01-20T11:12:05Z,41.0355,-70.7806,,,,
WHOI,WHOI_MA-RI_202210_WE16,GLIDER_TRACK,2023-01-20T11:23:45Z,41.0371,-70.7795,,,,
WHOI,WHOI_MA-RI_202210_WE16,GLIDER_TRACK,2023-01-20T11:57:05Z,41.0377,-70.7752,,,,
WHOI,WHOI_MA-RI_202210_WE16,GLIDER_TRACK,2023-01-20T12:12:05Z,41.0396,-70.7735,,,,
WHOI,WHOI_MA-RI_202210_WE16,GLIDER_TRACK,2023-01-20T12:27:05Z,41.0415,-70.7718,,,,
WHOI,WHOI_MA-RI_202210_WE16,GLIDER_TRACK,2023-01-20T12:42:05Z,41.0434,-70.77,,,,
WHOI,WHOI_MA-RI_202210_WE16,GLIDER_TRACK,2023-01-20T12:57:05Z,41.0453,-70.7683,,,,
WHOI,WHOI_MA-RI_202210_WE16,GLIDER_TRACK,2023-01-20T13:12:05Z,41.0472,-70.7665,,,,
WHOI,WHOI_MA-RI_202210_WE16,GLIDER_TRACK,2023-01-20T13:27:05Z,41.0491,-70.7648,,,,
WHOI,WHOI_MA-RI_202210_WE16,GLIDER_TRACK,2023-01-20T13:42:05Z,41.051,-70.7631,,,,
WHOI,WHOI_MA-RI_202210_WE16,GLIDER_TRACK,2023-01-20T13:47:07Z,41.051,-70.7631,,,,
WHOI,WHOI_MA-RI_202210_WE16,GLIDER_TRACK,2023-01-20T14:12:05Z,41.0489,-70.7602,,,,
WHOI,WHOI_MA-RI_202210_WE16,GLIDER_TRACK,2023-01-20T14:27:05Z,41.0492,-70.7611,,,,
WHOI,WHOI_MA-RI_202210_WE16,GLIDER_TRACK,2023-01-20T14:42:05Z,41.0495,-70.762,,,,
WHOI,WHOI_MA-RI_202210_WE16,GLIDER_TRACK,2023-01-20T14:57:05Z,41.0498,-70.7629,,,,
WHOI,WHOI_MA-RI_202210_WE16,GLIDER_TRACK,2023-01-20T15:12:05Z,41.0502,-70.7638,,,,
WHOI,WHOI_MA-RI_202210_WE16,GLIDER_TRACK,2023-01-20T15:27:05Z,41.0505,-70.7647,,,,
WHOI,WHOI_MA-RI_202210_WE16,GLIDER_TRACK,2023-01-20T15:42:05Z,41.0508,-70.7656,,,,
WHOI,WHOI_MA-RI_202210_WE16,GLIDER_TRACK,2023-01-20T15:57:05Z,41.0511,-70.7665,,,,
WHOI,WHOI_MA-RI_202210_WE16,GLIDER_TRACK,2023-01-20T16:07:31Z,41.0513,-70.7671,,,,
WHOI,WHOI_MA-RI_202210_WE16,GLIDER_TRACK,2023-01-20T16:42:05Z,41.0492,-70.769,,,,
WHOI,WHOI_MA-RI_202210_WE16,GLIDER_TRACK,2023-01-20T16:57:05Z,41.0497,-70.7714,,,,
WHOI,WHOI_MA-RI_202210_WE16,GLIDER_TRACK,2023-01-20T17:12:05Z,41.0503,-70.7739,,,,
WHOI,WHOI_MA-RI_202210_WE16,GLIDER_TRACK,2023-01-20T17:27:05Z,41.0509,-70.7764,,,,
WHOI,WHOI_MA-RI_202210_WE16,GLIDER_TRACK,2023-01-20T17:42:05Z,41.0514,-70.7789,,,,
WHOI,WHOI_MA-RI_202210_WE16,GLIDER_TRACK,2023-01-20T18:12:05Z,41.0526,-70.7839,,,,
WHOI,WHOI_MA-RI_202210_WE16,GLIDER_TRACK,2023-01-20T18:27:05Z,41.0531,-70.7863,,,,
WHOI,WHOI_MA-RI_202210_WE16,GLIDER_TRACK,2023-01-20T18:28:58Z,41.0531,-70.7863,,,,
WHOI,WHOI_MA-RI_202210_WE16,GLIDER_TRACK,2023-01-20T18:57:05Z,41.0505,-70.7905,,,,
WHOI,WHOI_MA-RI_202210_WE16,GLIDER_TRACK,2023-01-20T19:12:05Z,41.0519,-70.793,,,,
WHOI,WHOI_MA-RI_202210_WE16,GLIDER_TRACK,2023-01-20T19:27:05Z,41.0533,-70.7954,,,,
WHOI,WHOI_MA-RI_202210_WE16,GLIDER_TRACK,2023-01-20T19:42:05Z,41.0547,-70.7979,,,,
WHOI,WHOI_MA-RI_202210_WE16,GLIDER_TRACK,2023-01-20T19:57:05Z,41.0562,-70.8004,,,,
WHOI,WHOI_MA-RI_202210_WE16,GLIDER_TRACK,2023-01-20T20:12:05Z,41.0573,-70.8024,,,,
WHOI,WHOI_MA-RI_202210_WE16,GLIDER_TRACK,2023-01-20T20:27:05Z,41.059,-70.805,,,,
WHOI,WHOI_MA-RI_202210_WE16,GLIDER_TRACK,2023-01-20T20:42:05Z,41.0609,-70.8079,,,,
WHOI,WHOI_MA-RI_202210_WE16,GLIDER_TRACK,2023-01-20T20:51:20Z,41.062,-70.8099,,,,
WHOI,WHOI_MA-RI_202210_WE16,GLIDER_TRACK,2023-01-20T21:27:05Z,41.063,-70.8157,,,,
WHOI,WHOI_MA-RI_202210_WE16,GLIDER_TRACK,2023-01-20T21:42:05Z,41.0654,-70.8171,,,,
WHOI,WHOI_MA-RI_202210_WE16,GLIDER_TRACK,2023-01-20T21:57:05Z,41.0678,-70.8184,,,,
WHOI,WHOI_MA-RI_202210_WE16,GLIDER_TRACK,2023-01-20T22:12:05Z,41.0701,-70.8198,,,,
WHOI,WHOI_MA-RI_202210_WE16,GLIDER_TRACK,2023-01-20T22:27:05Z,41.0725,-70.8211,,,,
WHOI,WHOI_MA-RI_202210_WE16,GLIDER_TRACK,2023-01-20T22:42:05Z,41.0749,-70.8225,,,,
WHOI,WHOI_MA-RI_202210_WE16,GLIDER_TRACK,2023-01-20T23:12:05Z,41.0797,-70.8252,,,,
WHOI,WHOI_MA-RI_202210_WE16,GLIDER_TRACK,2023-01-20T23:17:07Z,41.0797,-70.8252,,,,
WHOI,WHOI_MA-RI_202210_WE16,GLIDER_TRACK,2023-01-20T23:42:05Z,41.0803,-70.8271,,,,
WHOI,WHOI_MA-RI_202210_WE16,GLIDER_TRACK,2023-01-20T23:57:05Z,41.0816,-70.8259,,,,
WHOI,WHOI_MA-RI_202210_WE16,GLIDER_TRACK,2023-01-21T00:12:05Z,41.0828,-70.824700000000007,,,,
WHOI,WHOI_MA-RI_202210_WE16,GLIDER_TRACK,2023-01-21T00:27:05Z,41.084,-70.8236,,,,
WHOI,WHOI_MA-RI_202210_WE16,GLIDER_TRACK,2023-01-21T00:42:05Z,41.0845,-70.8221,,,,
WHOI,WHOI_MA-RI_202210_WE16,GLIDER_TRACK,2023-01-21T00:57:05Z,41.0852,-70.82,,,,
WHOI,WHOI_MA-RI_202210_WE16,GLIDER_TRACK,2023-01-21T01:12:05Z,41.086,-70.8179,,,,
WHOI,WHOI_MA-RI_202210_WE16,GLIDER_TRACK,2023-01-21T01:27:05Z,41.0868,-70.8158,,,,
WHOI,WHOI_MA-RI_202210_WE16,GLIDER_TRACK,2023-01-21T01:40:20Z,41.0873,-70.8143,,,,
WHOI,WHOI_MA-RI_202210_WE16,GLIDER_TRACK,2023-01-21T02:12:05Z,41.0864,-70.8134,,,,
WHOI,WHOI_MA-RI_202210_WE16,GLIDER_TRACK,2023-01-21T02:27:05Z,41.0869,-70.812,,,,
WHOI,WHOI_MA-RI_202210_WE16,GLIDER_TRACK,2023-01-21T02:42:05Z,41.0874,-70.8105,,,,
WHOI,WHOI_MA-RI_202210_WE16,GLIDER_TRACK,2023-01-21T02:57:05Z,41.0878,-70.8091,,,,
WHOI,WHOI_MA-RI_202210_WE16,GLIDER_TRACK,2023-01-21T03:12:05Z,41.0883,-70.8077,,,,
WHOI,WHOI_MA-RI_202210_WE16,GLIDER_TRACK,2023-01-21T03:27:05Z,41.0888,-70.8062,,,,
WHOI,WHOI_MA-RI_202210_WE16,GLIDER_TRACK,2023-01-21T03:42:05Z,41.0893,-70.8048,,,,
WHOI,WHOI_MA-RI_202210_WE16,GLIDER_TRACK,2023-01-21T04:02:43Z,41.0897,-70.8033,,,,
WHOI,WHOI_MA-RI_202210_WE16,GLIDER_TRACK,2023-01-21T04:42:05Z,41.0884,-70.8062,,,,
WHOI,WHOI_MA-RI_202210_WE16,GLIDER_TRACK,2023-01-21T04:57:05Z,41.0893,-70.8074,,,,
WHOI,WHOI_MA-RI_202210_WE16,GLIDER_TRACK,2023-01-21T05:12:05Z,41.0902,-70.8086,,,,
WHOI,WHOI_MA-RI_202210_WE16,GLIDER_TRACK,2023-01-21T05:27:05Z,41.0911,-70.8099,,,,
WHOI,WHOI_MA-RI_202210_WE16,GLIDER_TRACK,2023-01-21T05:42:05Z,41.0921,-70.8111,,,,
WHOI,WHOI_MA-RI_202210_WE16,GLIDER_TRACK,2023-01-21T06:12:05Z,41.0939,-70.8135,,,,
WHOI,WHOI_MA-RI_202210_WE16,GLIDER_TRACK,2023-01-21T06:27:05Z,41.0948,-70.8146,,,,
WHOI,WHOI_MA-RI_202210_WE16,GLIDER_TRACK,2023-01-21T06:28:11Z,41.0948,-70.8146,,,,
WHOI,WHOI_MA-RI_202210_WE16,GLIDER_TRACK,2023-01-21T07:12:05Z,41.0948,-70.821,,,,
WHOI,WHOI_MA-RI_202210_WE16,GLIDER_TRACK,2023-01-21T07:27:05Z,41.0962,-70.8226,,,,
WHOI,WHOI_MA-RI_202210_WE16,GLIDER_TRACK,2023-01-21T07:42:05Z,41.0976,-70.8242,,,,
WHOI,WHOI_MA-RI_202210_WE16,GLIDER_TRACK,2023-01-21T08:12:05Z,41.1007,-70.8271,,,,
WHOI,WHOI_MA-RI_202210_WE16,GLIDER_TRACK,2023-01-21T08:27:05Z,41.1024,-70.8285,,,,
WHOI,WHOI_MA-RI_202210_WE16,GLIDER_TRACK,2023-01-21T08:42:05Z,41.1042,-70.83,,,,
WHOI,WHOI_MA-RI_202210_WE16,GLIDER_TRACK,2023-01-21T08:52:20Z,41.1051,-70.8309,,,,
WHOI,WHOI_MA-RI_202210_WE16,GLIDER_TRACK,2023-01-21T09:27:05Z,41.1071,-70.8349,,,,
WHOI,WHOI_MA-RI_202210_WE16,GLIDER_TRACK,2023-01-21T09:42:05Z,41.1091,-70.8346,,,,
WHOI,WHOI_MA-RI_202210_WE16,GLIDER_TRACK,2023-01-21T09:57:05Z,41.1112,-70.8344,,,,
WHOI,WHOI_MA-RI_202210_WE16,GLIDER_TRACK,2023-01-21T10:12:05Z,41.1132,-70.8342,,,,
WHOI,WHOI_MA-RI_202210_WE16,GLIDER_TRACK,2023-01-21T10:27:05Z,41.1153,-70.834,,,,
WHOI,WHOI_MA-RI_202210_WE16,GLIDER_TRACK,2023-01-21T10:42:05Z,41.1173,-70.8337,,,,
WHOI,WHOI_MA-RI_202210_WE16,GLIDER_TRACK,2023-01-21T11:12:05Z,41.1214,-70.8333,,,,
WHOI,WHOI_MA-RI_202210_WE16,GLIDER_TRACK,2023-01-21T11:16:12Z,41.1214,-70.8333,,,,
WHOI,WHOI_MA-RI_202210_WE16,GLIDER_TRACK,2023-01-21T11:42:05Z,41.1223,-70.8334,,,,
WHOI,WHOI_MA-RI_202210_WE16,GLIDER_TRACK,2023-01-21T11:57:05Z,41.1227,-70.8303,,,,
WHOI,WHOI_MA-RI_202210_WE16,GLIDER_TRACK,2023-01-21T12:12:05Z,41.1232,-70.8272,,,,
WHOI,WHOI_MA-RI_202210_WE16,GLIDER_TRACK,2023-01-21T12:27:05Z,41.1236,-70.824,,,,
WHOI,WHOI_MA-RI_202210_WE16,GLIDER_TRACK,2023-01-21T12:42:05Z,41.1241,-70.8209,,,,
WHOI,WHOI_MA-RI_202210_WE16,GLIDER_TRACK,2023-01-21T12:57:05Z,41.1246,-70.8178,,,,
WHOI,WHOI_MA-RI_202210_WE16,GLIDER_TRACK,2023-01-21T13:37:54Z,41.1256,-70.8097,,,,
WHOI,WHOI_MA-RI_202210_WE16,GLIDER_TRACK,2023-01-21T14:12:05Z,41.1244,-70.805,,,,
WHOI,WHOI_MA-RI_202210_WE16,GLIDER_TRACK,2023-01-21T14:27:05Z,41.1248,-70.8018,,,,
WHOI,WHOI_MA-RI_202210_WE16,GLIDER_TRACK,2023-01-21T14:42:05Z,41.1252,-70.7986,,,,
WHOI,WHOI_MA-RI_202210_WE16,GLIDER_TRACK,2023-01-21T14:57:05Z,41.1256,-70.7954,,,,
WHOI,WHOI_MA-RI_202210_WE16,GLIDER_TRACK,2023-01-21T15:12:05Z,41.1259,-70.7921,,,,
WHOI,WHOI_MA-RI_202210_WE16,GLIDER_TRACK,2023-01-21T15:27:05Z,41.1263,-70.7889,,,,
WHOI,WHOI_MA-RI_202210_WE16,GLIDER_TRACK,2023-01-21T15:42:05Z,41.1267,-70.7857,,,,
WHOI,WHOI_MA-RI_202210_WE16,GLIDER_TRACK,2023-01-21T15:57:05Z,41.127,-70.7829,,,,
WHOI,WHOI_MA-RI_202210_WE16,GLIDER_TRACK,2023-01-21T15:57:54Z,41.127,-70.7829,,,,
WHOI,WHOI_MA-RI_202210_WE16,GLIDER_TRACK,2023-01-21T16:27:05Z,41.124,-70.7832,,,,
WHOI,WHOI_MA-RI_202210_WE16,GLIDER_TRACK,2023-01-21T16:42:05Z,41.1244,-70.7844,,,,
WHOI,WHOI_MA-RI_202210_WE16,GLIDER_TRACK,2023-01-21T16:57:05Z,41.1249,-70.7857,,,,
WHOI,WHOI_MA-RI_202210_WE16,GLIDER_TRACK,2023-01-21T17:12:05Z,41.1253,-70.7869,,,,
WHOI,WHOI_MA-RI_202210_WE16,GLIDER_TRACK,2023-01-21T17:27:05Z,41.1257,-70.7882,,,,
WHOI,WHOI_MA-RI_202210_WE16,GLIDER_TRACK,2023-01-21T17:42:05Z,41.1261,-70.7895,,,,
WHOI,WHOI_MA-RI_202210_WE16,GLIDER_TRACK,2023-01-21T17:57:05Z,41.1265,-70.7907,,,,
WHOI,WHOI_MA-RI_202210_WE16,GLIDER_TRACK,2023-01-21T18:12:05Z,41.127,-70.792,,,,
WHOI,WHOI_MA-RI_202210_WE16,GLIDER_TRACK,2023-01-21T18:19:49Z,41.1263,-70.7933,,,,
WHOI,WHOI_MA-RI_202210_WE16,GLIDER_TRACK,2023-01-21T18:42:05Z,41.1246,-70.7954,,,,
WHOI,WHOI_MA-RI_202210_WE16,GLIDER_TRACK,2023-01-21T18:57:05Z,41.1254,-70.7972,,,,
WHOI,WHOI_MA-RI_202210_WE16,GLIDER_TRACK,2023-01-21T19:12:05Z,41.1266,-70.7991,,,,
WHOI,WHOI_MA-RI_202210_WE16,GLIDER_TRACK,2023-01-21T19:27:05Z,41.1278,-70.8011,,,,
WHOI,WHOI_MA-RI_202210_WE16,GLIDER_TRACK,2023-01-21T19:42:05Z,41.129,-70.8031,,,,
WHOI,WHOI_MA-RI_202210_WE16,GLIDER_TRACK,2023-01-21T19:57:05Z,41.1302,-70.805,,,,
WHOI,WHOI_MA-RI_202210_WE16,GLIDER_TRACK,2023-01-21T20:12:05Z,41.1314,-70.807,,,,
WHOI,WHOI_MA-RI_202210_WE16,GLIDER_TRACK,2023-01-21T20:27:05Z,41.1327,-70.809,,,,
WHOI,WHOI_MA-RI_202210_WE16,GLIDER_TRACK,2023-01-21T20:39:11Z,41.1334,-70.8105,,,,
WHOI,WHOI_MA-RI_202210_WE16,GLIDER_TRACK,2023-01-21T21:12:05Z,41.1342,-70.8162,,,,
WHOI,WHOI_MA-RI_202210_WE16,GLIDER_TRACK,2023-01-21T21:27:05Z,41.1359,-70.8176,,,,
WHOI,WHOI_MA-RI_202210_WE16,GLIDER_TRACK,2023-01-21T21:42:05Z,41.1376,-70.819,,,,
WHOI,WHOI_MA-RI_202210_WE16,GLIDER_TRACK,2023-01-21T21:57:05Z,41.1393,-70.8204,,,,
WHOI,WHOI_MA-RI_202210_WE16,GLIDER_TRACK,2023-01-21T22:12:05Z,41.1411,-70.8217,,,,
WHOI,WHOI_MA-RI_202210_WE16,GLIDER_TRACK,2023-01-21T22:27:05Z,41.1428,-70.8231,,,,
WHOI,WHOI_MA-RI_202210_WE16,GLIDER_TRACK,2023-01-21T22:42:05Z,41.1445,-70.8244,,,,
WHOI,WHOI_MA-RI_202210_WE16,GLIDER_TRACK,2023-01-21T22:57:05Z,41.1462,-70.825,,,,
WHOI,WHOI_MA-RI_202210_WE16,GLIDER_TRACK,2023-01-21T23:02:09Z,41.1462,-70.825,,,,
WHOI,WHOI_MA-RI_202210_WE16,GLIDER_TRACK,2023-01-21T23:27:05Z,41.1476,-70.8274,,,,
WHOI,WHOI_MA-RI_202210_WE16,GLIDER_TRACK,2023-01-21T23:42:05Z,41.1487,-70.8258,,,,
WHOI,WHOI_MA-RI_202210_WE16,GLIDER_TRACK,2023-01-21T23:57:05Z,41.1497,-70.8242,,,,
WHOI,WHOI_MA-RI_202210_WE16,GLIDER_TRACK,2023-01-22T00:12:05Z,41.1508,-70.8226,,,,
WHOI,WHOI_MA-RI_202210_WE16,GLIDER_TRACK,2023-01-22T00:27:05Z,41.1518,-70.8211,,,,
WHOI,WHOI_MA-RI_202210_WE16,GLIDER_TRACK,2023-01-22T00:42:05Z,41.1529,-70.8195,,,,
WHOI,WHOI_MA-RI_202210_WE16,GLIDER_TRACK,2023-01-22T01:12:05Z,41.155,-70.8163,,,,
WHOI,WHOI_MA-RI_202210_WE16,GLIDER_TRACK,2023-01-22T01:22:51Z,41.1556,-70.8154,,,,
WHOI,WHOI_MA-RI_202210_WE16,GLIDER_TRACK,2023-01-22T01:57:05Z,41.1541,-70.8104,,,,
WHOI,WHOI_MA-RI_202210_WE16,GLIDER_TRACK,2023-01-22T02:12:05Z,41.1535,-70.8064,,,,
WHOI,WHOI_MA-RI_202210_WE16,GLIDER_TRACK,2023-01-22T02:27:05Z,41.153,-70.8024,,,,
WHOI,WHOI_MA-RI_202210_WE16,GLIDER_TRACK,2023-01-22T02:42:05Z,41.1524,-70.7985,,,,
WHOI,WHOI_MA-RI_202210_WE16,GLIDER_TRACK,2023-01-22T02:57:05Z,41.1519,-70.7945,,,,
WHOI,WHOI_MA-RI_202210_WE16,GLIDER_TRACK,2023-01-22T03:12:05Z,41.1513,-70.7905,,,,
WHOI,WHOI_MA-RI_202210_WE16,GLIDER_TRACK,2023-01-22T03:27:05Z,41.1508,-70.7865,,,,
WHOI,WHOI_MA-RI_202210_WE16,GLIDER_TRACK,2023-01-22T03:42:05Z,41.1502,-70.7825,,,,
WHOI,WHOI_MA-RI_202210_WE16,GLIDER_TRACK,2023-01-22T03:44:30Z,41.1502,-70.7825,,,,
WHOI,WHOI_MA-RI_202210_WE16,GLIDER_TRACK,2023-01-22T04:12:05Z,41.149,-70.7792,,,,
WHOI,WHOI_MA-RI_202210_WE16,GLIDER_TRACK,2023-01-22T04:27:05Z,41.1497,-70.7774,,,,
WHOI,WHOI_MA-RI_202210_WE16,GLIDER_TRACK,2023-01-22T04:42:05Z,41.1504,-70.7755,,,,
WHOI,WHOI_MA-RI_202210_WE16,GLIDER_TRACK,2023-01-22T04:57:05Z,41.1511,-70.7736,,,,
WHOI,WHOI_MA-RI_202210_WE16,GLIDER_TRACK,2023-01-22T05:12:05Z,41.1518,-70.7717,,,,
WHOI,WHOI_MA-RI_202210_WE16,GLIDER_TRACK,2023-01-22T05:27:05Z,41.1523,-70.7704,,,,
WHOI,WHOI_MA-RI_202210_WE16,GLIDER_TRACK,2023-01-22T05:42:05Z,41.1524,-70.7683,,,,
WHOI,WHOI_MA-RI_202210_WE16,GLIDER_TRACK,2023-01-22T05:57:05Z,41.1525,-70.7662,,,,
WHOI,WHOI_MA-RI_202210_WE16,GLIDER_TRACK,2023-01-22T06:07:07Z,41.1525,-70.7651,,,,
WHOI,WHOI_MA-RI_202210_WE16,GLIDER_TRACK,2023-01-22T06:42:05Z,41.1509,-70.765,,,,
WHOI,WHOI_MA-RI_202210_WE16,GLIDER_TRACK,2023-01-22T06:57:05Z,41.1515,-70.7645,,,,
WHOI,WHOI_MA-RI_202210_WE16,GLIDER_TRACK,2023-01-22T07:12:05Z,41.152,-70.764,,,,
WHOI,WHOI_MA-RI_202210_WE16,GLIDER_TRACK,2023-01-22T07:27:05Z,41.1525,-70.7635,,,,
WHOI,WHOI_MA-RI_202210_WE16,GLIDER_TRACK,2023-01-22T07:42:05Z,41.1531,-70.763,,,,
WHOI,WHOI_MA-RI_202210_WE16,GLIDER_TRACK,2023-01-22T07:57:05Z,41.1536,-70.7625,,,,
WHOI,WHOI_MA-RI_202210_WE16,GLIDER_TRACK,2023-01-22T08:12:05Z,41.1542,-70.762,,,,
WHOI,WHOI_MA-RI_202210_WE16,GLIDER_TRACK,2023-01-22T08:27:05Z,41.1547,-70.7615,,,,
WHOI,WHOI_MA-RI_202210_WE16,GLIDER_TRACK,2023-01-22T08:37:13Z,41.155,-70.7613,,,,
WHOI,WHOI_MA-RI_202210_WE16,GLIDER_TRACK,2023-01-22T09:12:05Z,41.1555,-70.762200000000007,,,,
WHOI,WHOI_MA-RI_202210_WE16,GLIDER_TRACK,2023-01-22T09:27:05Z,41.1567,-70.7617,,,,
WHOI,WHOI_MA-RI_202210_WE16,GLIDER_TRACK,2023-01-22T09:42:05Z,41.1578,-70.7613,,,,
WHOI,WHOI_MA-RI_202210_WE16,GLIDER_TRACK,2023-01-22T10:12:05Z,41.16,-70.7604,,,,
WHOI,WHOI_MA-RI_202210_WE16,GLIDER_TRACK,2023-01-22T10:27:05Z,41.1612,-70.76,,,,
WHOI,WHOI_MA-RI_202210_WE16,GLIDER_TRACK,2023-01-22T10:42:05Z,41.1623,-70.7596,,,,
WHOI,WHOI_MA-RI_202210_WE16,GLIDER_TRACK,2023-01-22T11:00:01Z,41.1634,-70.7591,,,,
WHOI,WHOI_MA-RI_202210_WE16,GLIDER_TRACK,2023-01-22T11:27:05Z,41.1648,-70.7578,,,,
WHOI,WHOI_MA-RI_202210_WE16,GLIDER_TRACK,2023-01-22T11:42:05Z,41.1651,-70.7549,,,,
WHOI,WHOI_MA-RI_202210_WE16,GLIDER_TRACK,2023-01-22T11:57:05Z,41.1654,-70.7519,,,,
WHOI,WHOI_MA-RI_202210_WE16,GLIDER_TRACK,2023-01-22T12:12:05Z,41.1658,-70.749,,,,
WHOI,WHOI_MA-RI_202210_WE16,GLIDER_TRACK,2023-01-22T12:27:05Z,41.1661,-70.7461,,,,
WHOI,WHOI_MA-RI_202210_WE16,GLIDER_TRACK,2023-01-22T12:42:05Z,41.1664,-70.7431,,,,
WHOI,WHOI_MA-RI_202210_WE16,GLIDER_TRACK,2023-01-22T13:12:05Z,41.167,-70.7373,,,,
WHOI,WHOI_MA-RI_202210_WE16,GLIDER_TRACK,2023-01-22T13:20:53Z,41.1673,-70.7356,,,,
WHOI,WHOI_MA-RI_202210_WE16,GLIDER_TRACK,2023-01-22T13:57:05Z,41.1664,-70.7299,,,,
WHOI,WHOI_MA-RI_202210_WE16,GLIDER_TRACK,2023-01-22T14:12:05Z,41.1643,-70.7268,,,,
WHOI,WHOI_MA-RI_202210_WE16,GLIDER_TRACK,2023-01-22T14:27:05Z,41.1622,-70.7237,,,,
WHOI,WHOI_MA-RI_202210_WE16,GLIDER_TRACK,2023-01-22T14:42:05Z,41.16,-70.7206,,,,
WHOI,WHOI_MA-RI_202210_WE16,GLIDER_TRACK,2023-01-22T15:12:05Z,41.1558,-70.7144,,,,
WHOI,WHOI_MA-RI_202210_WE16,GLIDER_TRACK,2023-01-22T15:27:05Z,41.1536,-70.7113,,,,
WHOI,WHOI_MA-RI_202210_WE16,GLIDER_TRACK,2023-01-22T15:42:05Z,41.1516,-70.7083,,,,
WHOI,WHOI_MA-RI_202210_WE16,GLIDER_TRACK,2023-01-22T16:12:05Z,41.1504,-70.707,,,,
WHOI,WHOI_MA-RI_202210_WE16,GLIDER_TRACK,2023-01-22T16:27:05Z,41.1479,-70.7081,,,,
WHOI,WHOI_MA-RI_202210_WE16,GLIDER_TRACK,2023-01-22T16:42:05Z,41.1455,-70.7091,,,,
WHOI,WHOI_MA-RI_202210_WE16,GLIDER_TRACK,2023-01-22T16:57:05Z,41.143,-70.7101,,,,
WHOI,WHOI_MA-RI_202210_WE16,GLIDER_TRACK,2023-01-22T17:12:05Z,41.1405,-70.7112,,,,
WHOI,WHOI_MA-RI_202210_WE16,GLIDER_TRACK,2023-01-22T17:27:05Z,41.138,-70.7122,,,,
WHOI,WHOI_MA-RI_202210_WE16,GLIDER_TRACK,2023-01-22T17:42:05Z,41.1355,-70.7132,,,,
WHOI,WHOI_MA-RI_202210_WE16,GLIDER_TRACK,2023-01-22T17:57:05Z,41.133,-70.7142,,,,
WHOI,WHOI_MA-RI_202210_WE16,GLIDER_TRACK,2023-01-22T18:06:08Z,41.1318,-70.7149,,,,
WHOI,WHOI_MA-RI_202210_WE16,GLIDER_TRACK,2023-01-22T18:42:05Z,41.1286,-70.7191,,,,
WHOI,WHOI_MA-RI_202210_WE16,GLIDER_TRACK,2023-01-22T18:57:05Z,41.1261,-70.7222,,,,
WHOI,WHOI_MA-RI_202210_WE16,GLIDER_TRACK,2023-01-22T19:12:05Z,41.1235,-70.7254,,,,
WHOI,WHOI_MA-RI_202210_WE16,GLIDER_TRACK,2023-01-22T19:27:05Z,41.1209,-70.7285,,,,
WHOI,WHOI_MA-RI_202210_WE16,GLIDER_TRACK,2023-01-22T19:42:05Z,41.1184,-70.7316,,,,
WHOI,WHOI_MA-RI_202210_WE16,GLIDER_TRACK,2023-01-22T20:12:05Z,41.1133,-70.7378,,,,
WHOI,WHOI_MA-RI_202210_WE16,GLIDER_TRACK,2023-01-22T20:27:05Z,41.111,-70.7407,,,,
WHOI,WHOI_MA-RI_202210_WE16,GLIDER_TRACK,2023-01-22T20:27:49Z,41.111,-70.7407,,,,
WHOI,WHOI_MA-RI_202210_WE16,GLIDER_TRACK,2023-01-22T20:57:05Z,41.111,-70.746,,,,
WHOI,WHOI_MA-RI_202210_WE16,GLIDER_TRACK,2023-01-22T21:12:05Z,41.1101,-70.7471,,,,
WHOI,WHOI_MA-RI_202210_WE16,GLIDER_TRACK,2023-01-22T21:27:05Z,41.1093,-70.7482,,,,
WHOI,WHOI_MA-RI_202210_WE16,GLIDER_TRACK,2023-01-22T21:42:05Z,41.1084,-70.7493,,,,
WHOI,WHOI_MA-RI_202210_WE16,GLIDER_TRACK,2023-01-22T21:57:05Z,41.1076,-70.7504,,,,
WHOI,WHOI_MA-RI_202210_WE16,GLIDER_TRACK,2023-01-22T22:12:05Z,41.1067,-70.7514,,,,
WHOI,WHOI_MA-RI_202210_WE16,GLIDER_TRACK,2023-01-22T22:27:05Z,41.1059,-70.7525,,,,
WHOI,WHOI_MA-RI_202210_WE16,GLIDER_TRACK,2023-01-22T22:42:05Z,41.1051,-70.7536,,,,
WHOI,WHOI_MA-RI_202210_WE16,GLIDER_TRACK,2023-01-22T22:49:11Z,41.1052,-70.7547,,,,
WHOI,WHOI_MA-RI_202210_WE16,GLIDER_TRACK,2023-01-22T23:27:05Z,41.1068,-70.7572,,,,
WHOI,WHOI_MA-RI_202210_WE16,GLIDER_TRACK,2023-01-22T23:42:05Z,41.1065,-70.7564,,,,
WHOI,WHOI_MA-RI_202210_WE16,GLIDER_TRACK,2023-01-22T23:57:05Z,41.1062,-70.7556,,,,
WHOI,WHOI_MA-RI_202210_WE16,GLIDER_TRACK,2023-01-23T00:12:05Z,41.1058,-70.7548,,,,
WHOI,WHOI_MA-RI_202210_WE16,GLIDER_TRACK,2023-01-23T00:27:05Z,41.1055,-70.7541,,,,
WHOI,WHOI_MA-RI_202210_WE16,GLIDER_TRACK,2023-01-23T00:42:05Z,41.1052,-70.7533,,,,
WHOI,WHOI_MA-RI_202210_WE16,GLIDER_TRACK,2023-01-23T00:57:05Z,41.1049,-70.7525,,,,
WHOI,WHOI_MA-RI_202210_WE16,GLIDER_TRACK,2023-01-23T01:11:26Z,41.1046,-70.7519,,,,
WHOI,WHOI_MA-RI_202210_WE16,GLIDER_TRACK,2023-01-23T01:42:05Z,41.1053,-70.7511,,,,
WHOI,WHOI_MA-RI_202210_WE16,GLIDER_TRACK,2023-01-23T01:57:05Z,41.1037,-70.7488,,,,
WHOI,WHOI_MA-RI_202210_WE16,GLIDER_TRACK,2023-01-23T02:12:05Z,41.1021,-70.7464,,,,
WHOI,WHOI_MA-RI_202210_WE16,GLIDER_TRACK,2023-01-23T02:27:05Z,41.1005,-70.744,,,,
WHOI,WHOI_MA-RI_202210_WE16,GLIDER_TRACK,2023-01-23T02:42:05Z,41.0989,-70.7416,,,,
WHOI,WHOI_MA-RI_202210_WE16,GLIDER_TRACK,2023-01-23T02:57:05Z,41.0973,-70.7392,,,,
WHOI,WHOI_MA-RI_202210_WE16,GLIDER_TRACK,2023-01-23T03:12:05Z,41.0957,-70.7369,,,,
WHOI,WHOI_MA-RI_202210_WE16,GLIDER_TRACK,2023-01-23T03:27:05Z,41.0941,-70.7345,,,,
WHOI,WHOI_MA-RI_202210_WE16,GLIDER_TRACK,2023-01-23T03:36:21Z,41.0933,-70.7332,,,,
WHOI,WHOI_MA-RI_202210_WE16,GLIDER_TRACK,2023-01-23T04:12:05Z,41.0913,-70.7308,,,,
WHOI,WHOI_MA-RI_202210_WE16,GLIDER_TRACK,2023-01-23T04:27:05Z,41.0889,-70.7305,,,,
WHOI,WHOI_MA-RI_202210_WE16,GLIDER_TRACK,2023-01-23T04:42:05Z,41.0865,-70.7301,,,,
WHOI,WHOI_MA-RI_202210_WE16,GLIDER_TRACK,2023-01-23T04:57:05Z,41.0841,-70.7297,,,,
WHOI,WHOI_MA-RI_202210_WE16,GLIDER_TRACK,2023-01-23T05:12:05Z,41.0817,-70.7293,,,,
WHOI,WHOI_MA-RI_202210_WE16,GLIDER_TRACK,2023-01-23T05:27:05Z,41.0794,-70.729,,,,
WHOI,WHOI_MA-RI_202210_WE16,GLIDER_TRACK,2023-01-23T05:42:05Z,41.077,-70.7286,,,,
WHOI,WHOI_MA-RI_202210_WE16,GLIDER_TRACK,2023-01-23T05:57:05Z,41.0746,-70.7282,,,,
WHOI,WHOI_MA-RI_202210_WE16,GLIDER_TRACK,2023-01-23T06:00:20Z,41.0746,-70.7282,,,,
WHOI,WHOI_MA-RI_202210_WE16,GLIDER_TRACK,2023-01-23T06:27:05Z,41.073,-70.7303,,,,
WHOI,WHOI_MA-RI_202210_WE16,GLIDER_TRACK,2023-01-23T06:42:05Z,41.0706,-70.7322,,,,
WHOI,WHOI_MA-RI_202210_WE16,GLIDER_TRACK,2023-01-23T06:57:05Z,41.0681,-70.7342,,,,
WHOI,WHOI_MA-RI_202210_WE16,GLIDER_TRACK,2023-01-23T07:12:05Z,41.0657,-70.7362,,,,
WHOI,WHOI_MA-RI_202210_WE16,GLIDER_TRACK,2023-01-23T07:27:05Z,41.0632,-70.7382,,,,
WHOI,WHOI_MA-RI_202210_WE16,GLIDER_TRACK,2023-01-23T07:42:05Z,41.0608,-70.7402,,,,
WHOI,WHOI_MA-RI_202210_WE16,GLIDER_TRACK,2023-01-23T07:57:05Z,41.0584,-70.7422,,,,
WHOI,WHOI_MA-RI_202210_WE16,GLIDER_TRACK,2023-01-23T08:12:05Z,41.0559,-70.7442,,,,
WHOI,WHOI_MA-RI_202210_WE16,GLIDER_TRACK,2023-01-23T08:25:19Z,41.0542,-70.7458,,,,
WHOI,WHOI_MA-RI_202210_WE16,GLIDER_TRACK,2023-01-23T08:57:05Z,41.0545,-70.7497,,,,
WHOI,WHOI_MA-RI_202210_WE16,GLIDER_TRACK,2023-01-23T09:12:05Z,41.0533,-70.75,,,,
WHOI,WHOI_MA-RI_202210_WE16,GLIDER_TRACK,2023-01-23T09:27:05Z,41.0521,-70.7503,,,,
WHOI,WHOI_MA-RI_202210_WE16,GLIDER_TRACK,2023-01-23T09:42:05Z,41.0509,-70.7506,,,,
WHOI,WHOI_MA-RI_202210_WE16,GLIDER_TRACK,2023-01-23T09:57:05Z,41.0497,-70.7509,,,,
WHOI,WHOI_MA-RI_202210_WE16,GLIDER_TRACK,2023-01-23T10:12:05Z,41.0484,-70.7512,,,,
WHOI,WHOI_MA-RI_202210_WE16,GLIDER_TRACK,2023-01-23T10:27:05Z,41.0472,-70.7515,,,,
WHOI,WHOI_MA-RI_202210_WE16,GLIDER_TRACK,2023-01-23T10:42:05Z,41.046,-70.7518,,,,
WHOI,WHOI_MA-RI_202210_WE16,GLIDER_TRACK,2023-01-23T10:46:34Z,41.046,-70.7518,,,,
WHOI,WHOI_MA-RI_202210_WE16,GLIDER_TRACK,2023-01-23T11:12:05Z,41.0493,-70.7528,,,,
WHOI,WHOI_MA-RI_202210_WE16,GLIDER_TRACK,2023-01-23T11:27:05Z,41.0493,-70.7515,,,,
WHOI,WHOI_MA-RI_202210_WE16,GLIDER_TRACK,2023-01-23T11:42:05Z,41.0493,-70.7502,,,,
WHOI,WHOI_MA-RI_202210_WE16,GLIDER_TRACK,2023-01-23T11:57:05Z,41.0493,-70.7489,,,,
WHOI,WHOI_MA-RI_202210_WE16,GLIDER_TRACK,2023-01-23T12:12:05Z,41.0493,-70.7476,,,,
WHOI,WHOI_MA-RI_202210_WE16,GLIDER_TRACK,2023-01-23T12:27:05Z,41.0493,-70.7463,,,,
WHOI,WHOI_MA-RI_202210_WE16,GLIDER_TRACK,2023-01-23T12:42:05Z,41.0494,-70.745,,,,
WHOI,WHOI_MA-RI_202210_WE16,GLIDER_TRACK,2023-01-23T12:57:05Z,41.0494,-70.7437,,,,
WHOI,WHOI_MA-RI_202210_WE16,GLIDER_TRACK,2023-01-23T13:08:31Z,41.0494,-70.7427,,,,
WHOI,WHOI_MA-RI_202210_WE16,GLIDER_TRACK,2023-01-23T13:42:05Z,41.0488,-70.7374,,,,
WHOI,WHOI_MA-RI_202210_WE16,GLIDER_TRACK,2023-01-23T13:57:05Z,41.0475,-70.7345,,,,
WHOI,WHOI_MA-RI_202210_WE16,GLIDER_TRACK,2023-01-23T14:12:05Z,41.0462,-70.7317,,,,
WHOI,WHOI_MA-RI_202210_WE16,GLIDER_TRACK,2023-01-23T14:27:05Z,41.0449,-70.7288,,,,
WHOI,WHOI_MA-RI_202210_WE16,GLIDER_TRACK,2023-01-23T14:42:05Z,41.0436,-70.726,,,,
WHOI,WHOI_MA-RI_202210_WE16,GLIDER_TRACK,2023-01-23T14:57:05Z,41.0423,-70.7231,,,,
WHOI,WHOI_MA-RI_202210_WE16,GLIDER_TRACK,2023-01-23T15:12:05Z,41.0411,-70.7202,,,,
WHOI,WHOI_MA-RI_202210_WE16,GLIDER_TRACK,2023-01-23T15:27:05Z,41.0398,-70.7174,,,,
WHOI,WHOI_MA-RI_202210_WE16,GLIDER_TRACK,2023-01-23T15:28:33Z,41.0398,-70.7174,,,,
WHOI,WHOI_MA-RI_202210_WE16,GLIDER_TRACK,2023-01-23T15:57:05Z,41.0367,-70.7125,,,,
WHOI,WHOI_MA-RI_202210_WE16,GLIDER_TRACK,2023-01-23T16:12:05Z,41.0346,-70.7116,,,,
WHOI,WHOI_MA-RI_202210_WE16,GLIDER_TRACK,2023-01-23T16:27:05Z,41.0325,-70.7107,,,,
WHOI,WHOI_MA-RI_202210_WE16,GLIDER_TRACK,2023-01-23T16:42:05Z,41.0305,-70.7098,,,,
WHOI,WHOI_MA-RI_202210_WE16,GLIDER_TRACK,2023-01-23T17:12:05Z,41.0263,-70.708,,,,
WHOI,WHOI_MA-RI_202210_WE16,GLIDER_TRACK,2023-01-23T17:27:05Z,41.0243,-70.7071,,,,
WHOI,WHOI_MA-RI_202210_WE16,GLIDER_TRACK,2023-01-23T17:42:05Z,41.0222,-70.7062,,,,
WHOI,WHOI_MA-RI_202210_WE16,GLIDER_TRACK,2023-01-23T17:53:22Z,41.0209,-70.7057,,,,
WHOI,WHOI_MA-RI_202210_WE16,GLIDER_TRACK,2023-01-23T18:27:05Z,41.0156,-70.7079,,,,
WHOI,WHOI_MA-RI_202210_WE16,GLIDER_TRACK,2023-01-23T18:42:05Z,41.0132,-70.7106,,,,
WHOI,WHOI_MA-RI_202210_WE16,GLIDER_TRACK,2023-01-23T18:57:05Z,41.0109,-70.7132,,,,
WHOI,WHOI_MA-RI_202210_WE16,GLIDER_TRACK,2023-01-23T19:12:05Z,41.0085,-70.7158,,,,
WHOI,WHOI_MA-RI_202210_WE16,GLIDER_TRACK,2023-01-23T19:27:05Z,41.006100000000004,-70.7185,,,,
WHOI,WHOI_MA-RI_202210_WE16,GLIDER_TRACK,2023-01-23T19:42:05Z,41.0037,-70.7211,,,,
WHOI,WHOI_MA-RI_202210_WE16,GLIDER_TRACK,2023-01-23T19:57:05Z,41.0013,-70.7243,,,,
WHOI,WHOI_MA-RI_202210_WE16,GLIDER_TRACK,2023-01-23T20:12:05Z,40.9988,-70.7275,,,,
WHOI,WHOI_MA-RI_202210_WE16,GLIDER_TRACK,2023-01-23T20:15:35Z,40.9988,-70.7275,,,,
WHOI,WHOI_MA-RI_202210_WE16,GLIDER_TRACK,2023-01-23T20:42:05Z,40.9938,-70.7304,,,,
WHOI,WHOI_MA-RI_202210_WE16,GLIDER_TRACK,2023-01-23T20:57:05Z,40.993,-70.7317,,,,
WHOI,WHOI_MA-RI_202210_WE16,GLIDER_TRACK,2023-01-23T21:12:05Z,40.9922,-70.7329,,,,
WHOI,WHOI_MA-RI_202210_WE16,GLIDER_TRACK,2023-01-23T21:27:05Z,40.9914,-70.7342,,,,
WHOI,WHOI_MA-RI_202210_WE16,GLIDER_TRACK,2023-01-23T21:42:05Z,40.9905,-70.7354,,,,
WHOI,WHOI_MA-RI_202210_WE16,GLIDER_TRACK,2023-01-23T22:12:05Z,40.9889,-70.7379,,,,
WHOI,WHOI_MA-RI_202210_WE16,GLIDER_TRACK,2023-01-23T22:27:05Z,40.9881,-70.7391,,,,
WHOI,WHOI_MA-RI_202210_WE16,GLIDER_TRACK,2023-01-23T22:35:53Z,40.9873,-70.7403,,,,
WHOI,WHOI_MA-RI_202210_WE16,GLIDER_TRACK,2023-01-23T23:12:05Z,40.9871,-70.7422,,,,
WHOI,WHOI_MA-RI_202210_WE16,GLIDER_TRACK,2023-01-23T23:27:05Z,40.9883,-70.742,,,,
WHOI,WHOI_MA-RI_202210_WE16,GLIDER_TRACK,2023-01-23T23:42:05Z,40.9895,-70.7418,,,,
WHOI,WHOI_MA-RI_202210_WE16,GLIDER_TRACK,2023-01-23T23:57:05Z,40.9908,-70.7416,,,,
WHOI,WHOI_MA-RI_202210_WE16,GLIDER_TRACK,2023-01-24T00:12:05Z,40.992,-70.7414,,,,
WHOI,WHOI_MA-RI_202210_WE16,GLIDER_TRACK,2023-01-24T00:27:05Z,40.9932,-70.7412,,,,
WHOI,WHOI_MA-RI_202210_WE16,GLIDER_TRACK,2023-01-24T00:42:05Z,40.9945,-70.741,,,,
WHOI,WHOI_MA-RI_202210_WE16,GLIDER_TRACK,2023-01-24T00:55:36Z,40.9954,-70.7409,,,,
WHOI,WHOI_MA-RI_202210_WE16,GLIDER_TRACK,2023-01-24T01:27:05Z,40.9956,-70.7399,,,,
WHOI,WHOI_MA-RI_202210_WE16,GLIDER_TRACK,2023-01-24T01:42:05Z,40.9966,-70.7382,,,,
WHOI,WHOI_MA-RI_202210_WE16,GLIDER_TRACK,2023-01-24T01:57:05Z,40.997,-70.7359,,,,
WHOI,WHOI_MA-RI_202210_WE16,GLIDER_TRACK,2023-01-24T02:12:05Z,40.9972,-70.7334,,,,
WHOI,WHOI_MA-RI_202210_WE16,GLIDER_TRACK,2023-01-24T02:27:05Z,40.9975,-70.7309,,,,
WHOI,WHOI_MA-RI_202210_WE16,GLIDER_TRACK,2023-01-24T02:42:05Z,40.9977,-70.7283,,,,
WHOI,WHOI_MA-RI_202210_WE16,GLIDER_TRACK,2023-01-24T02:57:05Z,40.9979,-70.7258,,,,
WHOI,WHOI_MA-RI_202210_WE16,GLIDER_TRACK,2023-01-24T03:12:05Z,40.9982,-70.7233,,,,
WHOI,WHOI_MA-RI_202210_WE16,GLIDER_TRACK,2023-01-24T03:18:17Z,40.9982,-70.7233,,,,
WHOI,WHOI_MA-RI_202210_WE16,GLIDER_TRACK,2023-01-24T03:42:05Z,40.9965,-70.7184,,,,
WHOI,WHOI_MA-RI_202210_WE16,GLIDER_TRACK,2023-01-24T03:57:05Z,40.9956,-70.715,,,,
WHOI,WHOI_MA-RI_202210_WE16,GLIDER_TRACK,2023-01-24T04:12:05Z,40.9946,-70.7115,,,,
WHOI,WHOI_MA-RI_202210_WE16,GLIDER_TRACK,2023-01-24T04:27:05Z,40.9937,-70.708,,,,
WHOI,WHOI_MA-RI_202210_WE16,GLIDER_TRACK,2023-01-24T04:42:05Z,40.9927,-70.7045,,,,
WHOI,WHOI_MA-RI_202210_WE16,GLIDER_TRACK,2023-01-24T04:57:05Z,40.9917,-70.701,,,,
WHOI,WHOI_MA-RI_202210_WE16,GLIDER_TRACK,2023-01-24T05:12:05Z,40.9908,-70.6975,,,,
WHOI,WHOI_MA-RI_202210_WE16,GLIDER_TRACK,2023-01-24T05:27:05Z,40.9898,-70.694,,,,
WHOI,WHOI_MA-RI_202210_WE16,GLIDER_TRACK,2023-01-24T05:30:07Z,40.9898,-70.694,,,,
WHOI,WHOI_MA-RI_202210_WE16,GLIDER_TRACK,2023-01-24T05:57:05Z,40.9883,-70.6916,,,,
WHOI,WHOI_MA-RI_202210_WE16,GLIDER_TRACK,2023-01-24T06:12:05Z,40.9882,-70.6914,,,,
WHOI,WHOI_MA-RI_202210_WE16,GLIDER_TRACK,2023-01-24T06:27:05Z,40.9882,-70.6912,,,,
WHOI,WHOI_MA-RI_202210_WE16,GLIDER_TRACK,2023-01-24T06:42:05Z,40.9882,-70.691,,,,
WHOI,WHOI_MA-RI_202210_WE16,GLIDER_TRACK,2023-01-24T06:57:05Z,40.9882,-70.6908,,,,
WHOI,WHOI_MA-RI_202210_WE16,GLIDER_TRACK,2023-01-24T07:12:05Z,40.9882,-70.6907,,,,
WHOI,WHOI_MA-RI_202210_WE16,GLIDER_TRACK,2023-01-24T07:27:05Z,40.9882,-70.6905,,,,
WHOI,WHOI_MA-RI_202210_WE16,GLIDER_TRACK,2023-01-24T07:42:05Z,40.9881,-70.6903,,,,
WHOI,WHOI_MA-RI_202210_WE16,GLIDER_TRACK,2023-01-24T07:44:49Z,40.9881,-70.6903,,,,
WHOI,WHOI_MA-RI_202210_WE16,GLIDER_TRACK,2023-01-24T08:12:05Z,40.987,-70.6902,,,,
WHOI,WHOI_MA-RI_202210_WE16,GLIDER_TRACK,2023-01-24T08:27:05Z,40.988,-70.6916,,,,
WHOI,WHOI_MA-RI_202210_WE16,GLIDER_TRACK,2023-01-24T08:42:05Z,40.9889,-70.693,,,,
WHOI,WHOI_MA-RI_202210_WE16,GLIDER_TRACK,2023-01-24T08:57:05Z,40.9899,-70.6945,,,,
WHOI,WHOI_MA-RI_202210_WE16,GLIDER_TRACK,2023-01-24T09:12:05Z,40.9909,-70.6959,,,,
WHOI,WHOI_MA-RI_202210_WE16,GLIDER_TRACK,2023-01-24T09:27:05Z,40.9918,-70.6973,,,,
WHOI,WHOI_MA-RI_202210_WE16,GLIDER_TRACK,2023-01-24T09:42:05Z,40.9928,-70.6987,,,,
WHOI,WHOI_MA-RI_202210_WE16,GLIDER_TRACK,2023-01-24T09:57:05Z,40.9936,-70.6999,,,,
WHOI,WHOI_MA-RI_202210_WE16,GLIDER_TRACK,2023-01-24T09:57:24Z,40.9936,-70.6999,,,,
WHOI,WHOI_MA-RI_202210_WE16,GLIDER_TRACK,2023-01-24T10:57:05Z,40.9907,-70.6989,,,,
WHOI,WHOI_MA-RI_202210_WE16,GLIDER_TRACK,2023-01-24T11:12:05Z,40.9932,-70.6989,,,,
WHOI,WHOI_MA-RI_202210_WE16,GLIDER_TRACK,2023-01-24T11:27:05Z,40.9956,-70.699,,,,
WHOI,WHOI_MA-RI_202210_WE16,GLIDER_TRACK,2023-01-24T11:42:05Z,40.998,-70.699,,,,
WHOI,WHOI_MA-RI_202210_WE16,GLIDER_TRACK,2023-01-24T11:57:05Z,41.0005,-70.699,,,,
WHOI,WHOI_MA-RI_202210_WE16,GLIDER_TRACK,2023-01-24T12:12:05Z,41.0029,-70.6991,,,,
WHOI,WHOI_MA-RI_202210_WE16,GLIDER_TRACK,2023-01-24T12:27:05Z,41.0053,-70.6991,,,,
WHOI,WHOI_MA-RI_202210_WE16,GLIDER_TRACK,2023-01-24T12:42:05Z,41.0078,-70.6991,,,,
WHOI,WHOI_MA-RI_202210_WE16,GLIDER_TRACK,2023-01-24T12:46:09Z,41.0078,-70.6991,,,,
WHOI,WHOI_MA-RI_202210_WE16,GLIDER_TRACK,2023-01-24T13:27:05Z,41.0123,-70.6929,,,,
WHOI,WHOI_MA-RI_202210_WE16,GLIDER_TRACK,2023-01-24T13:42:05Z,41.015,-70.6905,,,,
WHOI,WHOI_MA-RI_202210_WE16,GLIDER_TRACK,2023-01-24T13:57:05Z,41.0177,-70.6881,,,,
WHOI,WHOI_MA-RI_202210_WE16,GLIDER_TRACK,2023-01-24T14:12:05Z,41.0204,-70.6857,,,,
WHOI,WHOI_MA-RI_202210_WE16,GLIDER_TRACK,2023-01-24T14:27:05Z,41.0232,-70.6833,,,,
WHOI,WHOI_MA-RI_202210_WE16,GLIDER_TRACK,2023-01-24T14:42:05Z,41.0259,-70.6809,,,,
WHOI,WHOI_MA-RI_202210_WE16,GLIDER_TRACK,2023-01-24T14:57:05Z,41.0286,-70.6786,,,,
WHOI,WHOI_MA-RI_202210_WE16,GLIDER_TRACK,2023-01-24T15:11:41Z,41.0309,-70.6764,,,,
WHOI,WHOI_MA-RI_202210_WE16,GLIDER_TRACK,2023-01-24T15:42:05Z,41.0317,-70.6683,,,,
WHOI,WHOI_MA-RI_202210_WE16,GLIDER_TRACK,2023-01-24T15:57:05Z,41.0329,-70.6664,,,,
WHOI,WHOI_MA-RI_202210_WE16,GLIDER_TRACK,2023-01-24T16:12:05Z,41.0341,-70.6645,,,,
WHOI,WHOI_MA-RI_202210_WE16,GLIDER_TRACK,2023-01-24T16:27:05Z,41.0353,-70.6627,,,,
WHOI,WHOI_MA-RI_202210_WE16,GLIDER_TRACK,2023-01-24T16:42:05Z,41.0365,-70.6608,,,,
WHOI,WHOI_MA-RI_202210_WE16,GLIDER_TRACK,2023-01-24T17:12:05Z,41.0383,-70.6578,,,,
WHOI,WHOI_MA-RI_202210_WE16,GLIDER_TRACK,2023-01-24T17:27:05Z,41.0388,-70.6557,,,,
WHOI,WHOI_MA-RI_202210_WE16,GLIDER_TRACK,2023-01-24T17:34:09Z,41.039,-70.654,,,,
WHOI,WHOI_MA-RI_202210_WE16,GLIDER_TRACK,2023-01-24T18:12:05Z,41.0376,-70.6474,,,,
WHOI,WHOI_MA-RI_202210_WE16,GLIDER_TRACK,2023-01-24T18:27:05Z,41.0375,-70.6476,,,,
WHOI,WHOI_MA-RI_202210_WE16,GLIDER_TRACK,2023-01-24T18:42:05Z,41.0373,-70.6478,,,,
WHOI,WHOI_MA-RI_202210_WE16,GLIDER_TRACK,2023-01-24T19:12:05Z,41.037,-70.6481,,,,
WHOI,WHOI_MA-RI_202210_WE16,GLIDER_TRACK,2023-01-24T19:27:05Z,41.0368,-70.6483,,,,
WHOI,WHOI_MA-RI_202210_WE16,GLIDER_TRACK,2023-01-24T19:42:05Z,41.0367,-70.6484,,,,
WHOI,WHOI_MA-RI_202210_WE16,GLIDER_TRACK,2023-01-24T20:01:31Z,41.0363,-70.6497,,,,
WHOI,WHOI_MA-RI_202210_WE16,GLIDER_TRACK,2023-01-24T20:42:05Z,41.0338,-70.6495,,,,
WHOI,WHOI_MA-RI_202210_WE16,GLIDER_TRACK,2023-01-24T20:57:05Z,41.0339,-70.6518,,,,
WHOI,WHOI_MA-RI_202210_WE16,GLIDER_TRACK,2023-01-24T21:12:05Z,41.034,-70.654,,,,
WHOI,WHOI_MA-RI_202210_WE16,GLIDER_TRACK,2023-01-24T21:27:05Z,41.0342,-70.6558,,,,
WHOI,WHOI_MA-RI_202210_WE16,GLIDER_TRACK,2023-01-24T21:42:05Z,41.0348,-70.6587,,,,
WHOI,WHOI_MA-RI_202210_WE16,GLIDER_TRACK,2023-01-24T21:57:05Z,41.0354,-70.6616,,,,
WHOI,WHOI_MA-RI_202210_WE16,GLIDER_TRACK,2023-01-24T22:12:05Z,41.036,-70.6645,,,,
WHOI,WHOI_MA-RI_202210_WE16,GLIDER_TRACK,2023-01-24T22:25:55Z,41.0363,-70.6666,,,,
WHOI,WHOI_MA-RI_202210_WE16,GLIDER_TRACK,2023-01-24T22:57:05Z,41.036,-70.6684,,,,
WHOI,WHOI_MA-RI_202210_WE16,GLIDER_TRACK,2023-01-24T23:12:05Z,41.0377,-70.6712,,,,
WHOI,WHOI_MA-RI_202210_WE16,GLIDER_TRACK,2023-01-24T23:27:05Z,41.0394,-70.674,,,,
WHOI,WHOI_MA-RI_202210_WE16,GLIDER_TRACK,2023-01-24T23:42:05Z,41.0411,-70.6767,,,,
WHOI,WHOI_MA-RI_202210_WE16,GLIDER_TRACK,2023-01-24T23:57:05Z,41.0428,-70.6795,,,,
WHOI,WHOI_MA-RI_202210_WE16,GLIDER_TRACK,2023-01-25T00:12:05Z,41.0445,-70.6822,,,,
WHOI,WHOI_MA-RI_202210_WE16,GLIDER_TRACK,2023-01-25T00:27:05Z,41.0462,-70.685,,,,
WHOI,WHOI_MA-RI_202210_WE16,GLIDER_TRACK,2023-01-25T00:42:05Z,41.0479,-70.6877,,,,
WHOI,WHOI_MA-RI_202210_WE16,GLIDER_TRACK,2023-01-25T00:45:56Z,41.0479,-70.6877,,,,
WHOI,WHOI_MA-RI_202210_WE16,GLIDER_TRACK,2023-01-25T01:27:05Z,41.052,-70.6854,,,,
WHOI,WHOI_MA-RI_202210_WE16,GLIDER_TRACK,2023-01-25T01:42:05Z,41.0546,-70.6838,,,,
WHOI,WHOI_MA-RI_202210_WE16,GLIDER_TRACK,2023-01-25T01:57:05Z,41.0572,-70.6821,,,,
WHOI,WHOI_MA-RI_202210_WE16,GLIDER_TRACK,2023-01-25T02:12:05Z,41.0599,-70.6804,,,,
WHOI,WHOI_MA-RI_202210_WE16,GLIDER_TRACK,2023-01-25T02:27:05Z,41.0625,-70.6787,,,,
WHOI,WHOI_MA-RI_202210_WE16,GLIDER_TRACK,2023-01-25T02:42:05Z,41.0651,-70.6771,,,,
WHOI,WHOI_MA-RI_202210_WE16,GLIDER_TRACK,2023-01-25T02:57:05Z,41.0677,-70.6754,,,,
WHOI,WHOI_MA-RI_202210_WE16,GLIDER_TRACK,2023-01-25T03:08:52Z,41.0694,-70.6741,,,,
WHOI,WHOI_MA-RI_202210_WE16,GLIDER_TRACK,2023-01-25T03:42:05Z,41.0701,-70.668,,,,
WHOI,WHOI_MA-RI_202210_WE16,GLIDER_TRACK,2023-01-25T03:57:05Z,41.072,-70.6665,,,,
WHOI,WHOI_MA-RI_202210_WE16,GLIDER_TRACK,2023-01-25T04:12:05Z,41.0738,-70.665,,,,
WHOI,WHOI_MA-RI_202210_WE16,GLIDER_TRACK,2023-01-25T04:27:05Z,41.0757,-70.6635,,,,
WHOI,WHOI_MA-RI_202210_WE16,GLIDER_TRACK,2023-01-25T04:42:05Z,41.0771,-70.6625,,,,
WHOI,WHOI_MA-RI_202210_WE16,GLIDER_TRACK,2023-01-25T04:57:05Z,41.0785,-70.6607,,,,
WHOI,WHOI_MA-RI_202210_WE16,GLIDER_TRACK,2023-01-25T05:12:05Z,41.0795,-70.6594,,,,
WHOI,WHOI_MA-RI_202210_WE16,GLIDER_TRACK,2023-01-25T05:27:05Z,41.0809,-70.6571,,,,
WHOI,WHOI_MA-RI_202210_WE16,GLIDER_TRACK,2023-01-25T05:33:08Z,41.0809,-70.6571,,,,
WHOI,WHOI_MA-RI_202210_WE16,GLIDER_TRACK,2023-01-25T05:57:05Z,41.0801,-70.6507,,,,
WHOI,WHOI_MA-RI_202210_WE16,GLIDER_TRACK,2023-01-25T06:12:05Z,41.0808,-70.6504,,,,
WHOI,WHOI_MA-RI_202210_WE16,GLIDER_TRACK,2023-01-25T06:27:05Z,41.0815,-70.6501,,,,
WHOI,WHOI_MA-RI_202210_WE16,GLIDER_TRACK,2023-01-25T06:42:05Z,41.0822,-70.6498,,,,
WHOI,WHOI_MA-RI_202210_WE16,GLIDER_TRACK,2023-01-25T06:57:05Z,41.0829,-70.6495,,,,
WHOI,WHOI_MA-RI_202210_WE16,GLIDER_TRACK,2023-01-25T07:12:05Z,41.0836,-70.6491,,,,
WHOI,WHOI_MA-RI_202210_WE16,GLIDER_TRACK,2023-01-25T07:27:05Z,41.0844,-70.6488,,,,
WHOI,WHOI_MA-RI_202210_WE16,GLIDER_TRACK,2023-01-25T07:42:05Z,41.0851,-70.6485,,,,
WHOI,WHOI_MA-RI_202210_WE16,GLIDER_TRACK,2023-01-25T07:57:05Z,41.0857,-70.6482,,,,
WHOI,WHOI_MA-RI_202210_WE16,GLIDER_TRACK,2023-01-25T08:27:05Z,41.0841,-70.6468,,,,
WHOI,WHOI_MA-RI_202210_WE16,GLIDER_TRACK,2023-01-25T08:42:05Z,41.0848,-70.6488,,,,
WHOI,WHOI_MA-RI_202210_WE16,GLIDER_TRACK,2023-01-25T08:57:05Z,41.0856,-70.6509,,,,
WHOI,WHOI_MA-RI_202210_WE16,GLIDER_TRACK,2023-01-25T09:12:05Z,41.0863,-70.6529,,,,
WHOI,WHOI_MA-RI_202210_WE16,GLIDER_TRACK,2023-01-25T09:27:05Z,41.0871,-70.655,,,,
WHOI,WHOI_MA-RI_202210_WE16,GLIDER_TRACK,2023-01-25T09:42:05Z,41.0878,-70.6571,,,,
WHOI,WHOI_MA-RI_202210_WE16,GLIDER_TRACK,2023-01-25T09:57:05Z,41.0885,-70.6591,,,,
WHOI,WHOI_MA-RI_202210_WE16,GLIDER_TRACK,2023-01-25T10:12:05Z,41.0893,-70.6612,,,,
WHOI,WHOI_MA-RI_202210_WE16,GLIDER_TRACK,2023-01-25T10:24:02Z,41.0897,-70.6625,,,,
WHOI,WHOI_MA-RI_202210_WE16,GLIDER_TRACK,2023-01-25T10:57:05Z,41.09,-70.6642,,,,
WHOI,WHOI_MA-RI_202210_WE16,GLIDER_TRACK,2023-01-25T11:12:05Z,41.0921,-70.6656,,,,
WHOI,WHOI_MA-RI_202210_WE16,GLIDER_TRACK,2023-01-25T11:27:05Z,41.0943,-70.667,,,,
WHOI,WHOI_MA-RI_202210_WE16,GLIDER_TRACK,2023-01-25T11:42:05Z,41.0965,-70.6684,,,,
WHOI,WHOI_MA-RI_202210_WE16,GLIDER_TRACK,2023-01-25T11:57:05Z,41.0986,-70.6699,,,,
WHOI,WHOI_MA-RI_202210_WE16,GLIDER_TRACK,2023-01-25T12:12:05Z,41.1008,-70.6713,,,,
WHOI,WHOI_MA-RI_202210_WE16,GLIDER_TRACK,2023-01-25T12:27:05Z,41.1029,-70.6727,,,,
WHOI,WHOI_MA-RI_202210_WE16,GLIDER_TRACK,2023-01-25T12:42:05Z,41.1051,-70.6741,,,,
WHOI,WHOI_MA-RI_202210_WE16,GLIDER_TRACK,2023-01-25T13:27:05Z,41.1092,-70.6741,,,,
WHOI,WHOI_MA-RI_202210_WE16,GLIDER_TRACK,2023-01-25T13:42:05Z,41.1119,-70.6731,,,,
WHOI,WHOI_MA-RI_202210_WE16,GLIDER_TRACK,2023-01-25T13:57:05Z,41.1146,-70.6721,,,,
WHOI,WHOI_MA-RI_202210_WE16,GLIDER_TRACK,2023-01-25T14:12:05Z,41.1173,-70.6712,,,,
WHOI,WHOI_MA-RI_202210_WE16,GLIDER_TRACK,2023-01-25T14:27:05Z,41.12,-70.6702,,,,
WHOI,WHOI_MA-RI_202210_WE16,GLIDER_TRACK,2023-01-25T14:42:05Z,41.1227,-70.6692,,,,
WHOI,WHOI_MA-RI_202210_WE16,GLIDER_TRACK,2023-01-25T14:57:05Z,41.1253,-70.6682,,,,
WHOI,WHOI_MA-RI_202210_WE16,GLIDER_TRACK,2023-01-25T15:10:45Z,41.1273,-70.6675,,,,
WHOI,WHOI_MA-RI_202210_WE16,GLIDER_TRACK,2023-01-25T15:42:05Z,41.1285,-70.6656,,,,
WHOI,WHOI_MA-RI_202210_WE16,GLIDER_TRACK,2023-01-25T15:57:05Z,41.1306,-70.6645,,,,
WHOI,WHOI_MA-RI_202210_WE16,GLIDER_TRACK,2023-01-25T16:12:05Z,41.1326,-70.6633,,,,
WHOI,WHOI_MA-RI_202210_WE16,GLIDER_TRACK,2023-01-25T16:27:05Z,41.1347,-70.6622,,,,
WHOI,WHOI_MA-RI_202210_WE16,GLIDER_TRACK,2023-01-25T16:42:05Z,41.1368,-70.661,,,,
WHOI,WHOI_MA-RI_202210_WE16,GLIDER_TRACK,2023-01-25T16:57:05Z,41.1388,-70.6598,,,,
WHOI,WHOI_MA-RI_202210_WE16,GLIDER_TRACK,2023-01-25T17:12:05Z,41.1409,-70.6587,,,,
WHOI,WHOI_MA-RI_202210_WE16,GLIDER_TRACK,2023-01-25T17:27:05Z,41.1429,-70.6575,,,,
WHOI,WHOI_MA-RI_202210_WE16,GLIDER_TRACK,2023-01-25T17:33:01Z,41.1429,-70.6575,,,,
WHOI,WHOI_MA-RI_202210_WE16,GLIDER_TRACK,2023-01-25T17:57:05Z,41.1431,-70.6553,,,,
WHOI,WHOI_MA-RI_202210_WE16,GLIDER_TRACK,2023-01-25T18:12:05Z,41.143,-70.6562,,,,
WHOI,WHOI_MA-RI_202210_WE16,GLIDER_TRACK,2023-01-25T18:27:05Z,41.1429,-70.657,,,,
WHOI,WHOI_MA-RI_202210_WE16,GLIDER_TRACK,2023-01-25T18:42:05Z,41.1429,-70.6578,,,,
WHOI,WHOI_MA-RI_202210_WE16,GLIDER_TRACK,2023-01-25T18:57:05Z,41.1428,-70.6586,,,,
WHOI,WHOI_MA-RI_202210_WE16,GLIDER_TRACK,2023-01-25T19:12:05Z,41.1428,-70.6594,,,,
WHOI,WHOI_MA-RI_202210_WE16,GLIDER_TRACK,2023-01-25T19:27:05Z,41.1427,-70.6603,,,,
WHOI,WHOI_MA-RI_202210_WE16,GLIDER_TRACK,2023-01-25T19:42:05Z,41.1426,-70.6611,,,,
WHOI,WHOI_MA-RI_202210_WE16,GLIDER_TRACK,2023-01-25T19:54:56Z,41.1426,-70.6617,,,,
WHOI,WHOI_MA-RI_202210_WE16,GLIDER_TRACK,2023-01-25T20:27:05Z,41.1417,-70.6659,,,,
WHOI,WHOI_MA-RI_202210_WE16,GLIDER_TRACK,2023-01-25T20:42:05Z,41.1422,-70.669,,,,
WHOI,WHOI_MA-RI_202210_WE16,GLIDER_TRACK,2023-01-25T20:57:05Z,41.1427,-70.6721,,,,
WHOI,WHOI_MA-RI_202210_WE16,GLIDER_TRACK,2023-01-25T21:12:05Z,41.1433,-70.6752,,,,
WHOI,WHOI_MA-RI_202210_WE16,GLIDER_TRACK,2023-01-25T21:27:05Z,41.1438,-70.6783,,,,
WHOI,WHOI_MA-RI_202210_WE16,GLIDER_TRACK,2023-01-25T21:42:05Z,41.1443,-70.6815,,,,
WHOI,WHOI_MA-RI_202210_WE16,GLIDER_TRACK,2023-01-25T21:57:05Z,41.1449,-70.6846,,,,
WHOI,WHOI_MA-RI_202210_WE16,GLIDER_TRACK,2023-01-25T22:12:05Z,41.1454,-70.6877,,,,
WHOI,WHOI_MA-RI_202210_WE16,GLIDER_TRACK,2023-01-25T22:16:08Z,41.1454,-70.6877,,,,
WHOI,WHOI_MA-RI_202210_WE16,GLIDER_TRACK,2023-01-25T22:42:05Z,41.1455,-70.694,,,,
WHOI,WHOI_MA-RI_202210_WE16,GLIDER_TRACK,2023-01-25T22:57:05Z,41.1466,-70.6954,,,,
WHOI,WHOI_MA-RI_202210_WE16,GLIDER_TRACK,2023-01-25T23:12:05Z,41.1478,-70.6968,,,,
WHOI,WHOI_MA-RI_202210_WE16,GLIDER_TRACK,2023-01-25T23:27:05Z,41.1489,-70.6982,,,,
WHOI,WHOI_MA-RI_202210_WE16,GLIDER_TRACK,2023-01-25T23:42:05Z,41.1501,-70.699700000000007,,,,
WHOI,WHOI_MA-RI_202210_WE16,GLIDER_TRACK,2023-01-25T23:57:05Z,41.1512,-70.7011,,,,
WHOI,WHOI_MA-RI_202210_WE16,GLIDER_TRACK,2023-01-26T00:12:05Z,41.1524,-70.7025,,,,
WHOI,WHOI_MA-RI_202210_WE16,GLIDER_TRACK,2023-01-26T00:27:05Z,41.1535,-70.7039,,,,
WHOI,WHOI_MA-RI_202210_WE16,GLIDER_TRACK,2023-01-26T00:38:16Z,41.1543,-70.7051,,,,
WHOI,WHOI_MA-RI_202210_WE16,GLIDER_TRACK,2023-01-26T01:12:05Z,41.1563,-70.7115,,,,
WHOI,WHOI_MA-RI_202210_WE16,GLIDER_TRACK,2023-01-26T01:27:05Z,41.1571,-70.7117,,,,
WHOI,WHOI_MA-RI_202210_WE16,GLIDER_TRACK,2023-01-26T01:42:05Z,41.158,-70.712,,,,
WHOI,WHOI_MA-RI_202210_WE16,GLIDER_TRACK,2023-01-26T01:57:05Z,41.1589,-70.7122,,,,
WHOI,WHOI_MA-RI_202210_WE16,GLIDER_TRACK,2023-01-26T02:12:05Z,41.1594,-70.7118,,,,
WHOI,WHOI_MA-RI_202210_WE16,GLIDER_TRACK,2023-01-26T02:27:05Z,41.1603,-70.7113,,,,
WHOI,WHOI_MA-RI_202210_WE16,GLIDER_TRACK,2023-01-26T02:42:05Z,41.1612,-70.7108,,,,
WHOI,WHOI_MA-RI_202210_WE16,GLIDER_TRACK,2023-01-26T02:57:05Z,41.162,-70.7102,,,,
WHOI,WHOI_MA-RI_202210_WE16,GLIDER_TRACK,2023-01-26T03:01:30Z,41.162,-70.7102,,,,
WHOI,WHOI_MA-RI_202210_WE16,GLIDER_TRACK,2023-01-26T03:27:05Z,41.1644,-70.7134,,,,
WHOI,WHOI_MA-RI_202210_WE16,GLIDER_TRACK,2023-01-26T03:42:05Z,41.1647,-70.7113,,,,
WHOI,WHOI_MA-RI_202210_WE16,GLIDER_TRACK,2023-01-26T03:57:05Z,41.1648,-70.7098,,,,
WHOI,WHOI_MA-RI_202210_WE16,GLIDER_TRACK,2023-01-26T04:12:05Z,41.1649,-70.707,,,,
WHOI,WHOI_MA-RI_202210_WE16,GLIDER_TRACK,2023-01-26T04:27:05Z,41.165,-70.7041,,,,
WHOI,WHOI_MA-RI_202210_WE16,GLIDER_TRACK,2023-01-26T04:42:05Z,41.1651,-70.7013,,,,
WHOI,WHOI_MA-RI_202210_WE16,GLIDER_TRACK,2023-01-26T04:57:05Z,41.1651,-70.6984,,,,
WHOI,WHOI_MA-RI_202210_WE16,GLIDER_TRACK,2023-01-26T05:12:05Z,41.1652,-70.6956,,,,
WHOI,WHOI_MA-RI_202210_WE16,GLIDER_TRACK,2023-01-26T05:23:11Z,41.1654,-70.694,,,,
WHOI,WHOI_MA-RI_202210_WE16,GLIDER_TRACK,2023-01-26T05:57:05Z,41.1671,-70.6905,,,,
WHOI,WHOI_MA-RI_202210_WE16,GLIDER_TRACK,2023-01-26T06:12:05Z,41.1658,-70.6863,,,,
WHOI,WHOI_MA-RI_202210_WE16,GLIDER_TRACK,2023-01-26T06:27:05Z,41.1649,-70.683,,,,
WHOI,WHOI_MA-RI_202210_WE16,GLIDER_TRACK,2023-01-26T06:42:05Z,41.1637,-70.6801,,,,
WHOI,WHOI_MA-RI_202210_WE16,GLIDER_TRACK,2023-01-26T06:57:05Z,41.1625,-70.6772,,,,
WHOI,WHOI_MA-RI_202210_WE16,GLIDER_TRACK,2023-01-26T07:12:05Z,41.1613,-70.6743,,,,
WHOI,WHOI_MA-RI_202210_WE16,GLIDER_TRACK,2023-01-26T07:27:05Z,41.1601,-70.6715,,,,
WHOI,WHOI_MA-RI_202210_WE16,GLIDER_TRACK,2023-01-26T07:42:05Z,41.1589,-70.6687,,,,
WHOI,WHOI_MA-RI_202210_WE16,GLIDER_TRACK,2023-01-26T07:44:21Z,41.1589,-70.6687,,,,
WHOI,WHOI_MA-RI_202210_WE16,GLIDER_TRACK,2023-01-26T08:12:05Z,41.1602,-70.6691,,,,
WHOI,WHOI_MA-RI_202210_WE16,GLIDER_TRACK,2023-01-26T08:27:05Z,41.1593,-70.668,,,,
WHOI,WHOI_MA-RI_202210_WE16,GLIDER_TRACK,2023-01-26T08:42:05Z,41.1585,-70.667,,,,
WHOI,WHOI_MA-RI_202210_WE16,GLIDER_TRACK,2023-01-26T08:57:05Z,41.1576,-70.666,,,,
WHOI,WHOI_MA-RI_202210_WE16,GLIDER_TRACK,2023-01-26T09:12:05Z,41.1568,-70.665,,,,
WHOI,WHOI_MA-RI_202210_WE16,GLIDER_TRACK,2023-01-26T09:27:05Z,41.1559,-70.664,,,,
WHOI,WHOI_MA-RI_202210_WE16,GLIDER_TRACK,2023-01-26T09:42:05Z,41.1551,-70.6629,,,,
WHOI,WHOI_MA-RI_202210_WE16,GLIDER_TRACK,2023-01-26T09:57:05Z,41.1543,-70.6619,,,,
WHOI,WHOI_MA-RI_202210_WE16,GLIDER_TRACK,2023-01-26T10:06:23Z,41.1539,-70.6616,,,,
WHOI,WHOI_MA-RI_202210_WE16,GLIDER_TRACK,2023-01-26T10:27:05Z,41.1539,-70.6639,,,,
WHOI,WHOI_MA-RI_202210_WE16,GLIDER_TRACK,2023-01-26T10:42:05Z,41.154,-70.6647,,,,
WHOI,WHOI_MA-RI_202210_WE16,GLIDER_TRACK,2023-01-26T10:57:05Z,41.1542,-70.6656,,,,
WHOI,WHOI_MA-RI_202210_WE16,GLIDER_TRACK,2023-01-26T11:12:05Z,41.1544,-70.6664,,,,
WHOI,WHOI_MA-RI_202210_WE16,GLIDER_TRACK,2023-01-26T11:27:05Z,41.1545,-70.6673,,,,
WHOI,WHOI_MA-RI_202210_WE16,GLIDER_TRACK,2023-01-26T11:42:05Z,41.1547,-70.6681,,,,
WHOI,WHOI_MA-RI_202210_WE16,GLIDER_TRACK,2023-01-26T11:57:05Z,41.1548,-70.669,,,,
WHOI,WHOI_MA-RI_202210_WE16,GLIDER_TRACK,2023-01-26T12:12:05Z,41.155,-70.6698,,,,
WHOI,WHOI_MA-RI_202210_WE16,GLIDER_TRACK,2023-01-26T12:16:04Z,41.155,-70.6698,,,,
WHOI,WHOI_MA-RI_202210_WE16,GLIDER_TRACK,2023-01-26T12:57:05Z,41.1574,-70.6731,,,,
WHOI,WHOI_MA-RI_202210_WE16,GLIDER_TRACK,2023-01-26T13:12:05Z,41.1582,-70.6733,,,,
WHOI,WHOI_MA-RI_202210_WE16,GLIDER_TRACK,2023-01-26T13:27:05Z,41.1591,-70.6735,,,,
WHOI,WHOI_MA-RI_202210_WE16,GLIDER_TRACK,2023-01-26T13:42:05Z,41.1599,-70.6737,,,,
WHOI,WHOI_MA-RI_202210_WE16,GLIDER_TRACK,2023-01-26T13:57:05Z,41.1608,-70.6739,,,,
WHOI,WHOI_MA-RI_202210_WE16,GLIDER_TRACK,2023-01-26T14:12:05Z,41.1617,-70.674,,,,
WHOI,WHOI_MA-RI_202210_WE16,GLIDER_TRACK,2023-01-26T14:27:05Z,41.1625,-70.6742,,,,
WHOI,WHOI_MA-RI_202210_WE16,GLIDER_TRACK,2023-01-26T14:42:05Z,41.1633,-70.6744,,,,
WHOI,WHOI_MA-RI_202210_WE16,GLIDER_TRACK,2023-01-26T14:42:16Z,41.1633,-70.6744,,,,
WHOI,WHOI_MA-RI_202210_WE16,GLIDER_TRACK,2023-01-26T14:57:05Z,41.1639,-70.6745,,,,
WHOI,WHOI_MA-RI_202210_WE16,GLIDER_TRACK,2023-01-26T15:12:05Z,41.1642,-70.6725,,,,
WHOI,WHOI_MA-RI_202210_WE16,GLIDER_TRACK,2023-01-26T15:27:05Z,41.1646,-70.6703,,,,
WHOI,WHOI_MA-RI_202210_WE16,GLIDER_TRACK,2023-01-26T15:42:05Z,41.1649,-70.6681,,,,
WHOI,WHOI_MA-RI_202210_WE16,GLIDER_TRACK,2023-01-26T15:57:05Z,41.1652,-70.6659,,,,
WHOI,WHOI_MA-RI_202210_WE16,GLIDER_TRACK,2023-01-26T16:12:05Z,41.1656,-70.6637,,,,
WHOI,WHOI_MA-RI_202210_WE16,GLIDER_TRACK,2023-01-26T16:27:05Z,41.1659,-70.6615,,,,
WHOI,WHOI_MA-RI_202210_WE16,GLIDER_TRACK,2023-01-26T16:42:05Z,41.1662,-70.6593,,,,
WHOI,WHOI_MA-RI_202210_WE16,GLIDER_TRACK,2023-01-26T16:49:41Z,41.1664,-70.6583,,,,
WHOI,WHOI_MA-RI_202210_WE16,GLIDER_TRACK,2023-01-26T17:12:05Z,41.1662,-70.654,,,,
WHOI,WHOI_MA-RI_202210_WE16,GLIDER_TRACK,2023-01-26T17:27:05Z,41.1653,-70.6505,,,,
WHOI,WHOI_MA-RI_202210_WE16,GLIDER_TRACK,2023-01-26T17:42:05Z,41.1647,-70.6479,,,,
WHOI,WHOI_MA-RI_202210_WE16,GLIDER_TRACK,2023-01-26T18:12:05Z,41.1621,-70.6406,,,,
WHOI,WHOI_MA-RI_202210_WE16,GLIDER_TRACK,2023-01-26T18:27:05Z,41.1608,-70.6369,,,,
WHOI,WHOI_MA-RI_202210_WE16,GLIDER_TRACK,2023-01-26T18:42:05Z,41.1595,-70.6331,,,,
WHOI,WHOI_MA-RI_202210_WE16,GLIDER_TRACK,2023-01-26T18:57:05Z,41.1584,-70.6299,,,,
WHOI,WHOI_MA-RI_202210_WE16,GLIDER_TRACK,2023-01-26T19:06:20Z,41.156,-70.6259,,,,
WHOI,WHOI_MA-RI_202210_WE16,GLIDER_TRACK,2023-01-26T19:42:05Z,41.153,-70.6217,,,,
WHOI,WHOI_MA-RI_202210_WE16,GLIDER_TRACK,2023-01-26T19:57:05Z,41.1502,-70.6208,,,,
WHOI,WHOI_MA-RI_202210_WE16,GLIDER_TRACK,2023-01-26T20:12:05Z,41.1473,-70.6198,,,,
WHOI,WHOI_MA-RI_202210_WE16,GLIDER_TRACK,2023-01-26T20:27:05Z,41.1445,-70.6188,,,,
WHOI,WHOI_MA-RI_202210_WE16,GLIDER_TRACK,2023-01-26T20:42:05Z,41.1416,-70.6178,,,,
WHOI,WHOI_MA-RI_202210_WE16,GLIDER_TRACK,2023-01-26T20:57:05Z,41.1388,-70.6169,,,,
WHOI,WHOI_MA-RI_202210_WE16,GLIDER_TRACK,2023-01-26T21:12:05Z,41.136,-70.6159,,,,
WHOI,WHOI_MA-RI_202210_WE16,GLIDER_TRACK,2023-01-26T21:27:05Z,41.1331,-70.6149,,,,
WHOI,WHOI_MA-RI_202210_WE16,GLIDER_TRACK,2023-01-26T21:30:23Z,41.1331,-70.6149,,,,
WHOI,WHOI_MA-RI_202210_WE16,GLIDER_TRACK,2023-01-26T21:57:05Z,41.1294,-70.615,,,,
WHOI,WHOI_MA-RI_202210_WE16,GLIDER_TRACK,2023-01-26T22:12:05Z,41.1272,-70.6165,,,,
WHOI,WHOI_MA-RI_202210_WE16,GLIDER_TRACK,2023-01-26T22:27:05Z,41.1243,-70.6189,,,,
WHOI,WHOI_MA-RI_202210_WE16,GLIDER_TRACK,2023-01-26T22:42:05Z,41.1213,-70.6212,,,,
WHOI,WHOI_MA-RI_202210_WE16,GLIDER_TRACK,2023-01-26T22:57:05Z,41.1183,-70.6236,,,,
WHOI,WHOI_MA-RI_202210_WE16,GLIDER_TRACK,2023-01-26T23:12:05Z,41.1153,-70.6259,,,,
WHOI,WHOI_MA-RI_202210_WE16,GLIDER_TRACK,2023-01-26T23:27:05Z,41.1124,-70.6282,,,,
WHOI,WHOI_MA-RI_202210_WE16,GLIDER_TRACK,2023-01-26T23:42:05Z,41.1097,-70.6301,,,,
WHOI,WHOI_MA-RI_202210_WE16,GLIDER_TRACK,2023-01-27T00:42:05Z,41.1053,-70.6292,,,,
WHOI,WHOI_MA-RI_202210_WE16,GLIDER_TRACK,2023-01-27T00:57:05Z,41.1028,-70.6308,,,,
WHOI,WHOI_MA-RI_202210_WE16,GLIDER_TRACK,2023-01-27T01:12:05Z,41.1002,-70.6324,,,,
WHOI,WHOI_MA-RI_202210_WE16,GLIDER_TRACK,2023-01-27T01:27:05Z,41.0977,-70.6339,,,,
WHOI,WHOI_MA-RI_202210_WE16,GLIDER_TRACK,2023-01-27T01:42:05Z,41.0952,-70.6355,,,,
WHOI,WHOI_MA-RI_202210_WE16,GLIDER_TRACK,2023-01-27T01:57:05Z,41.0926,-70.6371,,,,
WHOI,WHOI_MA-RI_202210_WE16,GLIDER_TRACK,2023-01-27T02:12:05Z,41.0909,-70.6383,,,,
WHOI,WHOI_MA-RI_202210_WE16,GLIDER_TRACK,2023-01-27T02:27:05Z,41.0912,-70.6388,,,,
WHOI,WHOI_MA-RI_202210_WE16,GLIDER_TRACK,2023-01-27T02:28:24Z,41.0912,-70.6388,,,,
WHOI,WHOI_MA-RI_202210_WE16,GLIDER_TRACK,2023-01-27T02:57:05Z,41.0912,-70.6354,,,,
WHOI,WHOI_MA-RI_202210_WE16,GLIDER_TRACK,2023-01-27T03:12:05Z,41.0899,-70.634,,,,
WHOI,WHOI_MA-RI_202210_WE16,GLIDER_TRACK,2023-01-27T03:27:05Z,41.0887,-70.6327,,,,
WHOI,WHOI_MA-RI_202210_WE16,GLIDER_TRACK,2023-01-27T03:42:05Z,41.0875,-70.6314,,,,
WHOI,WHOI_MA-RI_202210_WE16,GLIDER_TRACK,2023-01-27T03:57:05Z,41.0863,-70.63,,,,
WHOI,WHOI_MA-RI_202210_WE16,GLIDER_TRACK,2023-01-27T04:12:05Z,41.0851,-70.6287,,,,
WHOI,WHOI_MA-RI_202210_WE16,GLIDER_TRACK,2023-01-27T04:27:05Z,41.0839,-70.6274,,,,
WHOI,WHOI_MA-RI_202210_WE16,GLIDER_TRACK,2023-01-27T04:42:05Z,41.0826,-70.626,,,,
WHOI,WHOI_MA-RI_202210_WE16,GLIDER_TRACK,2023-01-27T04:50:40Z,41.0822,-70.6246,,,,
WHOI,WHOI_MA-RI_202210_WE16,GLIDER_TRACK,2023-01-27T05:27:05Z,41.0805,-70.6177,,,,
WHOI,WHOI_MA-RI_202210_WE16,GLIDER_TRACK,2023-01-27T05:42:05Z,41.079,-70.6153,,,,
WHOI,WHOI_MA-RI_202210_WE16,GLIDER_TRACK,2023-01-27T05:57:05Z,41.0775,-70.613,,,,
WHOI,WHOI_MA-RI_202210_WE16,GLIDER_TRACK,2023-01-27T06:12:05Z,41.0763,-70.6111,,,,
WHOI,WHOI_MA-RI_202210_WE16,GLIDER_TRACK,2023-01-27T06:27:05Z,41.0746,-70.6088,,,,
WHOI,WHOI_MA-RI_202210_WE16,GLIDER_TRACK,2023-01-27T06:42:05Z,41.0726,-70.6062,,,,
WHOI,WHOI_MA-RI_202210_WE16,GLIDER_TRACK,2023-01-27T06:57:05Z,41.0706,-70.6036,,,,
WHOI,WHOI_MA-RI_202210_WE16,GLIDER_TRACK,2023-01-27T07:12:05Z,41.068600000000004,-70.601,,,,
WHOI,WHOI_MA-RI_202210_WE16,GLIDER_TRACK,2023-01-27T07:14:12Z,41.068600000000004,-70.601,,,,
WHOI,WHOI_MA-RI_202210_WE16,GLIDER_TRACK,2023-01-27T07:42:05Z,41.0672,-70.5937,,,,
WHOI,WHOI_MA-RI_202210_WE16,GLIDER_TRACK,2023-01-27T07:57:05Z,41.0653,-70.5921,,,,
WHOI,WHOI_MA-RI_202210_WE16,GLIDER_TRACK,2023-01-27T08:12:05Z,41.0639,-70.5915,,,,
WHOI,WHOI_MA-RI_202210_WE16,GLIDER_TRACK,2023-01-27T08:27:05Z,41.0617,-70.5908,,,,
WHOI,WHOI_MA-RI_202210_WE16,GLIDER_TRACK,2023-01-27T08:42:05Z,41.0595,-70.5902,,,,
WHOI,WHOI_MA-RI_202210_WE16,GLIDER_TRACK,2023-01-27T08:57:05Z,41.0574,-70.5895,,,,
WHOI,WHOI_MA-RI_202210_WE16,GLIDER_TRACK,2023-01-27T09:12:05Z,41.0556,-70.5897,,,,
WHOI,WHOI_MA-RI_202210_WE16,GLIDER_TRACK,2023-01-27T09:27:05Z,41.0531,-70.59,,,,
WHOI,WHOI_MA-RI_202210_WE16,GLIDER_TRACK,2023-01-27T09:34:57Z,41.0517,-70.5894,,,,
WHOI,WHOI_MA-RI_202210_WE16,GLIDER_TRACK,2023-01-27T10:12:05Z,41.0477,-70.59,,,,
WHOI,WHOI_MA-RI_202210_WE16,GLIDER_TRACK,2023-01-27T10:27:05Z,41.0455,-70.5921,,,,
WHOI,WHOI_MA-RI_202210_WE16,GLIDER_TRACK,2023-01-27T10:42:05Z,41.0434,-70.5943,,,,
WHOI,WHOI_MA-RI_202210_WE16,GLIDER_TRACK,2023-01-27T10:57:05Z,41.0413,-70.5965,,,,
WHOI,WHOI_MA-RI_202210_WE16,GLIDER_TRACK,2023-01-27T11:12:05Z,41.0392,-70.5986,,,,
WHOI,WHOI_MA-RI_202210_WE16,GLIDER_TRACK,2023-01-27T11:27:05Z,41.0371,-70.6008,,,,
WHOI,WHOI_MA-RI_202210_WE16,GLIDER_TRACK,2023-01-27T11:42:05Z,41.0349,-70.603,,,,
WHOI,WHOI_MA-RI_202210_WE16,GLIDER_TRACK,2023-01-27T11:55:55Z,41.0333,-70.6046,,,,
WHOI,WHOI_MA-RI_202210_WE16,GLIDER_TRACK,2023-01-27T12:42:05Z,41.0278,-70.609,,,,
WHOI,WHOI_MA-RI_202210_WE16,GLIDER_TRACK,2023-01-27T12:57:05Z,41.0262,-70.6117,,,,
WHOI,WHOI_MA-RI_202210_WE16,GLIDER_TRACK,2023-01-27T13:12:05Z,41.0245,-70.6145,,,,
WHOI,WHOI_MA-RI_202210_WE16,GLIDER_TRACK,2023-01-27T13:27:05Z,41.0229,-70.6172,,,,
WHOI,WHOI_MA-RI_202210_WE16,GLIDER_TRACK,2023-01-27T13:42:05Z,41.0212,-70.6199,,,,
WHOI,WHOI_MA-RI_202210_WE16,GLIDER_TRACK,2023-01-27T13:57:05Z,41.0195,-70.6227,,,,
WHOI,WHOI_MA-RI_202210_WE16,GLIDER_TRACK,2023-01-27T14:12:05Z,41.0179,-70.6254,,,,
WHOI,WHOI_MA-RI_202210_WE16,GLIDER_TRACK,2023-01-27T14:27:05Z,41.0164,-70.6278,,,,
WHOI,WHOI_MA-RI_202210_WE16,GLIDER_TRACK,2023-01-27T14:27:19Z,41.0164,-70.6278,,,,
WHOI,WHOI_MA-RI_202210_WE16,GLIDER_TRACK,2023-01-27T15:12:05Z,41.0148,-70.6283,,,,
WHOI,WHOI_MA-RI_202210_WE16,GLIDER_TRACK,2023-01-27T15:27:05Z,41.0136,-70.6273,,,,
WHOI,WHOI_MA-RI_202210_WE16,GLIDER_TRACK,2023-01-27T15:42:05Z,41.0123,-70.6263,,,,
WHOI,WHOI_MA-RI_202210_WE16,GLIDER_TRACK,2023-01-27T15:57:05Z,41.0111,-70.6253,,,,
WHOI,WHOI_MA-RI_202210_WE16,GLIDER_TRACK,2023-01-27T16:12:05Z,41.0098,-70.6244,,,,
WHOI,WHOI_MA-RI_202210_WE16,GLIDER_TRACK,2023-01-27T16:27:05Z,41.0086,-70.6234,,,,
WHOI,WHOI_MA-RI_202210_WE16,GLIDER_TRACK,2023-01-27T16:42:05Z,41.0074,-70.6224,,,,
WHOI,WHOI_MA-RI_202210_WE16,GLIDER_TRACK,2023-01-27T16:57:05Z,41.006100000000004,-70.6214,,,,
WHOI,WHOI_MA-RI_202210_WE16,GLIDER_TRACK,2023-01-27T17:01:38Z,41.006100000000004,-70.6214,,,,
WHOI,WHOI_MA-RI_202210_WE16,GLIDER_TRACK,2023-01-27T17:42:05Z,41.0057,-70.6172,,,,
WHOI,WHOI_MA-RI_202210_WE16,GLIDER_TRACK,2023-01-27T17:57:05Z,41.0039,-70.6164,,,,
WHOI,WHOI_MA-RI_202210_WE16,GLIDER_TRACK,2023-01-27T18:12:05Z,41.0021,-70.6155,,,,
WHOI,WHOI_MA-RI_202210_WE16,GLIDER_TRACK,2023-01-27T18:27:05Z,41.0004,-70.6147,,,,
WHOI,WHOI_MA-RI_202210_WE16,GLIDER_TRACK,2023-01-27T18:42:05Z,40.9986,-70.6138,,,,
WHOI,WHOI_MA-RI_202210_WE16,GLIDER_TRACK,2023-01-27T18:57:05Z,40.9968,-70.6129,,,,
WHOI,WHOI_MA-RI_202210_WE16,GLIDER_TRACK,2023-01-27T19:12:05Z,40.9951,-70.6121,,,,
WHOI,WHOI_MA-RI_202210_WE16,GLIDER_TRACK,2023-01-27T19:27:05Z,40.9933,-70.6112,,,,
WHOI,WHOI_MA-RI_202210_WE16,GLIDER_TRACK,2023-01-27T19:38:09Z,40.9923,-70.6106,,,,
WHOI,WHOI_MA-RI_202210_WE16,GLIDER_TRACK,2023-01-27T20:12:05Z,40.9908,-70.6081,,,,
WHOI,WHOI_MA-RI_202210_WE16,GLIDER_TRACK,2023-01-27T21:12:05Z,40.9863,-70.6139,,,,
WHOI,WHOI_MA-RI_202210_WE16,GLIDER_TRACK,2023-01-27T22:03:16Z,40.9829,-70.6183,,,,
WHOI,WHOI_MA-RI_202210_WE16,GLIDER_TRACK,2023-01-27T22:27:05Z,40.9809,-70.618,,,,
WHOI,WHOI_MA-RI_202210_WE16,GLIDER_TRACK,2023-01-27T22:42:05Z,40.9805,-70.6214,,,,
WHOI,WHOI_MA-RI_202210_WE16,GLIDER_TRACK,2023-01-27T23:12:05Z,40.9798,-70.6283,,,,
WHOI,WHOI_MA-RI_202210_WE16,GLIDER_TRACK,2023-01-27T23:27:05Z,40.9794,-70.6317,,,,
WHOI,WHOI_MA-RI_202210_WE16,GLIDER_TRACK,2023-01-28T00:12:05Z,40.9783,-70.6419,,,,
WHOI,WHOI_MA-RI_202210_WE16,GLIDER_TRACK,2023-01-28T00:27:05Z,40.9779,-70.645,,,,
WHOI,WHOI_MA-RI_202210_WE16,GLIDER_TRACK,2023-01-28T01:12:05Z,40.979,-70.6468,,,,
WHOI,WHOI_MA-RI_202210_WE16,GLIDER_TRACK,2023-01-28T01:27:05Z,40.9799,-70.6474,,,,
WHOI,WHOI_MA-RI_202210_WE16,GLIDER_TRACK,2023-01-28T02:12:05Z,40.9823,-70.6491,,,,
WHOI,WHOI_MA-RI_202210_WE16,GLIDER_TRACK,2023-01-28T02:27:05Z,40.9831,-70.6496,,,,
WHOI,WHOI_MA-RI_202210_WE16,GLIDER_TRACK,2023-01-28T02:42:05Z,40.9838,-70.6501,,,,
WHOI,WHOI_MA-RI_202210_WE16,GLIDER_TRACK,2023-01-28T03:12:05Z,40.985,-70.6524,,,,
WHOI,WHOI_MA-RI_202210_WE16,GLIDER_TRACK,2023-01-28T03:27:05Z,40.986,-70.6514,,,,
WHOI,WHOI_MA-RI_202210_WE16,GLIDER_TRACK,2023-01-28T03:42:05Z,40.9869,-70.6503,,,,
WHOI,WHOI_MA-RI_202210_WE16,GLIDER_TRACK,2023-01-28T04:12:05Z,40.9889,-70.648,,,,
WHOI,WHOI_MA-RI_202210_WE16,GLIDER_TRACK,2023-01-28T04:27:05Z,40.9899,-70.6469,,,,
WHOI,WHOI_MA-RI_202210_WE16,GLIDER_TRACK,2023-01-28T04:42:05Z,40.9908,-70.6458,,,,
WHOI,WHOI_MA-RI_202210_WE16,GLIDER_TRACK,2023-01-28T05:10:37Z,40.9926,-70.6437,,,,
WHOI,WHOI_MA-RI_202210_WE16,GLIDER_TRACK,2023-01-28T05:42:05Z,40.9936,-70.6416,,,,
WHOI,WHOI_MA-RI_202210_WE16,GLIDER_TRACK,2023-01-28T05:57:05Z,40.9933,-70.6386,,,,
WHOI,WHOI_MA-RI_202210_WE16,GLIDER_TRACK,2023-01-28T06:12:05Z,40.9931,-70.6357,,,,
WHOI,WHOI_MA-RI_202210_WE16,GLIDER_TRACK,2023-01-28T06:27:05Z,40.9928,-70.6327,,,,
WHOI,WHOI_MA-RI_202210_WE16,GLIDER_TRACK,2023-01-28T06:42:05Z,40.9925,-70.6298,,,,
WHOI,WHOI_MA-RI_202210_WE16,GLIDER_TRACK,2023-01-28T07:12:05Z,40.9919,-70.6239,,,,
WHOI,WHOI_MA-RI_202210_WE16,GLIDER_TRACK,2023-01-28T07:27:05Z,40.9916,-70.6209,,,,
WHOI,WHOI_MA-RI_202210_WE16,GLIDER_TRACK,2023-01-28T08:12:05Z,40.9906,-70.6141,,,,
WHOI,WHOI_MA-RI_202210_WE16,GLIDER_TRACK,2023-01-28T08:27:05Z,40.989,-70.6114,,,,
WHOI,WHOI_MA-RI_202210_WE16,GLIDER_TRACK,2023-01-28T08:42:05Z,40.9874,-70.6087,,,,
WHOI,WHOI_MA-RI_202210_WE16,GLIDER_TRACK,2023-01-28T08:57:05Z,40.9858,-70.606,,,,
WHOI,WHOI_MA-RI_202210_WE16,GLIDER_TRACK,2023-01-28T09:12:05Z,40.9842,-70.6033,,,,
WHOI,WHOI_MA-RI_202210_WE16,GLIDER_TRACK,2023-01-28T09:27:05Z,40.9826,-70.6006,,,,
WHOI,WHOI_MA-RI_202210_WE16,GLIDER_TRACK,2023-01-28T09:42:05Z,40.981,-70.5979,,,,
WHOI,WHOI_MA-RI_202210_WE16,GLIDER_TRACK,2023-01-28T10:03:40Z,40.9786,-70.5942,,,,
WHOI,WHOI_MA-RI_202210_WE16,GLIDER_TRACK,2023-01-28T10:27:05Z,40.9788,-70.5946,,,,
WHOI,WHOI_MA-RI_202210_WE16,GLIDER_TRACK,2023-01-28T10:42:05Z,40.9797,-70.5956,,,,
WHOI,WHOI_MA-RI_202210_WE16,GLIDER_TRACK,2023-01-28T11:12:05Z,40.9813,-70.5976,,,,
WHOI,WHOI_MA-RI_202210_WE16,GLIDER_TRACK,2023-01-28T11:27:05Z,40.9822,-70.5986,,,,
WHOI,WHOI_MA-RI_202210_WE16,GLIDER_TRACK,2023-01-28T12:12:05Z,40.9847,-70.6017,,,,
WHOI,WHOI_MA-RI_202210_WE16,GLIDER_TRACK,2023-01-28T12:17:09Z,40.9847,-70.6017,,,,
WHOI,WHOI_MA-RI_202210_WE16,GLIDER_TRACK,2023-01-28T12:57:05Z,40.9848,-70.604,,,,
WHOI,WHOI_MA-RI_202210_WE16,GLIDER_TRACK,2023-01-28T13:12:05Z,40.986,-70.6055,,,,
WHOI,WHOI_MA-RI_202210_WE16,GLIDER_TRACK,2023-01-28T13:27:05Z,40.9871,-70.607,,,,
WHOI,WHOI_MA-RI_202210_WE16,GLIDER_TRACK,2023-01-28T13:42:05Z,40.9883,-70.6085,,,,
WHOI,WHOI_MA-RI_202210_WE16,GLIDER_TRACK,2023-01-28T14:12:05Z,40.9906,-70.6115,,,,
WHOI,WHOI_MA-RI_202210_WE16,GLIDER_TRACK,2023-01-28T14:27:05Z,40.9917,-70.613,,,,
WHOI,WHOI_MA-RI_202210_WE16,GLIDER_TRACK,2023-01-28T14:42:05Z,40.9929,-70.6146,,,,
WHOI,WHOI_MA-RI_202210_WE16,GLIDER_TRACK,2023-01-28T15:27:05Z,40.996,-70.6163,,,,
WHOI,WHOI_MA-RI_202210_WE16,GLIDER_TRACK,2023-01-28T15:42:05Z,40.998,-70.6161,,,,
WHOI,WHOI_MA-RI_202210_WE16,GLIDER_TRACK,2023-01-28T15:57:05Z,40.9999,-70.6159,,,,
WHOI,WHOI_MA-RI_202210_WE16,GLIDER_TRACK,2023-01-28T16:12:05Z,41.0018,-70.6157,,,,
WHOI,WHOI_MA-RI_202210_WE16,GLIDER_TRACK,2023-01-28T16:27:05Z,41.0038,-70.6155,,,,
WHOI,WHOI_MA-RI_202210_WE16,GLIDER_TRACK,2023-01-28T16:42:05Z,41.0057,-70.6153,,,,
WHOI,WHOI_MA-RI_202210_WE16,GLIDER_TRACK,2023-01-28T17:12:02Z,41.0093,-70.6149,,,,
WHOI,WHOI_MA-RI_202210_WE16,GLIDER_TRACK,2023-01-28T17:27:05Z,41.011,-70.6136,,,,
WHOI,WHOI_MA-RI_202210_WE16,GLIDER_TRACK,2023-01-28T17:42:05Z,41.013,-70.6121,,,,
WHOI,WHOI_MA-RI_202210_WE16,GLIDER_TRACK,2023-01-28T17:57:05Z,41.015,-70.6107,,,,
WHOI,WHOI_MA-RI_202210_WE16,GLIDER_TRACK,2023-01-28T18:12:05Z,41.0171,-70.6093,,,,
WHOI,WHOI_MA-RI_202210_WE16,GLIDER_TRACK,2023-01-28T18:27:05Z,41.0191,-70.6079,,,,
WHOI,WHOI_MA-RI_202210_WE16,GLIDER_TRACK,2023-01-28T18:42:05Z,41.0211,-70.6065,,,,
WHOI,WHOI_MA-RI_202210_WE16,GLIDER_TRACK,2023-01-28T19:12:05Z,41.0252,-70.6037,,,,
WHOI,WHOI_MA-RI_202210_WE16,GLIDER_TRACK,2023-01-28T19:18:41Z,41.0258,-70.6024,,,,
WHOI,WHOI_MA-RI_202210_WE16,GLIDER_TRACK,2023-01-28T19:42:05Z,41.0274,-70.6007,,,,
WHOI,WHOI_MA-RI_202210_WE16,GLIDER_TRACK,2023-01-28T19:57:05Z,41.0292,-70.5995,,,,
WHOI,WHOI_MA-RI_202210_WE16,GLIDER_TRACK,2023-01-28T20:12:05Z,41.031,-70.5984,,,,
WHOI,WHOI_MA-RI_202210_WE16,GLIDER_TRACK,2023-01-28T20:27:05Z,41.0328,-70.5973,,,,
WHOI,WHOI_MA-RI_202210_WE16,GLIDER_TRACK,2023-01-28T20:42:05Z,41.0346,-70.5962,,,,
WHOI,WHOI_MA-RI_202210_WE16,GLIDER_TRACK,2023-01-28T20:57:05Z,41.0364,-70.595,,,,
WHOI,WHOI_MA-RI_202210_WE16,GLIDER_TRACK,2023-01-28T21:12:05Z,41.0382,-70.5939,,,,
WHOI,WHOI_MA-RI_202210_WE16,GLIDER_TRACK,2023-01-28T21:25:41Z,41.0396,-70.593,,,,
WHOI,WHOI_MA-RI_202210_WE16,GLIDER_TRACK,2023-01-28T22:12:05Z,41.0393,-70.5896,,,,
WHOI,WHOI_MA-RI_202210_WE16,GLIDER_TRACK,2023-01-28T22:27:05Z,41.0402,-70.591,,,,
WHOI,WHOI_MA-RI_202210_WE16,GLIDER_TRACK,2023-01-28T22:42:05Z,41.0411,-70.5925,,,,
WHOI,WHOI_MA-RI_202210_WE16,GLIDER_TRACK,2023-01-28T23:12:05Z,41.0429,-70.5953,,,,
WHOI,WHOI_MA-RI_202210_WE16,GLIDER_TRACK,2023-01-28T23:27:05Z,41.0439,-70.5967,,,,
WHOI,WHOI_MA-RI_202210_WE16,GLIDER_TRACK,2023-01-28T23:42:05Z,41.0448,-70.5981,,,,
WHOI,WHOI_MA-RI_202210_WE16,GLIDER_TRACK,2023-01-28T23:58:39Z,41.0456,-70.5995,,,,
WHOI,WHOI_MA-RI_202210_WE16,GLIDER_TRACK,2023-01-29T00:27:05Z,41.0451,-70.6012,,,,
WHOI,WHOI_MA-RI_202210_WE16,GLIDER_TRACK,2023-01-29T00:42:05Z,41.0463,-70.6031,,,,
WHOI,WHOI_MA-RI_202210_WE16,GLIDER_TRACK,2023-01-29T00:57:05Z,41.0474,-70.605,,,,
WHOI,WHOI_MA-RI_202210_WE16,GLIDER_TRACK,2023-01-29T01:12:05Z,41.0486,-70.6069,,,,
WHOI,WHOI_MA-RI_202210_WE16,GLIDER_TRACK,2023-01-29T01:27:05Z,41.0497,-70.6088,,,,
WHOI,WHOI_MA-RI_202210_WE16,GLIDER_TRACK,2023-01-29T01:42:05Z,41.0509,-70.6107,,,,
WHOI,WHOI_MA-RI_202210_WE16,GLIDER_TRACK,2023-01-29T01:57:05Z,41.052,-70.6126,,,,
WHOI,WHOI_MA-RI_202210_WE16,GLIDER_TRACK,2023-01-29T02:12:05Z,41.0532,-70.6145,,,,
WHOI,WHOI_MA-RI_202210_WE16,GLIDER_TRACK,2023-01-29T02:22:06Z,41.0537,-70.6157,,,,
WHOI,WHOI_MA-RI_202210_WE16,GLIDER_TRACK,2023-01-29T02:57:05Z,41.0552,-70.6194,,,,
WHOI,WHOI_MA-RI_202210_WE16,GLIDER_TRACK,2023-01-29T03:12:05Z,41.0569,-70.6206,,,,
WHOI,WHOI_MA-RI_202210_WE16,GLIDER_TRACK,2023-01-29T03:27:05Z,41.0586,-70.6219,,,,
WHOI,WHOI_MA-RI_202210_WE16,GLIDER_TRACK,2023-01-29T03:42:05Z,41.0603,-70.6231,,,,
WHOI,WHOI_MA-RI_202210_WE16,GLIDER_TRACK,2023-01-29T03:57:05Z,41.062,-70.6244,,,,
WHOI,WHOI_MA-RI_202210_WE16,GLIDER_TRACK,2023-01-29T04:12:05Z,41.0637,-70.6256,,,,
WHOI,WHOI_MA-RI_202210_WE16,GLIDER_TRACK,2023-01-29T04:27:05Z,41.0654,-70.6268,,,,
WHOI,WHOI_MA-RI_202210_WE16,GLIDER_TRACK,2023-01-29T04:42:05Z,41.0671,-70.6281,,,,
WHOI,WHOI_MA-RI_202210_WE16,GLIDER_TRACK,2023-01-29T04:45:17Z,41.0671,-70.6281,,,,
WHOI,WHOI_MA-RI_202210_WE16,GLIDER_TRACK,2023-01-29T05:12:05Z,41.0688,-70.6298,,,,
WHOI,WHOI_MA-RI_202210_WE16,GLIDER_TRACK,2023-01-29T05:27:05Z,41.0703,-70.6287,,,,
WHOI,WHOI_MA-RI_202210_WE16,GLIDER_TRACK,2023-01-29T05:42:05Z,41.0719,-70.6276,,,,
WHOI,WHOI_MA-RI_202210_WE16,GLIDER_TRACK,2023-01-29T05:57:05Z,41.0734,-70.6266,,,,
WHOI,WHOI_MA-RI_202210_WE16,GLIDER_TRACK,2023-01-29T06:12:05Z,41.075,-70.6255,,,,
WHOI,WHOI_MA-RI_202210_WE16,GLIDER_TRACK,2023-01-29T06:27:05Z,41.0766,-70.6244,,,,
WHOI,WHOI_MA-RI_202210_WE16,GLIDER_TRACK,2023-01-29T06:42:05Z,41.0781,-70.6233,,,,
WHOI,WHOI_MA-RI_202210_WE16,GLIDER_TRACK,2023-01-29T07:09:31Z,41.0808,-70.6215,,,,
WHOI,WHOI_MA-RI_202210_WE16,GLIDER_TRACK,2023-01-29T07:42:05Z,41.0829,-70.6202,,,,
WHOI,WHOI_MA-RI_202210_WE16,GLIDER_TRACK,2023-01-29T07:57:05Z,41.0842,-70.6182,,,,
WHOI,WHOI_MA-RI_202210_WE16,GLIDER_TRACK,2023-01-29T08:12:05Z,41.0856,-70.6161,,,,
WHOI,WHOI_MA-RI_202210_WE16,GLIDER_TRACK,2023-01-29T08:27:05Z,41.0869,-70.6141,,,,
WHOI,WHOI_MA-RI_202210_WE16,GLIDER_TRACK,2023-01-29T08:42:05Z,41.0883,-70.6121,,,,
WHOI,WHOI_MA-RI_202210_WE16,GLIDER_TRACK,2023-01-29T08:57:05Z,41.0896,-70.6101,,,,
WHOI,WHOI_MA-RI_202210_WE16,GLIDER_TRACK,2023-01-29T09:12:05Z,41.0909,-70.6081,,,,
WHOI,WHOI_MA-RI_202210_WE16,GLIDER_TRACK,2023-01-29T09:27:05Z,41.0923,-70.6061,,,,
WHOI,WHOI_MA-RI_202210_WE16,GLIDER_TRACK,2023-01-29T09:37:23Z,41.093,-70.605,,,,
WHOI,WHOI_MA-RI_202210_WE16,GLIDER_TRACK,2023-01-29T10:12:05Z,41.0941,-70.605,,,,
WHOI,WHOI_MA-RI_202210_WE16,GLIDER_TRACK,2023-01-29T10:27:05Z,41.0953,-70.6055,,,,
WHOI,WHOI_MA-RI_202210_WE16,GLIDER_TRACK,2023-01-29T10:42:05Z,41.0964,-70.6059,,,,
WHOI,WHOI_MA-RI_202210_WE16,GLIDER_TRACK,2023-01-29T11:12:05Z,41.0987,-70.6068,,,,
WHOI,WHOI_MA-RI_202210_WE16,GLIDER_TRACK,2023-01-29T11:27:05Z,41.0998,-70.6073,,,,
WHOI,WHOI_MA-RI_202210_WE16,GLIDER_TRACK,2023-01-29T11:42:05Z,41.101,-70.6077,,,,
WHOI,WHOI_MA-RI_202210_WE16,GLIDER_TRACK,2023-01-29T12:03:24Z,41.1021,-70.6082,,,,
WHOI,WHOI_MA-RI_202210_WE16,GLIDER_TRACK,2023-01-29T12:42:05Z,41.1035,-70.6126,,,,
WHOI,WHOI_MA-RI_202210_WE16,GLIDER_TRACK,2023-01-29T12:57:05Z,41.1046,-70.6141,,,,
WHOI,WHOI_MA-RI_202210_WE16,GLIDER_TRACK,2023-01-29T13:12:05Z,41.1056,-70.6155,,,,
WHOI,WHOI_MA-RI_202210_WE16,GLIDER_TRACK,2023-01-29T13:27:05Z,41.1066,-70.617,,,,
WHOI,WHOI_MA-RI_202210_WE16,GLIDER_TRACK,2023-01-29T13:42:05Z,41.1077,-70.6185,,,,
WHOI,WHOI_MA-RI_202210_WE16,GLIDER_TRACK,2023-01-29T13:57:05Z,41.1087,-70.6199,,,,
WHOI,WHOI_MA-RI_202210_WE16,GLIDER_TRACK,2023-01-29T14:12:05Z,41.1097,-70.6214,,,,
WHOI,WHOI_MA-RI_202210_WE16,GLIDER_TRACK,2023-01-29T14:24:33Z,41.1104,-70.6224,,,,
WHOI,WHOI_MA-RI_202210_WE16,GLIDER_TRACK,2023-01-29T14:42:05Z,41.1111,-70.6249,,,,
WHOI,WHOI_MA-RI_202210_WE16,GLIDER_TRACK,2023-01-29T14:57:05Z,41.1123,-70.6257,,,,
WHOI,WHOI_MA-RI_202210_WE16,GLIDER_TRACK,2023-01-29T15:12:05Z,41.1135,-70.6266,,,,
WHOI,WHOI_MA-RI_202210_WE16,GLIDER_TRACK,2023-01-29T15:27:05Z,41.1147,-70.6274,,,,
WHOI,WHOI_MA-RI_202210_WE16,GLIDER_TRACK,2023-01-29T15:42:05Z,41.1159,-70.6282,,,,
WHOI,WHOI_MA-RI_202210_WE16,GLIDER_TRACK,2023-01-29T15:57:05Z,41.1171,-70.629,,,,
WHOI,WHOI_MA-RI_202210_WE16,GLIDER_TRACK,2023-01-29T16:12:05Z,41.1183,-70.6299,,,,
WHOI,WHOI_MA-RI_202210_WE16,GLIDER_TRACK,2023-01-29T16:27:05Z,41.1195,-70.6307,,,,
WHOI,WHOI_MA-RI_202210_WE16,GLIDER_TRACK,2023-01-29T16:31:16Z,41.1195,-70.6307,,,,
WHOI,WHOI_MA-RI_202210_WE16,GLIDER_TRACK,2023-01-29T17:12:05Z,41.1236,-70.6343,,,,
WHOI,WHOI_MA-RI_202210_WE16,GLIDER_TRACK,2023-01-29T17:27:05Z,41.125,-70.6332,,,,
WHOI,WHOI_MA-RI_202210_WE16,GLIDER_TRACK,2023-01-29T17:42:05Z,41.1264,-70.6321,,,,
WHOI,WHOI_MA-RI_202210_WE16,GLIDER_TRACK,2023-01-29T17:57:05Z,41.1278,-70.6311,,,,
WHOI,WHOI_MA-RI_202210_WE16,GLIDER_TRACK,2023-01-29T18:12:05Z,41.1292,-70.63,,,,
WHOI,WHOI_MA-RI_202210_WE16,GLIDER_TRACK,2023-01-29T18:27:05Z,41.1306,-70.629,,,,
WHOI,WHOI_MA-RI_202210_WE16,GLIDER_TRACK,2023-01-29T18:42:05Z,41.1319,-70.6279,,,,
WHOI,WHOI_MA-RI_202210_WE16,GLIDER_TRACK,2023-01-29T18:56:33Z,41.1331,-70.6271,,,,
WHOI,WHOI_MA-RI_202210_WE16,GLIDER_TRACK,2023-01-29T19:27:05Z,41.1359,-70.6253,,,,
WHOI,WHOI_MA-RI_202210_WE16,GLIDER_TRACK,2023-01-29T19:42:05Z,41.1368,-70.6221,,,,
WHOI,WHOI_MA-RI_202210_WE16,GLIDER_TRACK,2023-01-29T19:57:05Z,41.1377,-70.6189,,,,
WHOI,WHOI_MA-RI_202210_WE16,GLIDER_TRACK,2023-01-29T20:12:05Z,41.1386,-70.6158,,,,
WHOI,WHOI_MA-RI_202210_WE16,GLIDER_TRACK,2023-01-29T20:27:05Z,41.1395,-70.6126,,,,
WHOI,WHOI_MA-RI_202210_WE16,GLIDER_TRACK,2023-01-29T20:42:05Z,41.1403,-70.6094,,,,
WHOI,WHOI_MA-RI_202210_WE16,GLIDER_TRACK,2023-01-29T20:57:05Z,41.1412,-70.6063,,,,
WHOI,WHOI_MA-RI_202210_WE16,GLIDER_TRACK,2023-01-29T21:12:05Z,41.1421,-70.6031,,,,
WHOI,WHOI_MA-RI_202210_WE16,GLIDER_TRACK,2023-01-29T21:18:51Z,41.143,-70.6016,,,,
WHOI,WHOI_MA-RI_202210_WE16,GLIDER_TRACK,2023-01-29T21:57:05Z,41.1452,-70.5972,,,,
WHOI,WHOI_MA-RI_202210_WE16,GLIDER_TRACK,2023-01-29T22:12:05Z,41.146,-70.5947,,,,
WHOI,WHOI_MA-RI_202210_WE16,GLIDER_TRACK,2023-01-29T22:27:05Z,41.1468,-70.5921,,,,
WHOI,WHOI_MA-RI_202210_WE16,GLIDER_TRACK,2023-01-29T22:42:05Z,41.1476,-70.5896,,,,
WHOI,WHOI_MA-RI_202210_WE16,GLIDER_TRACK,2023-01-29T23:12:05Z,41.1492,-70.5846,,,,
WHOI,WHOI_MA-RI_202210_WE16,GLIDER_TRACK,2023-01-29T23:27:05Z,41.15,-70.582,,,,
WHOI,WHOI_MA-RI_202210_WE16,GLIDER_TRACK,2023-01-29T23:40:46Z,41.1506,-70.5801,,,,
WHOI,WHOI_MA-RI_202210_WE16,GLIDER_TRACK,2023-01-30T00:12:05Z,41.151,-70.5782,,,,
WHOI,WHOI_MA-RI_202210_WE16,GLIDER_TRACK,2023-01-30T00:27:05Z,41.1513,-70.5768,,,,
WHOI,WHOI_MA-RI_202210_WE16,GLIDER_TRACK,2023-01-30T00:42:05Z,41.1516,-70.5754,,,,
WHOI,WHOI_MA-RI_202210_WE16,GLIDER_TRACK,2023-01-30T00:57:05Z,41.1519,-70.574,,,,
WHOI,WHOI_MA-RI_202210_WE16,GLIDER_TRACK,2023-01-30T01:12:05Z,41.1522,-70.5725,,,,
WHOI,WHOI_MA-RI_202210_WE16,GLIDER_TRACK,2023-01-30T01:27:05Z,41.1524,-70.5711,,,,
WHOI,WHOI_MA-RI_202210_WE16,GLIDER_TRACK,2023-01-30T01:42:05Z,41.1527,-70.5697,,,,
WHOI,WHOI_MA-RI_202210_WE16,GLIDER_TRACK,2023-01-30T01:57:05Z,41.153,-70.5683,,,,
WHOI,WHOI_MA-RI_202210_WE16,GLIDER_TRACK,2023-01-30T02:01:38Z,41.153,-70.5683,,,,
WHOI,WHOI_MA-RI_202210_WE16,GLIDER_TRACK,2023-01-30T02:42:05Z,41.1536,-70.5677,,,,
WHOI,WHOI_MA-RI_202210_WE16,GLIDER_TRACK,2023-01-30T02:57:05Z,41.1543,-70.5671,,,,
WHOI,WHOI_MA-RI_202210_WE16,GLIDER_TRACK,2023-01-30T03:12:05Z,41.1549,-70.5665,,,,
WHOI,WHOI_MA-RI_202210_WE16,GLIDER_TRACK,2023-01-30T03:27:05Z,41.1555,-70.5659,,,,
WHOI,WHOI_MA-RI_202210_WE16,GLIDER_TRACK,2023-01-30T03:42:05Z,41.1562,-70.5653,,,,
WHOI,WHOI_MA-RI_202210_WE16,GLIDER_TRACK,2023-01-30T04:12:05Z,41.1574,-70.5641,,,,
WHOI,WHOI_MA-RI_202210_WE16,GLIDER_TRACK,2023-01-30T04:26:31Z,41.1579,-70.5636,,,,
WHOI,WHOI_MA-RI_202210_WE16,GLIDER_TRACK,2023-01-30T05:12:05Z,41.1597,-70.5602,,,,
WHOI,WHOI_MA-RI_202210_WE16,GLIDER_TRACK,2023-01-30T05:27:05Z,41.1603,-70.5581,,,,
WHOI,WHOI_MA-RI_202210_WE16,GLIDER_TRACK,2023-01-30T05:42:05Z,41.1609,-70.5559,,,,
WHOI,WHOI_MA-RI_202210_WE16,GLIDER_TRACK,2023-01-30T06:12:05Z,41.1622,-70.5516,,,,
WHOI,WHOI_MA-RI_202210_WE16,GLIDER_TRACK,2023-01-30T06:27:05Z,41.1628,-70.5494,,,,
WHOI,WHOI_MA-RI_202210_WE16,GLIDER_TRACK,2023-01-30T06:42:05Z,41.1634,-70.5473,,,,
WHOI,WHOI_MA-RI_202210_WE16,GLIDER_TRACK,2023-01-30T07:12:05Z,41.1636,-70.544,,,,
WHOI,WHOI_MA-RI_202210_WE16,GLIDER_TRACK,2023-01-30T07:27:05Z,41.1621,-70.5419,,,,
WHOI,WHOI_MA-RI_202210_WE16,GLIDER_TRACK,2023-01-30T07:42:05Z,41.1605,-70.5397,,,,
WHOI,WHOI_MA-RI_202210_WE16,GLIDER_TRACK,2023-01-30T07:57:05Z,41.159,-70.5375,,,,
WHOI,WHOI_MA-RI_202210_WE16,GLIDER_TRACK,2023-01-30T08:12:05Z,41.1575,-70.5353,,,,
WHOI,WHOI_MA-RI_202210_WE16,GLIDER_TRACK,2023-01-30T08:27:05Z,41.156,-70.5331,,,,
WHOI,WHOI_MA-RI_202210_WE16,GLIDER_TRACK,2023-01-30T08:42:05Z,41.1544,-70.531,,,,
WHOI,WHOI_MA-RI_202210_WE16,GLIDER_TRACK,2023-01-30T09:08:49Z,41.1519,-70.5272,,,,
WHOI,WHOI_MA-RI_202210_WE16,GLIDER_TRACK,2023-01-30T09:42:05Z,41.151,-70.5216,,,,
WHOI,WHOI_MA-RI_202210_WE16,GLIDER_TRACK,2023-01-30T09:57:05Z,41.149,-70.521,,,,
WHOI,WHOI_MA-RI_202210_WE16,GLIDER_TRACK,2023-01-30T10:12:05Z,41.1471,-70.5204,,,,
WHOI,WHOI_MA-RI_202210_WE16,GLIDER_TRACK,2023-01-30T10:27:05Z,41.1451,-70.5198,,,,
WHOI,WHOI_MA-RI_202210_WE16,GLIDER_TRACK,2023-01-30T10:42:05Z,41.1431,-70.5192,,,,
WHOI,WHOI_MA-RI_202210_WE16,GLIDER_TRACK,2023-01-30T11:12:05Z,41.1391,-70.5181,,,,
WHOI,WHOI_MA-RI_202210_WE16,GLIDER_TRACK,2023-01-30T11:27:05Z,41.1371,-70.5175,,,,
WHOI,WHOI_MA-RI_202210_WE16,GLIDER_TRACK,2023-01-30T11:34:45Z,41.1362,-70.5168,,,,
WHOI,WHOI_MA-RI_202210_WE16,GLIDER_TRACK,2023-01-30T12:12:05Z,41.1327,-70.5171,,,,
WHOI,WHOI_MA-RI_202210_WE16,GLIDER_TRACK,2023-01-30T12:27:05Z,41.1304,-70.5195,,,,
WHOI,WHOI_MA-RI_202210_WE16,GLIDER_TRACK,2023-01-30T12:42:05Z,41.128,-70.5218,,,,
WHOI,WHOI_MA-RI_202210_WE16,GLIDER_TRACK,2023-01-30T13:12:05Z,41.1233,-70.5266,,,,
WHOI,WHOI_MA-RI_202210_WE16,GLIDER_TRACK,2023-01-30T13:27:05Z,41.1209,-70.5289,,,,
WHOI,WHOI_MA-RI_202210_WE16,GLIDER_TRACK,2023-01-30T13:42:05Z,41.1186,-70.5313,,,,
WHOI,WHOI_MA-RI_202210_WE16,GLIDER_TRACK,2023-01-30T13:57:05Z,41.1165,-70.5334,,,,
WHOI,WHOI_MA-RI_202210_WE16,GLIDER_TRACK,2023-01-30T14:42:05Z,41.1121,-70.5372,,,,
WHOI,WHOI_MA-RI_202210_WE16,GLIDER_TRACK,2023-01-30T14:57:05Z,41.1096,-70.5388,,,,
WHOI,WHOI_MA-RI_202210_WE16,GLIDER_TRACK,2023-01-30T15:12:05Z,41.1071,-70.5405,,,,
WHOI,WHOI_MA-RI_202210_WE16,GLIDER_TRACK,2023-01-30T15:27:05Z,41.1047,-70.5422,,,,
WHOI,WHOI_MA-RI_202210_WE16,GLIDER_TRACK,2023-01-30T15:42:05Z,41.1022,-70.5438,,,,
WHOI,WHOI_MA-RI_202210_WE16,GLIDER_TRACK,2023-01-30T15:57:05Z,41.0997,-70.5455,,,,
WHOI,WHOI_MA-RI_202210_WE16,GLIDER_TRACK,2023-01-30T16:12:05Z,41.0973,-70.5472,,,,
WHOI,WHOI_MA-RI_202210_WE16,GLIDER_TRACK,2023-01-30T16:26:25Z,41.0953,-70.5485,,,,
WHOI,WHOI_MA-RI_202210_WE16,GLIDER_TRACK,2023-01-30T17:12:05Z,41.0941,-70.553,,,,
WHOI,WHOI_MA-RI_202210_WE16,GLIDER_TRACK,2023-01-30T17:27:05Z,41.0933,-70.5535,,,,
WHOI,WHOI_MA-RI_202210_WE16,GLIDER_TRACK,2023-01-30T17:42:05Z,41.0925,-70.5539,,,,
WHOI,WHOI_MA-RI_202210_WE16,GLIDER_TRACK,2023-01-30T17:57:05Z,41.0918,-70.5543,,,,
WHOI,WHOI_MA-RI_202210_WE16,GLIDER_TRACK,2023-01-30T18:12:05Z,41.091,-70.5548,,,,
WHOI,WHOI_MA-RI_202210_WE16,GLIDER_TRACK,2023-01-30T18:27:05Z,41.0903,-70.5552,,,,
WHOI,WHOI_MA-RI_202210_WE16,GLIDER_TRACK,2023-01-30T18:42:05Z,41.0895,-70.5556,,,,
WHOI,WHOI_MA-RI_202210_WE16,GLIDER_TRACK,2023-01-30T19:27:05Z,41.0894,-70.5582,,,,
WHOI,WHOI_MA-RI_202210_WE16,GLIDER_TRACK,2023-01-30T19:42:05Z,41.0889,-70.5604,,,,
WHOI,WHOI_MA-RI_202210_WE16,GLIDER_TRACK,2023-01-30T19:57:05Z,41.0885,-70.5627,,,,
WHOI,WHOI_MA-RI_202210_WE16,GLIDER_TRACK,2023-01-30T20:12:05Z,41.088,-70.565,,,,
WHOI,WHOI_MA-RI_202210_WE16,GLIDER_TRACK,2023-01-30T20:27:05Z,41.0875,-70.5672,,,,
WHOI,WHOI_MA-RI_202210_WE16,GLIDER_TRACK,2023-01-30T20:42:05Z,41.087,-70.5695,,,,
WHOI,WHOI_MA-RI_202210_WE16,GLIDER_TRACK,2023-01-30T21:12:05Z,41.086,-70.574,,,,
WHOI,WHOI_MA-RI_202210_WE16,GLIDER_TRACK,2023-01-30T21:16:50Z,41.086,-70.574,,,,
WHOI,WHOI_MA-RI_202210_WE16,GLIDER_TRACK,2023-01-30T21:42:05Z,41.0873,-70.5739,,,,
WHOI,WHOI_MA-RI_202210_WE16,GLIDER_TRACK,2023-01-30T21:57:05Z,41.0873,-70.5757,,,,
WHOI,WHOI_MA-RI_202210_WE16,GLIDER_TRACK,2023-01-30T22:12:05Z,41.0873,-70.5776,,,,
WHOI,WHOI_MA-RI_202210_WE16,GLIDER_TRACK,2023-01-30T22:27:05Z,41.0873,-70.5794,,,,
WHOI,WHOI_MA-RI_202210_WE16,GLIDER_TRACK,2023-01-30T22:42:05Z,41.0873,-70.5812,,,,
WHOI,WHOI_MA-RI_202210_WE16,GLIDER_TRACK,2023-01-30T23:12:05Z,41.0873,-70.5849,,,,
WHOI,WHOI_MA-RI_202210_WE16,GLIDER_TRACK,2023-01-30T23:27:05Z,41.0873,-70.5867,,,,
WHOI,WHOI_MA-RI_202210_WE16,GLIDER_TRACK,2023-01-31T00:12:05Z,41.0877,-70.5892,,,,
WHOI,WHOI_MA-RI_202210_WE16,GLIDER_TRACK,2023-01-31T00:27:05Z,41.0875,-70.592,,,,
WHOI,WHOI_MA-RI_202210_WE16,GLIDER_TRACK,2023-01-31T00:42:05Z,41.0872,-70.5949,,,,
WHOI,WHOI_MA-RI_202210_WE16,GLIDER_TRACK,2023-01-31T01:12:05Z,41.0867,-70.6006,,,,
WHOI,WHOI_MA-RI_202210_WE16,GLIDER_TRACK,2023-01-31T01:27:05Z,41.0865,-70.6034,,,,
WHOI,WHOI_MA-RI_202210_WE16,GLIDER_TRACK,2023-01-31T01:42:05Z,41.0862,-70.6063,,,,
WHOI,WHOI_MA-RI_202210_WE16,GLIDER_TRACK,2023-01-31T02:00:24Z,41.086,-70.6091,,,,
WHOI,WHOI_MA-RI_202210_WE16,GLIDER_TRACK,2023-01-31T02:27:05Z,41.0865,-70.6113,,,,
WHOI,WHOI_MA-RI_202210_WE16,GLIDER_TRACK,2023-01-31T02:42:05Z,41.0871,-70.615,,,,
WHOI,WHOI_MA-RI_202210_WE16,GLIDER_TRACK,2023-01-31T02:57:05Z,41.0877,-70.6187,,,,
WHOI,WHOI_MA-RI_202210_WE16,GLIDER_TRACK,2023-01-31T03:12:05Z,41.0882,-70.6224,,,,
WHOI,WHOI_MA-RI_202210_WE16,GLIDER_TRACK,2023-01-31T03:27:05Z,41.0888,-70.6261,,,,
WHOI,WHOI_MA-RI_202210_WE16,GLIDER_TRACK,2023-01-31T03:42:05Z,41.0894,-70.6298,,,,
WHOI,WHOI_MA-RI_202210_WE16,GLIDER_TRACK,2023-01-31T03:57:05Z,41.0899,-70.6335,,,,
WHOI,WHOI_MA-RI_202210_WE16,GLIDER_TRACK,2023-01-31T04:12:05Z,41.0905,-70.637200000000007,,,,
WHOI,WHOI_MA-RI_202210_WE16,GLIDER_TRACK,2023-01-31T04:26:03Z,41.091,-70.6401,,,,
WHOI,WHOI_MA-RI_202210_WE16,GLIDER_TRACK,2023-01-31T04:57:05Z,41.0933,-70.6433,,,,
WHOI,WHOI_MA-RI_202210_WE16,GLIDER_TRACK,2023-01-31T05:12:05Z,41.0948,-70.6464,,,,
WHOI,WHOI_MA-RI_202210_WE16,GLIDER_TRACK,2023-01-31T05:27:05Z,41.0963,-70.6495,,,,
WHOI,WHOI_MA-RI_202210_WE16,GLIDER_TRACK,2023-01-31T05:42:05Z,41.0978,-70.6526,,,,
WHOI,WHOI_MA-RI_202210_WE16,GLIDER_TRACK,2023-01-31T06:12:05Z,41.1008,-70.6589,,,,
WHOI,WHOI_MA-RI_202210_WE16,GLIDER_TRACK,2023-01-31T06:27:05Z,41.1023,-70.662,,,,
WHOI,WHOI_MA-RI_202210_WE16,GLIDER_TRACK,2023-01-31T06:42:05Z,41.1038,-70.6651,,,,
WHOI,WHOI_MA-RI_202210_WE16,GLIDER_TRACK,2023-01-31T06:48:41Z,41.1046,-70.6661,,,,
WHOI,WHOI_MA-RI_202210_WE16,GLIDER_TRACK,2023-01-31T07:27:05Z,41.1064,-70.6694,,,,
WHOI,WHOI_MA-RI_202210_WE16,GLIDER_TRACK,2023-01-31T07:42:05Z,41.1073,-70.6719,,,,
WHOI,WHOI_MA-RI_202210_WE16,GLIDER_TRACK,2023-01-31T07:57:05Z,41.1082,-70.6745,,,,
WHOI,WHOI_MA-RI_202210_WE16,GLIDER_TRACK,2023-01-31T08:12:05Z,41.1091,-70.6771,,,,
WHOI,WHOI_MA-RI_202210_WE16,GLIDER_TRACK,2023-01-31T08:27:05Z,41.1101,-70.6797,,,,
WHOI,WHOI_MA-RI_202210_WE16,GLIDER_TRACK,2023-01-31T08:42:05Z,41.111,-70.6822,,,,
WHOI,WHOI_MA-RI_202210_WE16,GLIDER_TRACK,2023-01-31T08:57:05Z,41.1116,-70.6841,,,,
WHOI,WHOI_MA-RI_202210_WE16,GLIDER_TRACK,2023-01-31T09:12:05Z,41.1123,-70.6865,,,,
WHOI,WHOI_MA-RI_202210_WE16,GLIDER_TRACK,2023-01-31T09:12:14Z,41.1123,-70.6865,,,,
WHOI,WHOI_MA-RI_202210_WE16,GLIDER_TRACK,2023-01-31T09:42:05Z,41.1132,-70.6861,,,,
WHOI,WHOI_MA-RI_202210_WE16,GLIDER_TRACK,2023-01-31T09:57:05Z,41.1134,-70.6878,,,,
WHOI,WHOI_MA-RI_202210_WE16,GLIDER_TRACK,2023-01-31T10:12:05Z,41.1137,-70.6895,,,,
WHOI,WHOI_MA-RI_202210_WE16,GLIDER_TRACK,2023-01-31T10:27:05Z,41.114,-70.6913,,,,
WHOI,WHOI_MA-RI_202210_WE16,GLIDER_TRACK,2023-01-31T10:42:05Z,41.1143,-70.693,,,,
WHOI,WHOI_MA-RI_202210_WE16,GLIDER_TRACK,2023-01-31T11:12:05Z,41.1149,-70.6965,,,,
WHOI,WHOI_MA-RI_202210_WE16,GLIDER_TRACK,2023-01-31T11:27:05Z,41.1151,-70.6982,,,,
WHOI,WHOI_MA-RI_202210_WE16,GLIDER_TRACK,2023-01-31T11:34:34Z,41.1141,-70.698,,,,
WHOI,WHOI_MA-RI_202210_WE16,GLIDER_TRACK,2023-01-31T11:57:05Z,41.1139,-70.6998,,,,
WHOI,WHOI_MA-RI_202210_WE16,GLIDER_TRACK,2023-01-31T12:12:05Z,41.1137,-70.7025,,,,
WHOI,WHOI_MA-RI_202210_WE16,GLIDER_TRACK,2023-01-31T12:27:05Z,41.1134,-70.7052,,,,
WHOI,WHOI_MA-RI_202210_WE16,GLIDER_TRACK,2023-01-31T12:42:05Z,41.1132,-70.7079,,,,
WHOI,WHOI_MA-RI_202210_WE16,GLIDER_TRACK,2023-01-31T13:12:05Z,41.1126,-70.7132,,,,
WHOI,WHOI_MA-RI_202210_WE16,GLIDER_TRACK,2023-01-31T13:27:05Z,41.1124,-70.7159,,,,
WHOI,WHOI_MA-RI_202210_WE16,GLIDER_TRACK,2023-01-31T13:42:05Z,41.1121,-70.7186,,,,
WHOI,WHOI_MA-RI_202210_WE16,GLIDER_TRACK,2023-01-31T13:46:24Z,41.1121,-70.7186,,,,
WHOI,WHOI_MA-RI_202210_WE16,GLIDER_TRACK,2023-01-31T14:12:05Z,41.1108,-70.7251,,,,
WHOI,WHOI_MA-RI_202210_WE16,GLIDER_TRACK,2023-01-31T14:27:05Z,41.1108,-70.729,,,,
WHOI,WHOI_MA-RI_202210_WE16,GLIDER_TRACK,2023-01-31T14:42:05Z,41.1109,-70.733,,,,
WHOI,WHOI_MA-RI_202210_WE16,GLIDER_TRACK,2023-01-31T15:12:05Z,41.1109,-70.741,,,,
WHOI,WHOI_MA-RI_202210_WE16,GLIDER_TRACK,2023-01-31T15:27:05Z,41.111,-70.745,,,,
WHOI,WHOI_MA-RI_202210_WE16,GLIDER_TRACK,2023-01-31T15:42:05Z,41.111,-70.749,,,,
WHOI,WHOI_MA-RI_202210_WE16,GLIDER_TRACK,2023-01-31T15:59:08Z,41.1111,-70.7528,,,,
WHOI,WHOI_MA-RI_202210_WE16,GLIDER_TRACK,2023-01-31T16:42:05Z,41.1076,-70.7627,,,,
WHOI,WHOI_MA-RI_202210_WE16,GLIDER_TRACK,2023-01-31T16:57:05Z,41.1094,-70.7671,,,,
WHOI,WHOI_MA-RI_202210_WE16,GLIDER_TRACK,2023-01-31T17:12:05Z,41.1111,-70.7714,,,,
WHOI,WHOI_MA-RI_202210_WE16,GLIDER_TRACK,2023-01-31T17:27:05Z,41.1129,-70.7757,,,,
WHOI,WHOI_MA-RI_202210_WE16,GLIDER_TRACK,2023-01-31T17:42:05Z,41.1147,-70.7801,,,,
WHOI,WHOI_MA-RI_202210_WE16,GLIDER_TRACK,2023-01-31T18:12:05Z,41.1182,-70.7887,,,,
WHOI,WHOI_MA-RI_202210_WE16,GLIDER_TRACK,2023-01-31T18:27:05Z,41.12,-70.7931,,,,
WHOI,WHOI_MA-RI_202210_WE16,GLIDER_TRACK,2023-01-31T18:35:43Z,41.1206,-70.7952,,,,
WHOI,WHOI_MA-RI_202210_WE16,GLIDER_TRACK,2023-01-31T19:12:05Z,41.122,-70.8022,,,,
WHOI,WHOI_MA-RI_202210_WE16,GLIDER_TRACK,2023-01-31T19:27:05Z,41.1244,-70.8038,,,,
WHOI,WHOI_MA-RI_202210_WE16,GLIDER_TRACK,2023-01-31T19:42:05Z,41.1268,-70.8055,,,,
WHOI,WHOI_MA-RI_202210_WE16,GLIDER_TRACK,2023-01-31T20:12:05Z,41.1308,-70.8078,,,,
WHOI,WHOI_MA-RI_202210_WE16,GLIDER_TRACK,2023-01-31T20:27:05Z,41.1332,-70.8084,,,,
WHOI,WHOI_MA-RI_202210_WE16,GLIDER_TRACK,2023-01-31T20:42:05Z,41.1356,-70.8091,,,,
WHOI,WHOI_MA-RI_202210_WE16,GLIDER_TRACK,2023-01-31T21:01:37Z,41.138,-70.8098,,,,
WHOI,WHOI_MA-RI_202210_WE16,GLIDER_TRACK,2023-01-31T21:27:05Z,41.1398,-70.813,,,,
WHOI,WHOI_MA-RI_202210_WE16,GLIDER_TRACK,2023-01-31T21:42:05Z,41.1417,-70.8146,,,,
WHOI,WHOI_MA-RI_202210_WE16,GLIDER_TRACK,2023-01-31T22:12:05Z,41.1456,-70.8179,,,,
WHOI,WHOI_MA-RI_202210_WE16,GLIDER_TRACK,2023-01-31T22:27:05Z,41.1475,-70.8195,,,,
WHOI,WHOI_MA-RI_202210_WE16,GLIDER_TRACK,2023-01-31T22:42:05Z,41.1494,-70.8211,,,,
WHOI,WHOI_MA-RI_202210_WE16,GLIDER_TRACK,2023-01-31T23:12:05Z,41.1533,-70.8243,,,,
WHOI,WHOI_MA-RI_202210_WE16,GLIDER_TRACK,2023-01-31T23:15:02Z,41.1533,-70.8243,,,,
WHOI,WHOI_MA-RI_202210_WE16,GLIDER_TRACK,2023-01-31T23:57:05Z,41.1527,-70.8253,,,,
WHOI,WHOI_MA-RI_202210_WE16,GLIDER_TRACK,2023-02-01T00:12:05Z,41.1524,-70.8264,,,,
WHOI,WHOI_MA-RI_202210_WE16,GLIDER_TRACK,2023-02-01T00:27:05Z,41.1522,-70.8275,,,,
WHOI,WHOI_MA-RI_202210_WE16,GLIDER_TRACK,2023-02-01T00:42:05Z,41.1519,-70.8286,,,,
WHOI,WHOI_MA-RI_202210_WE16,GLIDER_TRACK,2023-02-01T01:12:05Z,41.1514,-70.8308,,,,
WHOI,WHOI_MA-RI_202210_WE16,GLIDER_TRACK,2023-02-01T01:27:05Z,41.1511,-70.832,,,,
WHOI,WHOI_MA-RI_202210_WE16,GLIDER_TRACK,2023-02-01T02:12:05Z,41.1495,-70.8336,,,,
WHOI,WHOI_MA-RI_202210_WE16,GLIDER_TRACK,2023-02-01T02:27:05Z,41.1494,-70.8356,,,,
WHOI,WHOI_MA-RI_202210_WE16,GLIDER_TRACK,2023-02-01T02:42:05Z,41.1493,-70.8376,,,,
WHOI,WHOI_MA-RI_202210_WE16,GLIDER_TRACK,2023-02-01T03:12:05Z,41.1492,-70.8416,,,,
WHOI,WHOI_MA-RI_202210_WE16,GLIDER_TRACK,2023-02-01T03:27:05Z,41.1491,-70.844,,,,
WHOI,WHOI_MA-RI_202210_WE16,GLIDER_TRACK,2023-02-01T03:42:05Z,41.1491,-70.8464,,,,
WHOI,WHOI_MA-RI_202210_WE16,GLIDER_TRACK,2023-02-01T04:04:34Z,41.1487,-70.8498,,,,
WHOI,WHOI_MA-RI_202210_WE16,GLIDER_TRACK,2023-02-01T04:42:05Z,41.1475,-70.8532,,,,
WHOI,WHOI_MA-RI_202210_WE16,GLIDER_TRACK,2023-02-01T04:57:05Z,41.1479,-70.8563,,,,
WHOI,WHOI_MA-RI_202210_WE16,GLIDER_TRACK,2023-02-01T05:12:05Z,41.1484,-70.8593,,,,
WHOI,WHOI_MA-RI_202210_WE16,GLIDER_TRACK,2023-02-01T05:27:05Z,41.1488,-70.8624,,,,
WHOI,WHOI_MA-RI_202210_WE16,GLIDER_TRACK,2023-02-01T05:42:05Z,41.1492,-70.8654,,,,
WHOI,WHOI_MA-RI_202210_WE16,GLIDER_TRACK,2023-02-01T06:12:05Z,41.15,-70.8715,,,,
WHOI,WHOI_MA-RI_202210_WE16,GLIDER_TRACK,2023-02-01T06:27:05Z,41.1505,-70.8746,,,,
WHOI,WHOI_MA-RI_202210_WE16,GLIDER_TRACK,2023-02-01T06:32:47Z,41.1505,-70.8746,,,,
WHOI,WHOI_MA-RI_202210_WE16,GLIDER_TRACK,2023-02-01T07:12:05Z,41.1509,-70.8805,,,,
WHOI,WHOI_MA-RI_202210_WE16,GLIDER_TRACK,2023-02-01T07:27:05Z,41.152,-70.8833,,,,
WHOI,WHOI_MA-RI_202210_WE16,GLIDER_TRACK,2023-02-01T07:42:05Z,41.1531,-70.8861,,,,
WHOI,WHOI_MA-RI_202210_WE16,GLIDER_TRACK,2023-02-01T08:12:05Z,41.1553,-70.8917,,,,
WHOI,WHOI_MA-RI_202210_WE16,GLIDER_TRACK,2023-02-01T08:27:05Z,41.1565,-70.8945,,,,
WHOI,WHOI_MA-RI_202210_WE16,GLIDER_TRACK,2023-02-01T08:42:05Z,41.1576,-70.8973,,,,
WHOI,WHOI_MA-RI_202210_WE16,GLIDER_TRACK,2023-02-01T09:27:05Z,41.1577,-70.9011,,,,
WHOI,WHOI_MA-RI_202210_WE16,GLIDER_TRACK,2023-02-01T09:42:05Z,41.1576,-70.9026,,,,
WHOI,WHOI_MA-RI_202210_WE16,GLIDER_TRACK,2023-02-01T09:57:05Z,41.1574,-70.9042,,,,
WHOI,WHOI_MA-RI_202210_WE16,GLIDER_TRACK,2023-02-01T10:12:05Z,41.1573,-70.9058,,,,
WHOI,WHOI_MA-RI_202210_WE16,GLIDER_TRACK,2023-02-01T10:27:05Z,41.1572,-70.9074,,,,
WHOI,WHOI_MA-RI_202210_WE16,GLIDER_TRACK,2023-02-01T11:12:05Z,41.1568,-70.9121,,,,
WHOI,WHOI_MA-RI_202210_WE16,GLIDER_TRACK,2023-02-01T11:14:05Z,41.1568,-70.9121,,,,
WHOI,WHOI_MA-RI_202210_WE16,GLIDER_TRACK,2023-02-01T11:57:05Z,41.1534,-70.9118,,,,
WHOI,WHOI_MA-RI_202210_WE16,GLIDER_TRACK,2023-02-01T12:12:05Z,41.1526,-70.9132,,,,
WHOI,WHOI_MA-RI_202210_WE16,GLIDER_TRACK,2023-02-01T12:27:05Z,41.1518,-70.9145,,,,
WHOI,WHOI_MA-RI_202210_WE16,GLIDER_TRACK,2023-02-01T12:42:05Z,41.151,-70.9159,,,,
WHOI,WHOI_MA-RI_202210_WE16,GLIDER_TRACK,2023-02-01T13:12:05Z,41.1494,-70.9186,,,,
WHOI,WHOI_MA-RI_202210_WE16,GLIDER_TRACK,2023-02-01T13:27:05Z,41.1486,-70.92,,,,
WHOI,WHOI_MA-RI_202210_WE16,GLIDER_TRACK,2023-02-01T13:42:05Z,41.1478,-70.9214,,,,
WHOI,WHOI_MA-RI_202210_WE16,GLIDER_TRACK,2023-02-01T14:42:05Z,41.1431,-70.9234,,,,
WHOI,WHOI_MA-RI_202210_WE16,GLIDER_TRACK,2023-02-01T14:57:05Z,41.1436,-70.9249,,,,
WHOI,WHOI_MA-RI_202210_WE16,GLIDER_TRACK,2023-02-01T15:12:05Z,41.144,-70.9263,,,,
WHOI,WHOI_MA-RI_202210_WE16,GLIDER_TRACK,2023-02-01T15:27:05Z,41.1444,-70.9278,,,,
WHOI,WHOI_MA-RI_202210_WE16,GLIDER_TRACK,2023-02-01T15:42:05Z,41.1449,-70.9292,,,,
WHOI,WHOI_MA-RI_202210_WE16,GLIDER_TRACK,2023-02-01T16:12:05Z,41.1457,-70.9321,,,,
WHOI,WHOI_MA-RI_202210_WE16,GLIDER_TRACK,2023-02-01T16:23:27Z,41.1459,-70.9333,,,,
WHOI,WHOI_MA-RI_202210_WE16,GLIDER_TRACK,2023-02-01T17:12:05Z,41.1419,-70.9389,,,,
WHOI,WHOI_MA-RI_202210_WE16,GLIDER_TRACK,2023-02-01T17:27:05Z,41.1433,-70.9412,,,,
WHOI,WHOI_MA-RI_202210_WE16,GLIDER_TRACK,2023-02-01T17:42:05Z,41.1447,-70.9434,,,,
WHOI,WHOI_MA-RI_202210_WE16,GLIDER_TRACK,2023-02-01T18:12:05Z,41.1475,-70.9479,,,,
WHOI,WHOI_MA-RI_202210_WE16,GLIDER_TRACK,2023-02-01T18:27:05Z,41.1489,-70.9502,,,,
WHOI,WHOI_MA-RI_202210_WE16,GLIDER_TRACK,2023-02-01T18:42:05Z,41.1503,-70.9524,,,,
WHOI,WHOI_MA-RI_202210_WE16,GLIDER_TRACK,2023-02-01T18:58:46Z,41.1516,-70.9546,,,,
WHOI,WHOI_MA-RI_202210_WE16,GLIDER_TRACK,2023-02-01T19:27:05Z,41.1507,-70.9582,,,,
WHOI,WHOI_MA-RI_202210_WE16,GLIDER_TRACK,2023-02-01T19:42:05Z,41.1531,-70.9588,,,,
WHOI,WHOI_MA-RI_202210_WE16,GLIDER_TRACK,2023-02-01T19:57:05Z,41.1554,-70.9594,,,,
WHOI,WHOI_MA-RI_202210_WE16,GLIDER_TRACK,2023-02-01T20:12:05Z,41.1578,-70.96,,,,
WHOI,WHOI_MA-RI_202210_WE16,GLIDER_TRACK,2023-02-01T20:27:05Z,41.1602,-70.9607,,,,
WHOI,WHOI_MA-RI_202210_WE16,GLIDER_TRACK,2023-02-01T20:42:05Z,41.1625,-70.9613,,,,
WHOI,WHOI_MA-RI_202210_WE16,GLIDER_TRACK,2023-02-01T21:12:05Z,41.1672,-70.9625,,,,
WHOI,WHOI_MA-RI_202210_WE16,GLIDER_TRACK,2023-02-01T21:22:07Z,41.1684,-70.9628,,,,
WHOI,WHOI_MA-RI_202210_WE16,GLIDER_TRACK,2023-02-01T21:57:05Z,41.1709,-70.9618,,,,
WHOI,WHOI_MA-RI_202210_WE16,GLIDER_TRACK,2023-02-01T22:12:05Z,41.173,-70.9602,,,,
WHOI,WHOI_MA-RI_202210_WE16,GLIDER_TRACK,2023-02-01T22:27:05Z,41.1752,-70.9585,,,,
WHOI,WHOI_MA-RI_202210_WE16,GLIDER_TRACK,2023-02-01T22:42:05Z,41.1773,-70.9568,,,,
WHOI,WHOI_MA-RI_202210_WE16,GLIDER_TRACK,2023-02-01T23:12:05Z,41.1816,-70.9535,,,,
WHOI,WHOI_MA-RI_202210_WE16,GLIDER_TRACK,2023-02-01T23:27:05Z,41.1837,-70.9519,,,,
