organization_code,deployment_code,analysis_code,recording_codes,analysis_sound_source_codes,analysis_granularity_code,analysis_start_datetime,analysis_end_datetime,analysis_sample_rate_khz,analysis_min_frequency_khz,analysis_max_frequency_khz,analysis_processing_code,analysis_quality_code,analysis_protocol_reference,analysis_dataset_url,analysis_release_data,analysis_release_pacm,detector_codes,analysis_citation_codes,detector_version,detector_json,detector_output_filename,detector_output_uri,analysis_analysts,analysis_json,analysis_comments
SWFSC,SWFSC_BCN_20160824_PASCAL_006,BEAKED_ANALYSIS,SOUNDTRAP_RECORDING,"BBWH,BWC,BW43,GOBW,HUBW,STBWH,UNME",INTERVAL,2016-08-24T13:00:23+0000,2016-08-30T03:29:26+0000,288.0,0.0,288.0,POST_PROCESSED,FULLY_VALIDATED,Simonis et al 2020 (https://swfsc-publications.fisheries.noaa.gov/publications/CR/2020/2020Simonis3.pdf),,TRUE,TRUE,PAMGUARD_CLICK,,,,,,,,
SWFSC,SWFSC_BCN_20160825_PASCAL_007,BEAKED_ANALYSIS,SM3M_RECORDINGS,"BBWH,BWC,BW43,GOBW,HUBW,STBWH,UNME",INTERVAL,2016-08-25T09:30:05+0000,2016-09-13T09:30:03+0000,256.0,0.0,256.0,POST_PROCESSED,FULLY_VALIDATED,Simonis et al 2020 (https://swfsc-publications.fisheries.noaa.gov/publications/CR/2020/2020Simonis3.pdf),,TRUE,TRUE,PAMGUARD_CLICK,,,,,,,,
SWFSC,SWFSC_BCN_20181005_CCES_014,BEAKED_ANALYSIS,SOUNDTRAP_RECORDING,"BBWH,BWC,BW43,GOBW,HUBW,STBWH,UNME",INTERVAL,2018-10-05T06:01:04+0000,2018-11-01T16:43:03+0000,576.0,0.0,288.0,POST_PROCESSED,FULLY_VALIDATED,Simonis et al 2020 (https://swfsc-publications.fisheries.noaa.gov/publications/CR/2020/2020Simonis3.pdf),,TRUE,TRUE,PAMGUARD_CLICK,,,,,,,,
SWFSC,SWFSC_BCN_20181030_CCES_016,BEAKED_ANALYSIS,SOUNDTRAP_RECORDING,"BBWH,BWC,BW43,GOBW,HUBW,STBWH,UNME",INTERVAL,2018-10-30T14:49:37+0000,2018-11-15T23:01:37+0000,576.0,0.0,288.0,POST_PROCESSED,FULLY_VALIDATED,Simonis et al 2020 (https://swfsc-publications.fisheries.noaa.gov/publications/CR/2020/2020Simonis3.pdf),,TRUE,TRUE,PAMGUARD_CLICK,,,,,,,,
SWFSC,SWFSC_BCN_20181031_CCES_017,BEAKED_ANALYSIS,SM3M_RECORDINGS,"BBWH,BWC,BW43,GOBW,HUBW,STBWH,UNME",INTERVAL,2018-10-31T00:00:00+0000,2018-11-24T04:30:00+0000,256.0,0.0,256.0,POST_PROCESSED,FULLY_VALIDATED,Simonis et al 2020 (https://swfsc-publications.fisheries.noaa.gov/publications/CR/2020/2020Simonis3.pdf),,TRUE,TRUE,PAMGUARD_CLICK,,,,,,,,
SWFSC,SWFSC_BCN_20181031_CCES_018,BEAKED_ANALYSIS,SOUNDTRAP_RECORDING,"BBWH,BWC,BW43,GOBW,HUBW,STBWH,UNME",INTERVAL,2018-10-31T10:05:29+0000,2018-11-16T04:12:29+0000,576.0,0.0,288.0,POST_PROCESSED,FULLY_VALIDATED,Simonis et al 2020 (https://swfsc-publications.fisheries.noaa.gov/publications/CR/2020/2020Simonis3.pdf),,TRUE,TRUE,PAMGUARD_CLICK,,,,,,,,
SWFSC,SWFSC_BCN_20181101_CCES_019,BEAKED_ANALYSIS,SOUNDTRAP_RECORDING,"BBWH,BWC,BW43,GOBW,HUBW,STBWH,UNME",INTERVAL,2018-11-01T02:23:12+0000,2018-11-18T12:54:48+0000,576.0,0.0,288.0,POST_PROCESSED,FULLY_VALIDATED,Simonis et al 2020 (https://swfsc-publications.fisheries.noaa.gov/publications/CR/2020/2020Simonis3.pdf),,TRUE,TRUE,PAMGUARD_CLICK,,,,,,,,
SWFSC,SWFSC_BCN_20181105_CCES_020,BEAKED_ANALYSIS,SOUNDTRAP_RECORDING,"BBWH,BWC,BW43,GOBW,HUBW,STBWH,UNME",INTERVAL,2018-11-05T14:22:39+0000,2018-11-22T09:16:43+0000,576.0,0.0,288.0,POST_PROCESSED,FULLY_VALIDATED,Simonis et al 2020 (https://swfsc-publications.fisheries.noaa.gov/publications/CR/2020/2020Simonis3.pdf),,TRUE,TRUE,PAMGUARD_CLICK,,,,,,,,
SWFSC,SWFSC_BCN_20181106_CCES_021,BEAKED_ANALYSIS,SOUNDTRAP_RECORDING,"BBWH,BWC,BW43,GOBW,HUBW,STBWH,UNME",INTERVAL,2018-11-06T03:58:51+0000,2018-11-11T09:12:51+0000,576.0,0.0,288.0,POST_PROCESSED,FULLY_VALIDATED,Simonis et al 2020 (https://swfsc-publications.fisheries.noaa.gov/publications/CR/2020/2020Simonis3.pdf),,TRUE,TRUE,PAMGUARD_CLICK,,,,,,,,
SWFSC,SWFSC_BCN_20181107_CCES_022,BEAKED_ANALYSIS,SOUNDTRAP_RECORDING,"BBWH,BWC,BW43,GOBW,HUBW,STBWH,UNME",INTERVAL,2018-11-07T14:23:49+0000,2018-11-23T18:55:49+0000,576.0,0.0,288.0,POST_PROCESSED,FULLY_VALIDATED,Simonis et al 2020 (https://swfsc-publications.fisheries.noaa.gov/publications/CR/2020/2020Simonis3.pdf),,TRUE,TRUE,PAMGUARD_CLICK,,,,,,,,
SWFSC,SWFSC_BCN_20181122_CCES_023,BEAKED_ANALYSIS,SOUNDTRAP_RECORDING,"BBWH,BWC,BW43,GOBW,HUBW,STBWH,UNME",INTERVAL,2018-11-22T08:28:24+0000,2018-12-03T00:49:11+0000,576.0,0.0,288.0,POST_PROCESSED,FULLY_VALIDATED,Simonis et al 2020 (https://swfsc-publications.fisheries.noaa.gov/publications/CR/2020/2020Simonis3.pdf),,TRUE,TRUE,PAMGUARD_CLICK,,,,,,,,
SWFSC,SWFSC_CHI_20160822_PASCAL_005,BEAKED_ANALYSIS,SOUNDTRAP_RECORDING,"BBWH,BWC,BW43,GOBW,HUBW,STBWH,UNME",INTERVAL,2016-08-22T15:03:57+0000,2016-09-04T22:55:57+0000,288.0,0.0,288.0,POST_PROCESSED,FULLY_VALIDATED,Simonis et al 2020 (https://swfsc-publications.fisheries.noaa.gov/publications/CR/2020/2020Simonis3.pdf),,TRUE,TRUE,PAMGUARD_CLICK,,,,,,,,
SWFSC,SWFSC_CHI_20160826_PASCAL_008,BEAKED_ANALYSIS,SM2BAT_RECORDINGS,"BBWH,BWC,BW43,GOBW,HUBW,STBWH,UNME",INTERVAL,2016-08-26T04:56:00+0000,2016-09-14T02:46:00+0000,192.0,0.0,192.0,POST_PROCESSED,FULLY_VALIDATED,Simonis et al 2020 (https://swfsc-publications.fisheries.noaa.gov/publications/CR/2020/2020Simonis3.pdf),,TRUE,TRUE,PAMGUARD_CLICK,,,,,,,,
SWFSC,SWFSC_CHI_20160904_PASCAL_019,BEAKED_ANALYSIS,SOUNDTRAP_RECORDING,"BBWH,BWC,BW43,GOBW,HUBW,STBWH,UNME",INTERVAL,2016-09-04T01:47:23+0000,2016-09-23T06:59:21+0000,288.0,0.0,288.0,POST_PROCESSED,FULLY_VALIDATED,Simonis et al 2020 (https://swfsc-publications.fisheries.noaa.gov/publications/CR/2020/2020Simonis3.pdf),,TRUE,TRUE,PAMGUARD_CLICK,,,,,,,,
SWFSC,SWFSC_CHI_20160906_PASCAL_020,BEAKED_ANALYSIS,SOUNDTRAP_RECORDING,"BBWH,BWC,BW43,GOBW,HUBW,STBWH,UNME",INTERVAL,2016-09-06T02:37:11+0000,2016-09-29T05:18:16+0000,288.0,0.0,288.0,POST_PROCESSED,FULLY_VALIDATED,Simonis et al 2020 (https://swfsc-publications.fisheries.noaa.gov/publications/CR/2020/2020Simonis3.pdf),,TRUE,TRUE,PAMGUARD_CLICK,,,,,,,,
SWFSC,SWFSC_CHI_20160924_PASCAL_026,BEAKED_ANALYSIS,SOUNDTRAP_RECORDING_0774,"BBWH,BWC,BW43,GOBW,HUBW,STBWH,UNME",INTERVAL,2016-09-24T15:15:28+0000,2016-09-26T04:21:29+0000,288.0,0.0,288.0,POST_PROCESSED,FULLY_VALIDATED,Simonis et al 2020 (https://swfsc-publications.fisheries.noaa.gov/publications/CR/2020/2020Simonis3.pdf),,TRUE,TRUE,PAMGUARD_CLICK,,,,,,,,
SWFSC,SWFSC_CHI_20160924_PASCAL_027,BEAKED_ANALYSIS,SOUNDTRAP_RECORDING,"BBWH,BWC,BW43,GOBW,HUBW,STBWH,UNME",INTERVAL,2016-09-24T15:49:50+0000,2016-09-26T03:53:51+0000,288.0,0.0,288.0,POST_PROCESSED,FULLY_VALIDATED,Simonis et al 2020 (https://swfsc-publications.fisheries.noaa.gov/publications/CR/2020/2020Simonis3.pdf),,TRUE,TRUE,PAMGUARD_CLICK,,,,,,,,
SWFSC,SWFSC_CHI_20160924_PASCAL_028,BEAKED_ANALYSIS,SOUNDTRAP_RECORDING,"BBWH,BWC,BW43,GOBW,HUBW,STBWH,UNME",INTERVAL,2016-09-24T16:40:33+0000,2016-09-29T03:38:00+0000,288.0,0.0,288.0,POST_PROCESSED,FULLY_VALIDATED,Simonis et al 2020 (https://swfsc-publications.fisheries.noaa.gov/publications/CR/2020/2020Simonis3.pdf),,TRUE,TRUE,PAMGUARD_CLICK,,,,,,,,
SWFSC,SWFSC_CHI_20180911_CCES_013,BEAKED_ANALYSIS,SOUNDTRAP_RECORDING,"BBWH,BWC,BW43,GOBW,HUBW,STBWH,UNME",INTERVAL,2018-09-11T20:56:28+0000,2018-10-23T13:58:28+0000,288.0,0.0,288.0,POST_PROCESSED,FULLY_VALIDATED,Simonis et al 2020 (https://swfsc-publications.fisheries.noaa.gov/publications/CR/2020/2020Simonis3.pdf),,TRUE,TRUE,PAMGUARD_CLICK,,,,,,,,
SWFSC,SWFSC_COL_20160829_PASCAL_012,BEAKED_ANALYSIS,SOUNDTRAP_RECORDING,"BBWH,BWC,BW43,GOBW,HUBW,STBWH,UNME",INTERVAL,2016-08-29T09:01:46+0000,2016-09-17T19:53:46+0000,288.0,0.0,288.0,POST_PROCESSED,FULLY_VALIDATED,Simonis et al 2020 (https://swfsc-publications.fisheries.noaa.gov/publications/CR/2020/2020Simonis3.pdf),,TRUE,TRUE,PAMGUARD_CLICK,,,,,,,,
SWFSC,SWFSC_COL_20160829_PASCAL_013,BEAKED_ANALYSIS,SM3M_RECORDINGS,"BBWH,BWC,BW43,GOBW,HUBW,STBWH,UNME",INTERVAL,2016-08-29T20:50:05+0000,2016-09-15T17:26:06+0000,256.0,0.0,256.0,POST_PROCESSED,FULLY_VALIDATED,Simonis et al 2020 (https://swfsc-publications.fisheries.noaa.gov/publications/CR/2020/2020Simonis3.pdf),,TRUE,TRUE,PAMGUARD_CLICK,,,,,,,,
SWFSC,SWFSC_HMB_20210609_ADRIFT_002,BEAKED_ANALYSIS,SOUNDTRAP_RECORDING,"BBWH,BWC,BW43,GOBW,HUBW,STBWH,UNME",INTERVAL,2021-06-09T18:12:23+0000,2021-06-16T22:48:53+0000,384.0,0.0,288.0,POST_PROCESSED,FULLY_VALIDATED,Simonis et al 2020 (https://swfsc-publications.fisheries.noaa.gov/publications/CR/2020/2020Simonis3.pdf),,TRUE,TRUE,PAMGUARD_CLICK,,,,,,,,
SWFSC,SWFSC_HUM_20160821_PASCAL_002,BEAKED_ANALYSIS,SOUNDTRAP_RECORDING,"BBWH,BWC,BW43,GOBW,HUBW,STBWH,UNME",INTERVAL,2016-08-20T18:44:06+0000,2016-09-01T02:06:05+0000,288.0,0.0,288.0,POST_PROCESSED,FULLY_VALIDATED,Simonis et al 2020 (https://swfsc-publications.fisheries.noaa.gov/publications/CR/2020/2020Simonis3.pdf),,TRUE,TRUE,PAMGUARD_CLICK,,,,,,,,
SWFSC,SWFSC_HUM_20160901_PASCAL_016,BEAKED_ANALYSIS,SOUNDTRAP_RECORDING,"BBWH,BWC,BW43,GOBW,HUBW,STBWH,UNME",INTERVAL,2016-09-01T13:22:02+0000,2016-09-21T00:04:02+0000,288.0,0.0,288.0,POST_PROCESSED,FULLY_VALIDATED,Simonis et al 2020 (https://swfsc-publications.fisheries.noaa.gov/publications/CR/2020/2020Simonis3.pdf),,TRUE,TRUE,PAMGUARD_CLICK,,,,,,,,
SWFSC,SWFSC_HUM_20180725_CCES_004,BEAKED_ANALYSIS,SM3M_RECORDINGS,"BBWH,BWC,BW43,GOBW,HUBW,STBWH,UNME",INTERVAL,2018-07-30T00:00:00+0000,2018-10-12T23:59:59+0000,256.0,0.0,256.0,POST_PROCESSED,FULLY_VALIDATED,Simonis et al 2020 (https://swfsc-publications.fisheries.noaa.gov/publications/CR/2020/2020Simonis3.pdf),,TRUE,TRUE,PAMGUARD_CLICK,,,,,,,,
SWFSC,SWFSC_HUM_20180816_CCES_008,BEAKED_ANALYSIS,SOUNDTRAP_RECORDING,"BBWH,BWC,BW43,GOBW,HUBW,STBWH,UNME",INTERVAL,2018-08-16T04:38:04+0000,2018-10-01T01:59:55+0000,288.0,0.0,288.0,POST_PROCESSED,FULLY_VALIDATED,Simonis et al 2020 (https://swfsc-publications.fisheries.noaa.gov/publications/CR/2020/2020Simonis3.pdf),,TRUE,TRUE,PAMGUARD_CLICK,,,,,,,,
SWFSC,SWFSC_HUM_20210822_ADRIFT_001,BEAKED_ANALYSIS,SOUNDTRAP_RECORDING,"BBWH,BWC,BW43,GOBW,HUBW,STBWH,UNME",INTERVAL,2021-08-22T18:59:59+0000,2021-08-29T09:30:30+0000,384.0,0.0,288.0,POST_PROCESSED,FULLY_VALIDATED,Simonis et al 2020 (https://swfsc-publications.fisheries.noaa.gov/publications/CR/2020/2020Simonis3.pdf),,TRUE,TRUE,PAMGUARD_CLICK,,,,,,,,
SWFSC,SWFSC_HUM_20220728_ADRIFT_030,BEAKED_ANALYSIS,SOUNDTRAP_RECORDING,"BBWH,BWC,BW43,GOBW,HUBW,STBWH,UNME",INTERVAL,2022-07-28T18:59:58+0000,2022-08-01T11:29:40+0000,384.0,0.0,288.0,POST_PROCESSED,FULLY_VALIDATED,Simonis et al 2020 (https://swfsc-publications.fisheries.noaa.gov/publications/CR/2020/2020Simonis3.pdf),,TRUE,TRUE,PAMGUARD_CLICK,,,,,,,,
SWFSC,SWFSC_HUM_20220728_ADRIFT_031,BEAKED_ANALYSIS,SOUNDTRAP_RECORDING,"BBWH,BWC,BW43,GOBW,HUBW,STBWH,UNME",INTERVAL,2022-07-28T18:59:58+0000,2022-08-01T08:52:13+0000,384.0,0.0,288.0,POST_PROCESSED,FULLY_VALIDATED,Simonis et al 2020 (https://swfsc-publications.fisheries.noaa.gov/publications/CR/2020/2020Simonis3.pdf),,TRUE,TRUE,PAMGUARD_CLICK,,,,,,,,
SWFSC,SWFSC_HUM_20220913_ADRIFT_033,BEAKED_ANALYSIS,SOUNDTRAP_RECORDING,"BBWH,BWC,BW43,GOBW,HUBW,STBWH,UNME",INTERVAL,2022-09-13T04:44:56+0000,2022-09-15T17:29:45+0000,384.0,0.0,288.0,POST_PROCESSED,FULLY_VALIDATED,Simonis et al 2020 (https://swfsc-publications.fisheries.noaa.gov/publications/CR/2020/2020Simonis3.pdf),,TRUE,TRUE,PAMGUARD_CLICK,,,,,,,,
SWFSC,SWFSC_HUM_20221116_ADRIFT_036,BEAKED_ANALYSIS,SOUNDTRAP_RECORDING,"BBWH,BWC,BW43,GOBW,HUBW,STBWH,UNME",INTERVAL,2022-11-16T19:14:57+0000,2022-11-20T07:37:12+0000,384.0,0.0,288.0,POST_PROCESSED,FULLY_VALIDATED,Simonis et al 2020 (https://swfsc-publications.fisheries.noaa.gov/publications/CR/2020/2020Simonis3.pdf),,TRUE,TRUE,PAMGUARD_CLICK,,,,,,,,
SWFSC,SWFSC_HUM_20221213_ADRIFT_040,BEAKED_ANALYSIS,SOUNDTRAP_RECORDING,"BBWH,BWC,BW43,GOBW,HUBW,STBWH,UNME",INTERVAL,2022-12-13T21:29:57+0000,2022-12-16T21:29:49+0000,288.0,0.0,288.0,POST_PROCESSED,FULLY_VALIDATED,Simonis et al 2020 (https://swfsc-publications.fisheries.noaa.gov/publications/CR/2020/2020Simonis3.pdf),,TRUE,TRUE,PAMGUARD_CLICK,,,,,,,,
SWFSC,SWFSC_HUM_20231005_ADRIFT_100,BEAKED_ANALYSIS,SOUNDTRAP_RECORDING,"BBWH,BWC,BW43,GOBW,HUBW,STBWH,UNME",INTERVAL,2023-10-05T23:53:58+0000,2023-10-07T00:23:58+0000,288.0,0.0,288.0,POST_PROCESSED,FULLY_VALIDATED,Simonis et al 2020 (https://swfsc-publications.fisheries.noaa.gov/publications/CR/2020/2020Simonis3.pdf),,TRUE,TRUE,PAMGUARD_CLICK,,,,,,,,
SWFSC,SWFSC_MBY_20160822_PASCAL_004,BEAKED_ANALYSIS,SOUNDTRAP_RECORDING,"BBWH,BWC,BW43,GOBW,HUBW,STBWH,UNME",INTERVAL,2016-08-22T00:28:27+0000,2016-09-03T19:14:33+0000,288.0,0.0,288.0,POST_PROCESSED,FULLY_VALIDATED,Simonis et al 2020 (https://swfsc-publications.fisheries.noaa.gov/publications/CR/2020/2020Simonis3.pdf),,TRUE,TRUE,PAMGUARD_CLICK,,,,,,,,
SWFSC,SWFSC_MBY_20160827_PASCAL_009,BEAKED_ANALYSIS,SOUNDTRAP_RECORDING_1436,"BBWH,BWC,BW43,GOBW,HUBW,STBWH,UNME",INTERVAL,2016-08-27T00:22:14+0000,2016-09-15T13:04:14+0000,288.0,0.0,288.0,POST_PROCESSED,FULLY_VALIDATED,Simonis et al 2020 (https://swfsc-publications.fisheries.noaa.gov/publications/CR/2020/2020Simonis3.pdf),,TRUE,TRUE,PAMGUARD_CLICK,,,,,,,,
SWFSC,SWFSC_MBY_20160903_PASCAL_018,BEAKED_ANALYSIS,SM2BAT_RECORDINGS,"BBWH,BWC,BW43,GOBW,HUBW,STBWH,UNME",INTERVAL,2016-09-03T05:32:00+0000,2016-09-22T11:50:00+0000,192.0,0.0,192.0,POST_PROCESSED,FULLY_VALIDATED,Simonis et al 2020 (https://swfsc-publications.fisheries.noaa.gov/publications/CR/2020/2020Simonis3.pdf),,TRUE,TRUE,PAMGUARD_CLICK,,,,,,,,
SWFSC,SWFSC_MBY_20220621_ADRIFT_019,BEAKED_ANALYSIS,SOUNDTRAP_RECORDING,"BBWH,BWC,BW43,GOBW,HUBW,STBWH,UNME",INTERVAL,2022-06-21T16:15:00+0000,2022-06-25T22:14:42+0000,384.0,0.0,288.0,POST_PROCESSED,FULLY_VALIDATED,Simonis et al 2020 (https://swfsc-publications.fisheries.noaa.gov/publications/CR/2020/2020Simonis3.pdf),,TRUE,TRUE,PAMGUARD_CLICK,,,,,,,,
SWFSC,SWFSC_MBY_20220621_ADRIFT_020,BEAKED_ANALYSIS,SOUNDTRAP_RECORDING,"BBWH,BWC,BW43,GOBW,HUBW,STBWH,UNME",INTERVAL,2022-06-21T16:45:00+0000,2022-06-25T17:52:13+0000,384.0,0.0,288.0,POST_PROCESSED,FULLY_VALIDATED,Simonis et al 2020 (https://swfsc-publications.fisheries.noaa.gov/publications/CR/2020/2020Simonis3.pdf),,TRUE,TRUE,PAMGUARD_CLICK,,,,,,,,
SWFSC,SWFSC_MBY_20220621_ADRIFT_021,BEAKED_ANALYSIS,SOUNDTRAP_RECORDING,"BBWH,BWC,BW43,GOBW,HUBW,STBWH,UNME",INTERVAL,2022-06-21T17:07:29+0000,2022-06-25T18:37:12+0000,384.0,0.0,288.0,POST_PROCESSED,FULLY_VALIDATED,Simonis et al 2020 (https://swfsc-publications.fisheries.noaa.gov/publications/CR/2020/2020Simonis3.pdf),,TRUE,TRUE,PAMGUARD_CLICK,,,,,,,,
SWFSC,SWFSC_MBY_20220621_ADRIFT_022,BEAKED_ANALYSIS,SOUNDTRAP_RECORDING,"BBWH,BWC,BW43,GOBW,HUBW,STBWH,UNME",INTERVAL,2022-06-21T17:37:30+0000,2022-06-25T16:52:16+0000,384.0,0.0,288.0,POST_PROCESSED,FULLY_VALIDATED,Simonis et al 2020 (https://swfsc-publications.fisheries.noaa.gov/publications/CR/2020/2020Simonis3.pdf),,TRUE,TRUE,PAMGUARD_CLICK,,,,,,,,
SWFSC,SWFSC_MBY_20220621_ADRIFT_023,BEAKED_ANALYSIS,SOUNDTRAP_RECORDING,"BBWH,BWC,BW43,GOBW,HUBW,STBWH,UNME",INTERVAL,2022-06-21T18:52:29+0000,2022-06-25T21:29:41+0000,384.0,0.0,288.0,POST_PROCESSED,FULLY_VALIDATED,Simonis et al 2020 (https://swfsc-publications.fisheries.noaa.gov/publications/CR/2020/2020Simonis3.pdf),,TRUE,TRUE,PAMGUARD_CLICK,,,,,,,,
SWFSC,SWFSC_MBY_20220621_ADRIFT_024,BEAKED_ANALYSIS,SOUNDTRAP_RECORDING,"BBWH,BWC,BW43,GOBW,HUBW,STBWH,UNME",INTERVAL,2022-06-21T19:29:59+0000,2022-06-25T20:14:42+0000,384.0,0.0,288.0,POST_PROCESSED,FULLY_VALIDATED,Simonis et al 2020 (https://swfsc-publications.fisheries.noaa.gov/publications/CR/2020/2020Simonis3.pdf),,TRUE,TRUE,PAMGUARD_CLICK,,,,,,,,
SWFSC,SWFSC_MBY_20220621_ADRIFT_025,BEAKED_ANALYSIS,SOUNDTRAP_RECORDING,"BBWH,BWC,BW43,GOBW,HUBW,STBWH,UNME",INTERVAL,2022-06-21T19:44:59+0000,2022-06-25T17:29:42+0000,384.0,0.0,288.0,POST_PROCESSED,FULLY_VALIDATED,Simonis et al 2020 (https://swfsc-publications.fisheries.noaa.gov/publications/CR/2020/2020Simonis3.pdf),,TRUE,TRUE,PAMGUARD_CLICK,,,,,,,,
SWFSC,SWFSC_MBY_20220621_ADRIFT_026,BEAKED_ANALYSIS,SOUNDTRAP_RECORDING,"BBWH,BWC,BW43,GOBW,HUBW,STBWH,UNME",INTERVAL,2022-06-21T20:22:29+0000,2022-06-25T20:44:44+0000,384.0,0.0,288.0,POST_PROCESSED,FULLY_VALIDATED,Simonis et al 2020 (https://swfsc-publications.fisheries.noaa.gov/publications/CR/2020/2020Simonis3.pdf),,TRUE,TRUE,PAMGUARD_CLICK,,,,,,,,
SWFSC,SWFSC_MBY_20230311_ADRIFT_046,BEAKED_ANALYSIS,SOUNDTRAP_RECORDING,"BBWH,BWC,BW43,GOBW,HUBW,STBWH,UNME",INTERVAL,2023-03-11T19:00:00+0000,2023-03-16T21:30:01+0000,384.0,0.0,288.0,POST_PROCESSED,FULLY_VALIDATED,Simonis et al 2020 (https://swfsc-publications.fisheries.noaa.gov/publications/CR/2020/2020Simonis3.pdf),,TRUE,TRUE,PAMGUARD_CLICK,,,,,,,,
SWFSC,SWFSC_MBY_20230311_ADRIFT_047,BEAKED_ANALYSIS,SOUNDTRAP_RECORDING,"BBWH,BWC,BW43,GOBW,HUBW,STBWH,UNME",INTERVAL,2023-03-11T19:30:00+0000,2023-03-16T21:12:01+0000,384.0,0.0,288.0,POST_PROCESSED,FULLY_VALIDATED,Simonis et al 2020 (https://swfsc-publications.fisheries.noaa.gov/publications/CR/2020/2020Simonis3.pdf),,TRUE,TRUE,PAMGUARD_CLICK,,,,,,,,
SWFSC,SWFSC_MBY_20230311_ADRIFT_048,BEAKED_ANALYSIS,SOUNDTRAP_RECORDING,"BBWH,BWC,BW43,GOBW,HUBW,STBWH,UNME",INTERVAL,2023-03-11T19:54:00+0000,2023-03-18T18:12:02+0000,384.0,0.0,288.0,POST_PROCESSED,FULLY_VALIDATED,Simonis et al 2020 (https://swfsc-publications.fisheries.noaa.gov/publications/CR/2020/2020Simonis3.pdf),,TRUE,TRUE,PAMGUARD_CLICK,,,,,,,,
SWFSC,SWFSC_MBY_20230311_ADRIFT_049,BEAKED_ANALYSIS,SOUNDTRAP_RECORDING,"BBWH,BWC,BW43,GOBW,HUBW,STBWH,UNME",INTERVAL,2023-03-11T20:35:59+0000,2023-03-16T17:42:01+0000,384.0,0.0,288.0,POST_PROCESSED,FULLY_VALIDATED,Simonis et al 2020 (https://swfsc-publications.fisheries.noaa.gov/publications/CR/2020/2020Simonis3.pdf),,TRUE,TRUE,PAMGUARD_CLICK,,,,,,,,
SWFSC,SWFSC_MBY_20230311_ADRIFT_051,BEAKED_ANALYSIS,SOUNDTRAP_RECORDING,"BBWH,BWC,BW43,GOBW,HUBW,STBWH,UNME",INTERVAL,2023-03-11T21:30:00+0000,2023-03-16T19:24:00+0000,384.0,0.0,288.0,POST_PROCESSED,FULLY_VALIDATED,Simonis et al 2020 (https://swfsc-publications.fisheries.noaa.gov/publications/CR/2020/2020Simonis3.pdf),,TRUE,TRUE,PAMGUARD_CLICK,,,,,,,,
SWFSC,SWFSC_MBY_20230311_ADRIFT_052,BEAKED_ANALYSIS,SOUNDTRAP_RECORDING,"BBWH,BWC,BW43,GOBW,HUBW,STBWH,UNME",INTERVAL,2023-03-11T21:54:00+0000,2023-03-16T22:54:01+0000,384.0,0.0,288.0,POST_PROCESSED,FULLY_VALIDATED,Simonis et al 2020 (https://swfsc-publications.fisheries.noaa.gov/publications/CR/2020/2020Simonis3.pdf),,TRUE,TRUE,PAMGUARD_CLICK,,,,,,,,
SWFSC,SWFSC_MBY_20230311_ADRIFT_053,BEAKED_ANALYSIS,SOUNDTRAP_RECORDING,"BBWH,BWC,BW43,GOBW,HUBW,STBWH,UNME",INTERVAL,2023-03-11T22:18:00+0000,2023-03-16T23:30:01+0000,384.0,0.0,288.0,POST_PROCESSED,FULLY_VALIDATED,Simonis et al 2020 (https://swfsc-publications.fisheries.noaa.gov/publications/CR/2020/2020Simonis3.pdf),,TRUE,TRUE,PAMGUARD_CLICK,,,,,,,,
SWFSC,SWFSC_MBY_20230711_ADRIFT_079,BEAKED_ANALYSIS,SOUNDTRAP_RECORDING,"BBWH,BWC,BW43,GOBW,HUBW,STBWH,UNME",INTERVAL,2023-07-11T19:54:00+0000,2023-07-16T16:24:02+0000,384.0,0.0,288.0,POST_PROCESSED,FULLY_VALIDATED,Simonis et al 2020 (https://swfsc-publications.fisheries.noaa.gov/publications/CR/2020/2020Simonis3.pdf),,TRUE,TRUE,PAMGUARD_CLICK,,,,,,,,
SWFSC,SWFSC_MBY_20230711_ADRIFT_080,BEAKED_ANALYSIS,SOUNDTRAP_RECORDING,"BBWH,BWC,BW43,GOBW,HUBW,STBWH,UNME",INTERVAL,2023-07-11T20:42:00+0000,2023-07-16T20:12:01+0000,384.0,0.0,288.0,POST_PROCESSED,FULLY_VALIDATED,Simonis et al 2020 (https://swfsc-publications.fisheries.noaa.gov/publications/CR/2020/2020Simonis3.pdf),,TRUE,TRUE,PAMGUARD_CLICK,,,,,,,,
SWFSC,SWFSC_MBY_20231106_ADRIFT_101,BEAKED_ANALYSIS,SOUNDTRAP_RECORDING,"BBWH,BWC,BW43,GOBW,HUBW,STBWH,UNME",INTERVAL,2023-11-06T17:06:00+0000,2023-11-10T18:18:01+0000,384.0,0.0,288.0,POST_PROCESSED,FULLY_VALIDATED,Simonis et al 2020 (https://swfsc-publications.fisheries.noaa.gov/publications/CR/2020/2020Simonis3.pdf),,TRUE,TRUE,PAMGUARD_CLICK,,,,,,,,
SWFSC,SWFSC_MBY_20231106_ADRIFT_102,BEAKED_ANALYSIS,SOUNDTRAP_RECORDING,"BBWH,BWC,BW43,GOBW,HUBW,STBWH,UNME",INTERVAL,2023-11-06T17:42:00+0000,2023-11-10T19:48:01+0000,384.0,0.0,288.0,POST_PROCESSED,FULLY_VALIDATED,Simonis et al 2020 (https://swfsc-publications.fisheries.noaa.gov/publications/CR/2020/2020Simonis3.pdf),,TRUE,TRUE,PAMGUARD_CLICK,,,,,,,,
SWFSC,SWFSC_MBY_20231106_ADRIFT_103,BEAKED_ANALYSIS,SOUNDTRAP_RECORDING,"BBWH,BWC,BW43,GOBW,HUBW,STBWH,UNME",INTERVAL,2023-11-06T18:54:00+0000,2023-11-10T20:54:00+0000,384.0,0.0,288.0,POST_PROCESSED,FULLY_VALIDATED,Simonis et al 2020 (https://swfsc-publications.fisheries.noaa.gov/publications/CR/2020/2020Simonis3.pdf),,TRUE,TRUE,PAMGUARD_CLICK,,,,,,,,
SWFSC,SWFSC_MBY_20231106_ADRIFT_104,BEAKED_ANALYSIS,SOUNDTRAP_RECORDING,"BBWH,BWC,BW43,GOBW,HUBW,STBWH,UNME",INTERVAL,2023-11-06T19:24:00+0000,2023-11-10T22:48:01+0000,384.0,0.0,288.0,POST_PROCESSED,FULLY_VALIDATED,Simonis et al 2020 (https://swfsc-publications.fisheries.noaa.gov/publications/CR/2020/2020Simonis3.pdf),,TRUE,TRUE,PAMGUARD_CLICK,,,,,,,,
SWFSC,SWFSC_MBY_20231106_ADRIFT_105,BEAKED_ANALYSIS,SOUNDTRAP_RECORDING,"BBWH,BWC,BW43,GOBW,HUBW,STBWH,UNME",INTERVAL,2023-11-06T20:00:00+0000,2023-11-10T22:00:01+0000,384.0,0.0,288.0,POST_PROCESSED,FULLY_VALIDATED,Simonis et al 2020 (https://swfsc-publications.fisheries.noaa.gov/publications/CR/2020/2020Simonis3.pdf),,TRUE,TRUE,PAMGUARD_CLICK,,,,,,,,
SWFSC,SWFSC_MBY_20231106_ADRIFT_106,BEAKED_ANALYSIS,SOUNDTRAP_RECORDING,"BBWH,BWC,BW43,GOBW,HUBW,STBWH,UNME",INTERVAL,2023-11-06T20:35:59+0000,2023-11-10T22:18:01+0000,384.0,0.0,288.0,POST_PROCESSED,FULLY_VALIDATED,Simonis et al 2020 (https://swfsc-publications.fisheries.noaa.gov/publications/CR/2020/2020Simonis3.pdf),,TRUE,TRUE,PAMGUARD_CLICK,,,,,,,,
SWFSC,SWFSC_MBY_20231106_ADRIFT_107,BEAKED_ANALYSIS,SOUNDTRAP_RECORDING,"BBWH,BWC,BW43,GOBW,HUBW,STBWH,UNME",INTERVAL,2023-11-06T21:00:00+0000,2023-11-10T20:24:01+0000,384.0,0.0,288.0,POST_PROCESSED,FULLY_VALIDATED,Simonis et al 2020 (https://swfsc-publications.fisheries.noaa.gov/publications/CR/2020/2020Simonis3.pdf),,TRUE,TRUE,PAMGUARD_CLICK,,,,,,,,
SWFSC,SWFSC_MBY_20231106_ADRIFT_108,BEAKED_ANALYSIS,SOUNDTRAP_RECORDING,"BBWH,BWC,BW43,GOBW,HUBW,STBWH,UNME",INTERVAL,2023-11-06T21:41:59+0000,2023-11-10T21:24:00+0000,384.0,0.0,288.0,POST_PROCESSED,FULLY_VALIDATED,Simonis et al 2020 (https://swfsc-publications.fisheries.noaa.gov/publications/CR/2020/2020Simonis3.pdf),,TRUE,TRUE,PAMGUARD_CLICK,,,,,,,,
SWFSC,SWFSC_MND_20160821_PASCAL_003,BEAKED_ANALYSIS,SOUNDTRAP_RECORDING,"BBWH,BWC,BW43,GOBW,HUBW,STBWH,UNME",INTERVAL,2016-08-21T10:37:16+0000,2016-09-02T16:39:16+0000,288.0,0.0,288.0,POST_PROCESSED,FULLY_VALIDATED,Simonis et al 2020 (https://swfsc-publications.fisheries.noaa.gov/publications/CR/2020/2020Simonis3.pdf),,TRUE,TRUE,PAMGUARD_CLICK,,,,,,,,
SWFSC,SWFSC_MND_20160827_PASCAL_010,BEAKED_ANALYSIS,SM3M_RECORDINGS,"BBWH,BWC,BW43,GOBW,HUBW,STBWH,UNME",INTERVAL,2016-08-27T17:44:06+0000,2016-09-17T04:24:05+0000,256.0,0.0,256.0,POST_PROCESSED,FULLY_VALIDATED,Simonis et al 2020 (https://swfsc-publications.fisheries.noaa.gov/publications/CR/2020/2020Simonis3.pdf),,TRUE,TRUE,PAMGUARD_CLICK,,,,,,,,
SWFSC,SWFSC_MOB_20160904_PASCAL_021,BEAKED_ANALYSIS,SOUNDTRAP_RECORDING,"BBWH,BWC,BW43,GOBW,HUBW,STBWH,UNME",INTERVAL,2016-09-03T23:54:34+0000,2016-09-25T10:02:46+0000,288.0,0.0,288.0,POST_PROCESSED,FULLY_VALIDATED,Simonis et al 2020 (https://swfsc-publications.fisheries.noaa.gov/publications/CR/2020/2020Simonis3.pdf),,TRUE,TRUE,PAMGUARD_CLICK,,,,,,,,
SWFSC,SWFSC_MOB_20180830_CCES_012,BEAKED_ANALYSIS,SOUNDTRAP_RECORDING,"BBWH,BWC,BW43,GOBW,HUBW,STBWH,UNME",INTERVAL,2018-08-30T02:58:44+0000,2018-10-06T17:00:44+0000,288.0,0.0,288.0,POST_PROCESSED,FULLY_VALIDATED,Simonis et al 2020 (https://swfsc-publications.fisheries.noaa.gov/publications/CR/2020/2020Simonis3.pdf),,TRUE,TRUE,PAMGUARD_CLICK,,,,,,,,
SWFSC,SWFSC_MOB_20220423_ADRIFT_013,BEAKED_ANALYSIS,SOUNDTRAP_RECORDING,"BBWH,BWC,BW43,GOBW,HUBW,STBWH,UNME",INTERVAL,2022-04-23T20:44:52+0000,2022-05-04T20:36:02+0000,384.0,0.0,288.0,POST_PROCESSED,FULLY_VALIDATED,Simonis et al 2020 (https://swfsc-publications.fisheries.noaa.gov/publications/CR/2020/2020Simonis3.pdf),,TRUE,TRUE,PAMGUARD_CLICK,,,,,,,,
SWFSC,SWFSC_ORE_20160819_PASCAL_001,BEAKED_ANALYSIS,SOUNDTRAP_RECORDING,"BBWH,BWC,BW43,GOBW,HUBW,STBWH,UNME",INTERVAL,2016-08-20T02:20:07+0000,2016-08-31T14:42:00+0000,288.0,0.0,288.0,POST_PROCESSED,FULLY_VALIDATED,Simonis et al 2020 (https://swfsc-publications.fisheries.noaa.gov/publications/CR/2020/2020Simonis3.pdf),,TRUE,TRUE,PAMGUARD_CLICK,,,,,,,,
SWFSC,SWFSC_ORE_20160828_PASCAL_011,BEAKED_ANALYSIS,SM2BAT_RECORDINGS,"BBWH,BWC,BW43,GOBW,HUBW,STBWH,UNME",INTERVAL,2016-08-28T12:44:00+0000,2016-09-17T04:18:00+0000,192.0,0.0,192.0,POST_PROCESSED,FULLY_VALIDATED,Simonis et al 2020 (https://swfsc-publications.fisheries.noaa.gov/publications/CR/2020/2020Simonis3.pdf),,TRUE,TRUE,PAMGUARD_CLICK,,,,,,,,
SWFSC,SWFSC_ORE_20160831_PASCAL_015,BEAKED_ANALYSIS,SOUNDTRAP_RECORDING,"BBWH,BWC,BW43,GOBW,HUBW,STBWH,UNME",INTERVAL,2016-08-31T07:11:38+0000,2016-09-05T04:48:42+0000,288.0,0.0,288.0,POST_PROCESSED,FULLY_VALIDATED,Simonis et al 2020 (https://swfsc-publications.fisheries.noaa.gov/publications/CR/2020/2020Simonis3.pdf),,TRUE,TRUE,PAMGUARD_CLICK,,,,,,,,
SWFSC,SWFSC_ORE_20230316_ADRIFT_043,BEAKED_ANALYSIS,SOUNDTRAP_RECORDING,"BBWH,BWC,BW43,GOBW,HUBW,STBWH,UNME",INTERVAL,2023-03-16T18:52:27+0000,2023-03-20T08:53:16+0000,384.0,0.0,288.0,POST_PROCESSED,FULLY_VALIDATED,Simonis et al 2020 (https://swfsc-publications.fisheries.noaa.gov/publications/CR/2020/2020Simonis3.pdf),,TRUE,TRUE,PAMGUARD_CLICK,,,,,,,,
SWFSC,SWFSC_PTA_20160902_PASCAL_017,BEAKED_ANALYSIS,SM3M_RECORDINGS,"BBWH,BWC,BW43,GOBW,HUBW,STBWH,UNME",INTERVAL,2016-09-02T03:54:06+0000,2016-09-21T23:14:00+0000,256.0,0.0,256.0,POST_PROCESSED,FULLY_VALIDATED,Simonis et al 2020 (https://swfsc-publications.fisheries.noaa.gov/publications/CR/2020/2020Simonis3.pdf),,TRUE,TRUE,PAMGUARD_CLICK,,,,,,,,
SWFSC,SWFSC_PTA_20180822_CCES_010,BEAKED_ANALYSIS,SOUNDTRAP_RECORDING,"BBWH,BWC,BW43,GOBW,HUBW,STBWH,UNME",INTERVAL,2018-08-22T02:24:55+0000,2018-10-21T23:48:58+0000,576.0,0.0,288.0,POST_PROCESSED,FULLY_VALIDATED,Simonis et al 2020 (https://swfsc-publications.fisheries.noaa.gov/publications/CR/2020/2020Simonis3.pdf),,TRUE,TRUE,PAMGUARD_CLICK,,,,,,,,
SWFSC,SWFSC_SFB_20220618_ADRIFT_015,BEAKED_ANALYSIS,SOUNDTRAP_RECORDING,"BBWH,BWC,BW43,GOBW,HUBW,STBWH,UNME",INTERVAL,2022-06-18T08:07:12+0000,2022-06-21T06:14:36+0000,384.0,0.0,288.0,POST_PROCESSED,FULLY_VALIDATED,Simonis et al 2020 (https://swfsc-publications.fisheries.noaa.gov/publications/CR/2020/2020Simonis3.pdf),,TRUE,TRUE,PAMGUARD_CLICK,,,,,,,,
SWFSC,SWFSC_SFB_20220726_ADRIFT_027,BEAKED_ANALYSIS,SOUNDTRAP_RECORDING,"BBWH,BWC,BW43,GOBW,HUBW,STBWH,UNME",INTERVAL,2022-07-26T18:37:12+0000,2022-07-30T18:14:25+0000,384.0,0.0,288.0,POST_PROCESSED,FULLY_VALIDATED,Simonis et al 2020 (https://swfsc-publications.fisheries.noaa.gov/publications/CR/2020/2020Simonis3.pdf),,TRUE,TRUE,PAMGUARD_CLICK,,,,,,,,
SWFSC,SWFSC_SFB_20220726_ADRIFT_028,BEAKED_ANALYSIS,SOUNDTRAP_RECORDING,"BBWH,BWC,BW43,GOBW,HUBW,STBWH,UNME",INTERVAL,2022-07-26T17:29:47+0000,2022-07-30T20:20:32+0000,384.0,0.0,288.0,POST_PROCESSED,FULLY_VALIDATED,Simonis et al 2020 (https://swfsc-publications.fisheries.noaa.gov/publications/CR/2020/2020Simonis3.pdf),,TRUE,TRUE,PAMGUARD_CLICK,,,,,,,,
SWFSC,SWFSC_SFB_20230917_ADRIFT_092,BEAKED_ANALYSIS,SOUNDTRAP_RECORDING,"BBWH,BWC,BW43,GOBW,HUBW,STBWH,UNME",INTERVAL,2023-09-17T17:42:00+0000,2023-09-22T01:42:02+0000,384.0,0.0,288.0,POST_PROCESSED,FULLY_VALIDATED,Simonis et al 2020 (https://swfsc-publications.fisheries.noaa.gov/publications/CR/2020/2020Simonis3.pdf),,TRUE,TRUE,PAMGUARD_CLICK,,,,,,,,
SWFSC,SWFSC_SND_20160905_PASCAL_022,BEAKED_ANALYSIS,SOUNDTRAP_RECORDING,"BBWH,BWC,BW43,GOBW,HUBW,STBWH,UNME",INTERVAL,2016-09-05T06:46:24+0000,2016-09-28T17:06:40+0000,288.0,0.0,288.0,POST_PROCESSED,FULLY_VALIDATED,Simonis et al 2020 (https://swfsc-publications.fisheries.noaa.gov/publications/CR/2020/2020Simonis3.pdf),,TRUE,TRUE,PAMGUARD_CLICK,,,,,,,,
SWFSC,SWFSC_SND_20160924_PASCAL_023,BEAKED_ANALYSIS,SOUNDTRAP_RECORDING,"BBWH,BWC,BW43,GOBW,HUBW,STBWH,UNME",INTERVAL,2016-09-24T00:37:42+0000,2016-09-28T00:57:46+0000,288.0,0.0,288.0,POST_PROCESSED,FULLY_VALIDATED,Simonis et al 2020 (https://swfsc-publications.fisheries.noaa.gov/publications/CR/2020/2020Simonis3.pdf),,TRUE,TRUE,PAMGUARD_CLICK,,,,,,,,
SWFSC,SWFSC_SND_20160924_PASCAL_024,BEAKED_ANALYSIS,SOUNDTRAP_RECORDING_9174,"BBWH,BWC,BW43,GOBW,HUBW,STBWH,UNME",INTERVAL,2016-09-24T01:46:49+0000,2016-09-28T02:11:14+0000,288.0,0.0,288.0,POST_PROCESSED,FULLY_VALIDATED,Simonis et al 2020 (https://swfsc-publications.fisheries.noaa.gov/publications/CR/2020/2020Simonis3.pdf),,TRUE,TRUE,PAMGUARD_CLICK,,,,,,,,
SWFSC,SWFSC_SND_20160924_PASCAL_025,BEAKED_ANALYSIS,SOUNDTRAP_RECORDING,"BBWH,BWC,BW43,GOBW,HUBW,STBWH,UNME",INTERVAL,2016-09-24T04:09:39+0000,2016-09-28T02:25:43+0000,288.0,0.0,288.0,POST_PROCESSED,FULLY_VALIDATED,Simonis et al 2020 (https://swfsc-publications.fisheries.noaa.gov/publications/CR/2020/2020Simonis3.pdf),,TRUE,TRUE,PAMGUARD_CLICK,,,,,,,,
SWFSC,SWFSC_BCN_20160824_PASCAL_006,BLWH_ANALYSIS,SOUNDTRAP_RECORDING,BLWH,INTERVAL,2016-08-24T13:00:23+0000,2016-08-30T03:29:26+0000,288.0,0.0,0.25,POST_PROCESSED,FULLY_VALIDATED,Unpublished,,TRUE,TRUE,MANUAL,,,,,,,,
SWFSC,SWFSC_BCN_20160825_PASCAL_007,BLWH_ANALYSIS,SM3M_RECORDINGS,BLWH,INTERVAL,2016-08-25T09:30:05+0000,2016-09-13T09:30:03+0000,256.0,0.0,0.25,POST_PROCESSED,FULLY_VALIDATED,Unpublished,,TRUE,TRUE,MANUAL,,,,,,,,
SWFSC,SWFSC_BCN_20181005_CCES_014,BLWH_ANALYSIS,SOUNDTRAP_RECORDING,BLWH,INTERVAL,2018-10-05T06:01:04+0000,2018-11-01T16:43:03+0000,576.0,0.0,0.25,POST_PROCESSED,FULLY_VALIDATED,Unpublished,,TRUE,TRUE,MANUAL,,,,,,,,
SWFSC,SWFSC_BCN_20181030_CCES_016,BLWH_ANALYSIS,SOUNDTRAP_RECORDING,BLWH,INTERVAL,2018-10-30T14:49:37+0000,2018-11-15T23:01:37+0000,576.0,0.0,0.25,POST_PROCESSED,FULLY_VALIDATED,Unpublished,,TRUE,TRUE,MANUAL,,,,,,,,
SWFSC,SWFSC_BCN_20181031_CCES_017,BLWH_ANALYSIS,SM3M_RECORDINGS,BLWH,INTERVAL,2018-10-31T00:00:00+0000,2018-11-24T04:30:00+0000,256.0,0.0,0.25,POST_PROCESSED,FULLY_VALIDATED,Unpublished,,TRUE,TRUE,MANUAL,,,,,,,,
SWFSC,SWFSC_BCN_20181031_CCES_018,BLWH_ANALYSIS,SOUNDTRAP_RECORDING,BLWH,INTERVAL,2018-10-31T10:05:29+0000,2018-11-16T04:12:29+0000,576.0,0.0,0.25,POST_PROCESSED,FULLY_VALIDATED,Unpublished,,TRUE,TRUE,MANUAL,,,,,,,,
SWFSC,SWFSC_BCN_20181101_CCES_019,BLWH_ANALYSIS,SOUNDTRAP_RECORDING,BLWH,INTERVAL,2018-11-01T02:23:12+0000,2018-11-18T12:54:48+0000,576.0,0.0,0.25,POST_PROCESSED,FULLY_VALIDATED,Unpublished,,TRUE,TRUE,MANUAL,,,,,,,,
SWFSC,SWFSC_BCN_20181105_CCES_020,BLWH_ANALYSIS,SOUNDTRAP_RECORDING,BLWH,INTERVAL,2018-11-05T14:22:39+0000,2018-11-22T09:16:43+0000,576.0,0.0,0.25,POST_PROCESSED,FULLY_VALIDATED,Unpublished,,TRUE,TRUE,MANUAL,,,,,,,,
SWFSC,SWFSC_BCN_20181106_CCES_021,BLWH_ANALYSIS,SOUNDTRAP_RECORDING,BLWH,INTERVAL,2018-11-06T03:58:51+0000,2018-11-11T09:12:51+0000,576.0,0.0,0.25,POST_PROCESSED,FULLY_VALIDATED,Unpublished,,TRUE,TRUE,MANUAL,,,,,,,,
SWFSC,SWFSC_BCN_20181107_CCES_022,BLWH_ANALYSIS,SOUNDTRAP_RECORDING,BLWH,INTERVAL,2018-11-07T14:23:49+0000,2018-11-23T18:55:49+0000,576.0,0.0,0.25,POST_PROCESSED,FULLY_VALIDATED,Unpublished,,TRUE,TRUE,MANUAL,,,,,,,,
SWFSC,SWFSC_BCN_20181122_CCES_023,BLWH_ANALYSIS,SOUNDTRAP_RECORDING,BLWH,INTERVAL,2018-11-22T08:28:24+0000,2018-12-03T00:49:11+0000,576.0,0.0,0.25,POST_PROCESSED,FULLY_VALIDATED,Unpublished,,TRUE,TRUE,MANUAL,,,,,,,,
SWFSC,SWFSC_CHI_20160822_PASCAL_005,BLWH_ANALYSIS,SOUNDTRAP_RECORDING,BLWH,INTERVAL,2016-08-22T15:03:57+0000,2016-09-04T22:55:57+0000,288.0,0.0,0.25,POST_PROCESSED,FULLY_VALIDATED,Unpublished,,TRUE,TRUE,MANUAL,,,,,,,,
SWFSC,SWFSC_CHI_20160904_PASCAL_019,BLWH_ANALYSIS,SOUNDTRAP_RECORDING,BLWH,INTERVAL,2016-09-04T01:47:23+0000,2016-09-23T06:59:21+0000,288.0,0.0,0.25,POST_PROCESSED,FULLY_VALIDATED,Unpublished,,TRUE,TRUE,MANUAL,,,,,,,,
SWFSC,SWFSC_CHI_20160906_PASCAL_020,BLWH_ANALYSIS,SOUNDTRAP_RECORDING,BLWH,INTERVAL,2016-09-06T02:37:11+0000,2016-09-29T05:18:16+0000,288.0,0.0,0.25,POST_PROCESSED,FULLY_VALIDATED,Unpublished,,TRUE,TRUE,MANUAL,,,,,,,,
SWFSC,SWFSC_CHI_20160924_PASCAL_027,BLWH_ANALYSIS,SOUNDTRAP_RECORDING,BLWH,INTERVAL,2016-09-24T15:49:50+0000,2016-09-26T03:53:51+0000,288.0,0.0,0.25,POST_PROCESSED,FULLY_VALIDATED,Unpublished,,TRUE,TRUE,MANUAL,,,,,,,,
SWFSC,SWFSC_CHI_20160924_PASCAL_028,BLWH_ANALYSIS,SOUNDTRAP_RECORDING,BLWH,INTERVAL,2016-09-24T16:40:33+0000,2016-09-29T03:38:00+0000,288.0,0.0,0.25,POST_PROCESSED,FULLY_VALIDATED,Unpublished,,TRUE,TRUE,MANUAL,,,,,,,,
SWFSC,SWFSC_CHI_20160926_PASCAL_029,BLWH_ANALYSIS,SOUNDTRAP_RECORDING_0774,BLWH,INTERVAL,2016-09-26T05:39:29+0000,2016-09-28T14:17:31+0000,288.0,0.0,0.25,POST_PROCESSED,FULLY_VALIDATED,Unpublished,,TRUE,TRUE,MANUAL,,,,,,,,
SWFSC,SWFSC_CHI_20160926_PASCAL_030,BLWH_ANALYSIS,SOUNDTRAP_RECORDING,BLWH,INTERVAL,2016-09-26T06:07:51+0000,2016-09-28T15:13:54+0000,288.0,0.0,0.25,POST_PROCESSED,FULLY_VALIDATED,Unpublished,,TRUE,TRUE,MANUAL,,,,,,,,
SWFSC,SWFSC_CHI_20180911_CCES_013,BLWH_ANALYSIS,SOUNDTRAP_RECORDING,BLWH,INTERVAL,2018-09-11T20:56:28+0000,2018-10-23T13:58:28+0000,288.0,0.0,0.25,POST_PROCESSED,FULLY_VALIDATED,Unpublished,,TRUE,TRUE,MANUAL,,,,,,,,
SWFSC,SWFSC_COL_20160829_PASCAL_012,BLWH_ANALYSIS,SOUNDTRAP_RECORDING,BLWH,INTERVAL,2016-08-29T09:01:46+0000,2016-09-17T19:53:46+0000,288.0,0.0,0.25,POST_PROCESSED,FULLY_VALIDATED,Unpublished,,TRUE,TRUE,MANUAL,,,,,,,,
SWFSC,SWFSC_COL_20160829_PASCAL_013,BLWH_ANALYSIS,SM3M_RECORDINGS,BLWH,INTERVAL,2016-08-29T20:50:05+0000,2016-09-15T17:26:06+0000,256.0,0.0,0.25,POST_PROCESSED,FULLY_VALIDATED,Unpublished,,TRUE,TRUE,MANUAL,,,,,,,,
SWFSC,SWFSC_HMB_20210609_ADRIFT_002,BLWH_ANALYSIS,SOUNDTRAP_RECORDING,BLWH,INTERVAL,2021-06-09T18:12:23+0000,2021-06-16T22:48:53+0000,384.0,0.0,0.25,POST_PROCESSED,FULLY_VALIDATED,Unpublished,,TRUE,TRUE,MANUAL,,,,,,,,
SWFSC,SWFSC_HUM_20160821_PASCAL_002,BLWH_ANALYSIS,SOUNDTRAP_RECORDING,BLWH,INTERVAL,2016-08-20T18:44:06+0000,2016-09-01T02:06:05+0000,288.0,0.0,0.25,POST_PROCESSED,FULLY_VALIDATED,Unpublished,,TRUE,TRUE,MANUAL,,,,,,,,
SWFSC,SWFSC_HUM_20160901_PASCAL_016,BLWH_ANALYSIS,SOUNDTRAP_RECORDING,BLWH,INTERVAL,2016-09-01T13:22:02+0000,2016-09-21T00:04:02+0000,288.0,0.0,0.25,POST_PROCESSED,FULLY_VALIDATED,Unpublished,,TRUE,TRUE,MANUAL,,,,,,,,
SWFSC,SWFSC_HUM_20180725_CCES_004,BLWH_ANALYSIS,SM3M_RECORDINGS,BLWH,INTERVAL,2018-07-30T00:00:00+0000,2018-10-12T23:59:59+0000,256.0,0.0,0.25,POST_PROCESSED,FULLY_VALIDATED,Unpublished,,TRUE,TRUE,MANUAL,,,,,,,,
SWFSC,SWFSC_HUM_20180805_CCES_007,BLWH_ANALYSIS,SOUNDTRAP_RECORDING,BLWH,INTERVAL,2018-08-05T15:27:50+0000,2018-09-22T18:09:50+0000,288.0,0.0,0.25,POST_PROCESSED,FULLY_VALIDATED,Unpublished,,TRUE,TRUE,MANUAL,,,,,,,,
SWFSC,SWFSC_HUM_20180816_CCES_008,BLWH_ANALYSIS,SOUNDTRAP_RECORDING,BLWH,INTERVAL,2018-08-16T04:38:04+0000,2018-10-01T01:59:55+0000,288.0,0.0,0.25,POST_PROCESSED,FULLY_VALIDATED,Unpublished,,TRUE,TRUE,MANUAL,,,,,,,,
SWFSC,SWFSC_HUM_20210822_ADRIFT_001,BLWH_ANALYSIS,SOUNDTRAP_RECORDING,BLWH,INTERVAL,2021-08-22T18:59:59+0000,2021-08-29T09:30:30+0000,384.0,0.0,0.25,POST_PROCESSED,FULLY_VALIDATED,Unpublished,,TRUE,TRUE,MANUAL,,,,,,,,
SWFSC,SWFSC_HUM_20220728_ADRIFT_030,BLWH_ANALYSIS,SOUNDTRAP_RECORDING,BLWH,INTERVAL,2022-07-28T18:59:58+0000,2022-08-01T11:29:40+0000,384.0,0.0,0.25,POST_PROCESSED,FULLY_VALIDATED,Unpublished,,TRUE,TRUE,MANUAL,,,,,,,,
SWFSC,SWFSC_HUM_20220728_ADRIFT_031,BLWH_ANALYSIS,SOUNDTRAP_RECORDING,BLWH,INTERVAL,2022-07-28T18:59:58+0000,2022-08-01T08:52:13+0000,384.0,0.0,0.25,POST_PROCESSED,FULLY_VALIDATED,Unpublished,,TRUE,TRUE,MANUAL,,,,,,,,
SWFSC,SWFSC_HUM_20220913_ADRIFT_032,BLWH_ANALYSIS,SOUNDTRAP_RECORDING,BLWH,INTERVAL,2022-09-13T06:59:56+0000,2022-09-15T18:14:45+0000,384.0,0.0,0.25,POST_PROCESSED,FULLY_VALIDATED,Unpublished,,TRUE,TRUE,MANUAL,,,,,,,,
SWFSC,SWFSC_HUM_20220913_ADRIFT_033,BLWH_ANALYSIS,SOUNDTRAP_RECORDING,BLWH,INTERVAL,2022-09-13T04:44:56+0000,2022-09-15T17:29:45+0000,384.0,0.0,0.25,POST_PROCESSED,FULLY_VALIDATED,Unpublished,,TRUE,TRUE,MANUAL,,,,,,,,
SWFSC,SWFSC_HUM_20221116_ADRIFT_036,BLWH_ANALYSIS,SOUNDTRAP_RECORDING,BLWH,INTERVAL,2022-11-16T19:14:57+0000,2022-11-20T07:37:12+0000,384.0,0.0,0.25,POST_PROCESSED,FULLY_VALIDATED,Unpublished,,TRUE,TRUE,MANUAL,,,,,,,,
SWFSC,SWFSC_HUM_20221116_ADRIFT_037,BLWH_ANALYSIS,SOUNDTRAP_RECORDING,BLWH,INTERVAL,2022-11-16T18:59:58+0000,2022-11-21T10:59:46+0000,288.0,0.0,0.25,POST_PROCESSED,FULLY_VALIDATED,Unpublished,,TRUE,TRUE,MANUAL,,,,,,,,
SWFSC,SWFSC_HUM_20221116_ADRIFT_038,BLWH_ANALYSIS,SOUNDTRAP_RECORDING,BLWH,INTERVAL,2022-11-16T19:14:57+0000,2022-11-20T03:29:42+0000,384.0,0.0,0.25,POST_PROCESSED,FULLY_VALIDATED,Unpublished,,TRUE,TRUE,MANUAL,,,,,,,,
SWFSC,SWFSC_HUM_20221213_ADRIFT_039,BLWH_ANALYSIS,SOUNDTRAP_RECORDING,BLWH,INTERVAL,2022-12-13T21:29:57+0000,2022-12-16T20:22:14+0000,384.0,0.0,0.25,POST_PROCESSED,FULLY_VALIDATED,Unpublished,,TRUE,TRUE,MANUAL,,,,,,,,
SWFSC,SWFSC_HUM_20221213_ADRIFT_040,BLWH_ANALYSIS,SOUNDTRAP_RECORDING,BLWH,INTERVAL,2022-12-13T21:29:57+0000,2022-12-16T21:29:49+0000,288.0,0.0,0.25,POST_PROCESSED,FULLY_VALIDATED,Unpublished,,TRUE,TRUE,MANUAL,,,,,,,,
SWFSC,SWFSC_HUM_20221213_ADRIFT_041,BLWH_ANALYSIS,SOUNDTRAP_RECORDING,BLWH,INTERVAL,2022-12-13T21:52:27+0000,2022-12-16T22:37:14+0000,384.0,0.0,0.25,POST_PROCESSED,FULLY_VALIDATED,Unpublished,,TRUE,TRUE,MANUAL,,,,,,,,
SWFSC,SWFSC_HUM_20230825_ADRIFT_088,BLWH_ANALYSIS,SOUNDTRAP_RECORDING,BLWH,INTERVAL,2023-08-25T17:29:58+0000,2023-08-28T20:23:59+0000,384.0,0.0,0.25,POST_PROCESSED,FULLY_VALIDATED,Unpublished,,TRUE,TRUE,MANUAL,,,,,,,,
SWFSC,SWFSC_HUM_20230825_ADRIFT_089,BLWH_ANALYSIS,SOUNDTRAP_RECORDING,BLWH,INTERVAL,2023-08-25T17:17:58+0000,2023-08-26T18:23:58+0000,384.0,0.0,0.25,POST_PROCESSED,FULLY_VALIDATED,Unpublished,,TRUE,TRUE,MANUAL,,,,,,,,
SWFSC,SWFSC_HUM_20230825_ADRIFT_090,BLWH_ANALYSIS,SOUNDTRAP_RECORDING,BLWH,INTERVAL,2023-08-25T17:41:58+0000,2023-08-26T21:11:58+0000,384.0,0.0,0.25,POST_PROCESSED,FULLY_VALIDATED,Unpublished,,TRUE,TRUE,MANUAL,,,,,,,,
SWFSC,SWFSC_HUM_20230825_ADRIFT_091,BLWH_ANALYSIS,SOUNDTRAP_RECORDING,BLWH,INTERVAL,2023-08-25T18:05:58+0000,2023-08-28T21:29:59+0000,288.0,0.0,0.25,POST_PROCESSED,FULLY_VALIDATED,Unpublished,,TRUE,TRUE,MANUAL,,,,,,,,
SWFSC,SWFSC_HUM_20231005_ADRIFT_097,BLWH_ANALYSIS,SOUNDTRAP_RECORDING,BLWH,INTERVAL,2023-10-05T23:29:58+0000,2023-10-06T23:23:58+0000,384.0,0.0,0.25,POST_PROCESSED,FULLY_VALIDATED,Unpublished,,TRUE,TRUE,MANUAL,,,,,,,,
SWFSC,SWFSC_HUM_20231005_ADRIFT_098,BLWH_ANALYSIS,SOUNDTRAP_RECORDING,BLWH,INTERVAL,2023-10-05T23:29:58+0000,2023-10-06T23:41:58+0000,384.0,0.0,0.25,POST_PROCESSED,FULLY_VALIDATED,Unpublished,,TRUE,TRUE,MANUAL,,,,,,,,
SWFSC,SWFSC_HUM_20231005_ADRIFT_099,BLWH_ANALYSIS,SOUNDTRAP_RECORDING,BLWH,INTERVAL,2023-10-05T23:41:58+0000,2023-10-06T23:53:58+0000,384.0,0.0,0.25,POST_PROCESSED,FULLY_VALIDATED,Unpublished,,TRUE,TRUE,MANUAL,,,,,,,,
SWFSC,SWFSC_HUM_20231005_ADRIFT_100,BLWH_ANALYSIS,SOUNDTRAP_RECORDING,BLWH,INTERVAL,2023-10-05T23:53:58+0000,2023-10-07T00:23:58+0000,288.0,0.0,0.25,POST_PROCESSED,FULLY_VALIDATED,Unpublished,,TRUE,TRUE,MANUAL,,,,,,,,
SWFSC,SWFSC_MBY_20160822_PASCAL_004,BLWH_ANALYSIS,SOUNDTRAP_RECORDING,BLWH,INTERVAL,2016-08-22T00:28:27+0000,2016-09-03T19:14:33+0000,288.0,0.0,0.25,POST_PROCESSED,FULLY_VALIDATED,Unpublished,,TRUE,TRUE,MANUAL,,,,,,,,
SWFSC,SWFSC_MBY_20160827_PASCAL_009,BLWH_ANALYSIS,SOUNDTRAP_RECORDING_1436,BLWH,INTERVAL,2016-08-27T00:22:14+0000,2016-09-15T13:04:14+0000,288.0,0.0,0.25,POST_PROCESSED,FULLY_VALIDATED,Unpublished,,TRUE,TRUE,MANUAL,,,,,,,,
SWFSC,SWFSC_MBY_20160903_PASCAL_018,BLWH_ANALYSIS,SM2BAT_RECORDINGS,BLWH,INTERVAL,2016-09-03T05:32:00+0000,2016-09-22T11:50:00+0000,192.0,0.0,0.25,POST_PROCESSED,FULLY_VALIDATED,Unpublished,,TRUE,TRUE,MANUAL,,,,,,,,
SWFSC,SWFSC_MBY_20230711_ADRIFT_079,BLWH_ANALYSIS,SOUNDTRAP_RECORDING,BLWH,INTERVAL,2023-07-11T19:54:00+0000,2023-07-16T16:24:02+0000,384.0,0.0,0.25,POST_PROCESSED,FULLY_VALIDATED,Unpublished,,TRUE,TRUE,MANUAL,,,,,,,,
SWFSC,SWFSC_MBY_20230711_ADRIFT_080,BLWH_ANALYSIS,SOUNDTRAP_RECORDING,BLWH,INTERVAL,2023-07-11T20:42:00+0000,2023-07-16T20:12:01+0000,384.0,0.0,0.25,POST_PROCESSED,FULLY_VALIDATED,Unpublished,,TRUE,TRUE,MANUAL,,,,,,,,
SWFSC,SWFSC_MBY_20230711_ADRIFT_081,BLWH_ANALYSIS,SOUNDTRAP_RECORDING,BLWH,INTERVAL,2023-07-11T21:17:59+0000,2023-07-16T17:42:02+0000,384.0,0.0,0.25,POST_PROCESSED,FULLY_VALIDATED,Unpublished,,TRUE,TRUE,MANUAL,,,,,,,,
SWFSC,SWFSC_MBY_20230711_ADRIFT_082,BLWH_ANALYSIS,SOUNDTRAP_RECORDING,BLWH,INTERVAL,2023-07-11T21:54:00+0000,2023-07-15T18:42:01+0000,384.0,0.0,0.25,POST_PROCESSED,FULLY_VALIDATED,Unpublished,,TRUE,TRUE,MANUAL,,,,,,,,
SWFSC,SWFSC_MBY_20230711_ADRIFT_083,BLWH_ANALYSIS,SOUNDTRAP_RECORDING,BLWH,INTERVAL,2023-07-11T22:42:00+0000,2023-07-16T17:18:01+0000,384.0,0.0,0.25,POST_PROCESSED,FULLY_VALIDATED,Unpublished,,TRUE,TRUE,MANUAL,,,,,,,,
SWFSC,SWFSC_MBY_20231106_ADRIFT_101,BLWH_ANALYSIS,SOUNDTRAP_RECORDING,BLWH,INTERVAL,2023-11-06T17:06:00+0000,2023-11-10T18:18:01+0000,384.0,0.0,0.25,POST_PROCESSED,FULLY_VALIDATED,Unpublished,,TRUE,TRUE,MANUAL,,,,,,,,
SWFSC,SWFSC_MBY_20231106_ADRIFT_102,BLWH_ANALYSIS,SOUNDTRAP_RECORDING,BLWH,INTERVAL,2023-11-06T17:42:00+0000,2023-11-10T19:48:01+0000,384.0,0.0,0.25,POST_PROCESSED,FULLY_VALIDATED,Unpublished,,TRUE,TRUE,MANUAL,,,,,,,,
SWFSC,SWFSC_MBY_20231106_ADRIFT_103,BLWH_ANALYSIS,SOUNDTRAP_RECORDING,BLWH,INTERVAL,2023-11-06T18:54:00+0000,2023-11-10T20:54:00+0000,384.0,0.0,0.25,POST_PROCESSED,FULLY_VALIDATED,Unpublished,,TRUE,TRUE,MANUAL,,,,,,,,
SWFSC,SWFSC_MBY_20231106_ADRIFT_104,BLWH_ANALYSIS,SOUNDTRAP_RECORDING,BLWH,INTERVAL,2023-11-06T19:24:00+0000,2023-11-10T22:48:01+0000,384.0,0.0,0.25,POST_PROCESSED,FULLY_VALIDATED,Unpublished,,TRUE,TRUE,MANUAL,,,,,,,,
SWFSC,SWFSC_MBY_20231106_ADRIFT_105,BLWH_ANALYSIS,SOUNDTRAP_RECORDING,BLWH,INTERVAL,2023-11-06T20:00:00+0000,2023-11-10T22:00:01+0000,384.0,0.0,0.25,POST_PROCESSED,FULLY_VALIDATED,Unpublished,,TRUE,TRUE,MANUAL,,,,,,,,
SWFSC,SWFSC_MBY_20231106_ADRIFT_106,BLWH_ANALYSIS,SOUNDTRAP_RECORDING,BLWH,INTERVAL,2023-11-06T20:35:59+0000,2023-11-10T22:18:01+0000,384.0,0.0,0.25,POST_PROCESSED,FULLY_VALIDATED,Unpublished,,TRUE,TRUE,MANUAL,,,,,,,,
SWFSC,SWFSC_MBY_20231106_ADRIFT_107,BLWH_ANALYSIS,SOUNDTRAP_RECORDING,BLWH,INTERVAL,2023-11-06T21:00:00+0000,2023-11-10T20:24:01+0000,384.0,0.0,0.25,POST_PROCESSED,FULLY_VALIDATED,Unpublished,,TRUE,TRUE,MANUAL,,,,,,,,
SWFSC,SWFSC_MBY_20231106_ADRIFT_108,BLWH_ANALYSIS,SOUNDTRAP_RECORDING,BLWH,INTERVAL,2023-11-06T21:41:59+0000,2023-11-10T21:24:00+0000,384.0,0.0,0.25,POST_PROCESSED,FULLY_VALIDATED,Unpublished,,TRUE,TRUE,MANUAL,,,,,,,,
SWFSC,SWFSC_MND_20160821_PASCAL_003,BLWH_ANALYSIS,SOUNDTRAP_RECORDING,BLWH,INTERVAL,2016-08-21T10:37:16+0000,2016-09-02T16:39:16+0000,288.0,0.0,0.25,POST_PROCESSED,FULLY_VALIDATED,Unpublished,,TRUE,TRUE,MANUAL,,,,,,,,
SWFSC,SWFSC_MND_20160827_PASCAL_010,BLWH_ANALYSIS,SM3M_RECORDINGS,BLWH,INTERVAL,2016-08-27T17:44:06+0000,2016-09-17T04:24:05+0000,256.0,0.0,0.25,POST_PROCESSED,FULLY_VALIDATED,Unpublished,,TRUE,TRUE,MANUAL,,,,,,,,
SWFSC,SWFSC_MOB_20160904_PASCAL_021,BLWH_ANALYSIS,SOUNDTRAP_RECORDING,BLWH,INTERVAL,2016-09-03T23:54:34+0000,2016-09-25T10:02:46+0000,288.0,0.0,0.25,POST_PROCESSED,FULLY_VALIDATED,Unpublished,,TRUE,TRUE,MANUAL,,,,,,,,
SWFSC,SWFSC_MOB_20180830_CCES_012,BLWH_ANALYSIS,SOUNDTRAP_RECORDING,BLWH,INTERVAL,2018-08-30T02:58:44+0000,2018-10-06T17:00:44+0000,288.0,0.0,0.25,POST_PROCESSED,FULLY_VALIDATED,Unpublished,,TRUE,TRUE,MANUAL,,,,,,,,
SWFSC,SWFSC_ORE_20160819_PASCAL_001,BLWH_ANALYSIS,SOUNDTRAP_RECORDING,BLWH,INTERVAL,2016-08-20T02:20:07+0000,2016-08-31T14:42:00+0000,288.0,0.0,0.25,POST_PROCESSED,FULLY_VALIDATED,Unpublished,,TRUE,TRUE,MANUAL,,,,,,,,
SWFSC,SWFSC_ORE_20160831_PASCAL_015,BLWH_ANALYSIS,SOUNDTRAP_RECORDING,BLWH,INTERVAL,2016-08-31T07:11:38+0000,2016-09-05T04:48:42+0000,288.0,0.0,0.25,POST_PROCESSED,FULLY_VALIDATED,Unpublished,,TRUE,TRUE,MANUAL,,,,,,,,
SWFSC,SWFSC_ORE_20230717_ADRIFT_078,BLWH_ANALYSIS,SOUNDTRAP_RECORDING,BLWH,INTERVAL,2023-07-17T20:03:06+0000,2023-07-21T11:22:38+0000,384.0,0.0,0.25,POST_PROCESSED,FULLY_VALIDATED,Unpublished,,TRUE,TRUE,MANUAL,,,,,,,,
SWFSC,SWFSC_PTA_20160902_PASCAL_017,BLWH_ANALYSIS,SM3M_RECORDINGS,BLWH,INTERVAL,2016-09-02T03:54:06+0000,2016-09-21T23:14:00+0000,256.0,0.0,0.25,POST_PROCESSED,FULLY_VALIDATED,Unpublished,,TRUE,TRUE,MANUAL,,,,,,,,
SWFSC,SWFSC_PTA_20180822_CCES_010,BLWH_ANALYSIS,SOUNDTRAP_RECORDING,BLWH,INTERVAL,2018-08-22T02:24:55+0000,2018-10-21T23:48:58+0000,576.0,0.0,0.25,POST_PROCESSED,FULLY_VALIDATED,Unpublished,,TRUE,TRUE,MANUAL,,,,,,,,
SWFSC,SWFSC_SFB_20210610_ADRIFT_007,BLWH_ANALYSIS,SOUNDTRAP_RECORDING,BLWH,INTERVAL,2021-06-10T17:33:22+0000,2021-06-24T10:00:08+0000,384.0,0.0,0.25,POST_PROCESSED,FULLY_VALIDATED,Unpublished,,TRUE,TRUE,MANUAL,,,,,,,,
SWFSC,SWFSC_SFB_20210725_ADRIFT_003,BLWH_ANALYSIS,SOUNDTRAP_RECORDING,BLWH,INTERVAL,2021-07-25T18:35:58+0000,2021-08-03T16:32:07+0000,384.0,0.0,0.25,POST_PROCESSED,FULLY_VALIDATED,Unpublished,,TRUE,TRUE,MANUAL,,,,,,,,
SWFSC,SWFSC_SFB_20210725_ADRIFT_006,BLWH_ANALYSIS,SOUNDTRAP_RECORDING,BLWH,INTERVAL,2021-07-25T19:11:59+0000,2021-07-28T22:05:59+0000,384.0,0.0,0.25,POST_PROCESSED,FULLY_VALIDATED,Unpublished,,TRUE,TRUE,MANUAL,,,,,,,,
SWFSC,SWFSC_SFB_20220726_ADRIFT_027,BLWH_ANALYSIS,SOUNDTRAP_RECORDING,BLWH,INTERVAL,2022-07-26T18:37:12+0000,2022-07-30T18:14:25+0000,384.0,0.0,0.25,POST_PROCESSED,FULLY_VALIDATED,Unpublished,,TRUE,TRUE,MANUAL,,,,,,,,
SWFSC,SWFSC_SFB_20220726_ADRIFT_028,BLWH_ANALYSIS,SOUNDTRAP_RECORDING,BLWH,INTERVAL,2022-07-26T17:29:47+0000,2022-07-30T20:20:32+0000,384.0,0.0,0.25,POST_PROCESSED,FULLY_VALIDATED,Unpublished,,TRUE,TRUE,MANUAL,,,,,,,,
SWFSC,SWFSC_SFB_20220927_ADRIFT_034,BLWH_ANALYSIS,SOUNDTRAP_RECORDING,BLWH,INTERVAL,2022-09-27T18:37:14+0000,2022-10-01T15:59:35+0000,384.0,0.0,0.25,POST_PROCESSED,FULLY_VALIDATED,Unpublished,,TRUE,TRUE,MANUAL,,,,,,,,
SWFSC,SWFSC_SFB_20230917_ADRIFT_092,BLWH_ANALYSIS,SOUNDTRAP_RECORDING,BLWH,INTERVAL,2023-09-17T17:42:00+0000,2023-09-22T01:42:02+0000,384.0,0.0,0.25,POST_PROCESSED,FULLY_VALIDATED,Unpublished,,TRUE,TRUE,MANUAL,,,,,,,,
SWFSC,SWFSC_SND_20160905_PASCAL_022,BLWH_ANALYSIS,SOUNDTRAP_RECORDING,BLWH,INTERVAL,2016-09-05T06:46:24+0000,2016-09-28T17:06:40+0000,288.0,0.0,0.25,POST_PROCESSED,FULLY_VALIDATED,Unpublished,,TRUE,TRUE,MANUAL,,,,,,,,
SWFSC,SWFSC_SND_20160924_PASCAL_023,BLWH_ANALYSIS,SOUNDTRAP_RECORDING,BLWH,INTERVAL,2016-09-24T00:37:42+0000,2016-09-28T00:57:46+0000,288.0,0.0,0.25,POST_PROCESSED,FULLY_VALIDATED,Unpublished,,TRUE,TRUE,MANUAL,,,,,,,,
SWFSC,SWFSC_SND_20160924_PASCAL_024,BLWH_ANALYSIS,SOUNDTRAP_RECORDING_9174,BLWH,INTERVAL,2016-09-24T01:46:49+0000,2016-09-28T02:11:14+0000,288.0,0.0,0.25,POST_PROCESSED,FULLY_VALIDATED,Unpublished,,TRUE,TRUE,MANUAL,,,,,,,,
SWFSC,SWFSC_SND_20160924_PASCAL_025,BLWH_ANALYSIS,SOUNDTRAP_RECORDING,BLWH,INTERVAL,2016-09-24T04:09:39+0000,2016-09-28T02:25:43+0000,288.0,0.0,0.25,POST_PROCESSED,FULLY_VALIDATED,Unpublished,,TRUE,TRUE,MANUAL,,,,,,,,
SWFSC,SWFSC_BCN_20160824_PASCAL_006,FIWH_ANALYSIS,SOUNDTRAP_RECORDING,FIWH,INTERVAL,2016-08-24T13:00:23+0000,2016-08-30T03:29:26+0000,288.0,0.0,0.25,POST_PROCESSED,PARTIALLY_VALIDATED,Unpublished,,TRUE,TRUE,MANUAL,,,,,,,,
SWFSC,SWFSC_BCN_20181005_CCES_014,FIWH_ANALYSIS,SOUNDTRAP_RECORDING,FIWH,INTERVAL,2018-10-05T06:01:04+0000,2018-11-01T16:43:03+0000,576.0,0.0,0.25,POST_PROCESSED,PARTIALLY_VALIDATED,Unpublished,,TRUE,TRUE,MANUAL,,,,,,,,
SWFSC,SWFSC_BCN_20181030_CCES_016,FIWH_ANALYSIS,SOUNDTRAP_RECORDING,FIWH,INTERVAL,2018-10-30T14:49:37+0000,2018-11-15T23:01:37+0000,576.0,0.0,0.25,POST_PROCESSED,PARTIALLY_VALIDATED,Unpublished,,TRUE,TRUE,MANUAL,,,,,,,,
SWFSC,SWFSC_BCN_20181031_CCES_018,FIWH_ANALYSIS,SOUNDTRAP_RECORDING,FIWH,INTERVAL,2018-10-31T10:05:29+0000,2018-11-16T04:12:29+0000,576.0,0.0,0.25,POST_PROCESSED,PARTIALLY_VALIDATED,Unpublished,,TRUE,TRUE,MANUAL,,,,,,,,
SWFSC,SWFSC_BCN_20181101_CCES_019,FIWH_ANALYSIS,SOUNDTRAP_RECORDING,FIWH,INTERVAL,2018-11-01T02:23:12+0000,2018-11-18T12:54:48+0000,576.0,0.0,0.25,POST_PROCESSED,PARTIALLY_VALIDATED,Unpublished,,TRUE,TRUE,MANUAL,,,,,,,,
SWFSC,SWFSC_BCN_20181105_CCES_020,FIWH_ANALYSIS,SOUNDTRAP_RECORDING,FIWH,INTERVAL,2018-11-05T14:22:39+0000,2018-11-22T09:16:43+0000,576.0,0.0,0.25,POST_PROCESSED,PARTIALLY_VALIDATED,Unpublished,,TRUE,TRUE,MANUAL,,,,,,,,
SWFSC,SWFSC_BCN_20181106_CCES_021,FIWH_ANALYSIS,SOUNDTRAP_RECORDING,FIWH,INTERVAL,2018-11-06T03:58:51+0000,2018-11-11T09:12:51+0000,576.0,0.0,0.25,POST_PROCESSED,PARTIALLY_VALIDATED,Unpublished,,TRUE,TRUE,MANUAL,,,,,,,,
SWFSC,SWFSC_BCN_20181107_CCES_022,FIWH_ANALYSIS,SOUNDTRAP_RECORDING,FIWH,INTERVAL,2018-11-07T14:23:49+0000,2018-11-23T18:55:49+0000,576.0,0.0,0.25,POST_PROCESSED,PARTIALLY_VALIDATED,Unpublished,,TRUE,TRUE,MANUAL,,,,,,,,
SWFSC,SWFSC_BCN_20181122_CCES_023,FIWH_ANALYSIS,SOUNDTRAP_RECORDING,FIWH,INTERVAL,2018-11-22T08:28:24+0000,2018-12-03T00:49:11+0000,576.0,0.0,0.25,POST_PROCESSED,PARTIALLY_VALIDATED,Unpublished,,TRUE,TRUE,MANUAL,,,,,,,,
SWFSC,SWFSC_CHI_20160822_PASCAL_005,FIWH_ANALYSIS,SOUNDTRAP_RECORDING,FIWH,INTERVAL,2016-08-22T15:03:57+0000,2016-09-04T22:55:57+0000,288.0,0.0,0.25,POST_PROCESSED,PARTIALLY_VALIDATED,Unpublished,,TRUE,TRUE,MANUAL,,,,,,,,
SWFSC,SWFSC_CHI_20160904_PASCAL_019,FIWH_ANALYSIS,SOUNDTRAP_RECORDING,FIWH,INTERVAL,2016-09-04T01:47:23+0000,2016-09-23T06:59:21+0000,288.0,0.0,0.25,POST_PROCESSED,PARTIALLY_VALIDATED,Unpublished,,TRUE,TRUE,MANUAL,,,,,,,,
SWFSC,SWFSC_CHI_20160906_PASCAL_020,FIWH_ANALYSIS,SOUNDTRAP_RECORDING,FIWH,INTERVAL,2016-09-06T02:37:11+0000,2016-09-29T05:18:16+0000,288.0,0.0,0.25,POST_PROCESSED,PARTIALLY_VALIDATED,Unpublished,,TRUE,TRUE,MANUAL,,,,,,,,
SWFSC,SWFSC_CHI_20160924_PASCAL_026,FIWH_ANALYSIS,SOUNDTRAP_RECORDING_0774,FIWH,INTERVAL,2016-09-24T15:15:28+0000,2016-09-26T04:21:29+0000,288.0,0.0,0.25,POST_PROCESSED,PARTIALLY_VALIDATED,Unpublished,,TRUE,TRUE,MANUAL,,,,,,,,
SWFSC,SWFSC_CHI_20160924_PASCAL_027,FIWH_ANALYSIS,SOUNDTRAP_RECORDING,FIWH,INTERVAL,2016-09-24T15:49:50+0000,2016-09-26T03:53:51+0000,288.0,0.0,0.25,POST_PROCESSED,PARTIALLY_VALIDATED,Unpublished,,TRUE,TRUE,MANUAL,,,,,,,,
SWFSC,SWFSC_CHI_20160924_PASCAL_028,FIWH_ANALYSIS,SOUNDTRAP_RECORDING,FIWH,INTERVAL,2016-09-24T16:40:33+0000,2016-09-29T03:38:00+0000,288.0,0.0,0.25,POST_PROCESSED,PARTIALLY_VALIDATED,Unpublished,,TRUE,TRUE,MANUAL,,,,,,,,
SWFSC,SWFSC_CHI_20160926_PASCAL_029,FIWH_ANALYSIS,SOUNDTRAP_RECORDING_0774,FIWH,INTERVAL,2016-09-26T05:39:29+0000,2016-09-28T14:17:31+0000,288.0,0.0,0.25,POST_PROCESSED,PARTIALLY_VALIDATED,Unpublished,,TRUE,TRUE,MANUAL,,,,,,,,
SWFSC,SWFSC_CHI_20160926_PASCAL_030,FIWH_ANALYSIS,SOUNDTRAP_RECORDING,FIWH,INTERVAL,2016-09-26T06:07:51+0000,2016-09-28T15:13:54+0000,288.0,0.0,0.25,POST_PROCESSED,PARTIALLY_VALIDATED,Unpublished,,TRUE,TRUE,MANUAL,,,,,,,,
SWFSC,SWFSC_CHI_20180911_CCES_013,FIWH_ANALYSIS,SOUNDTRAP_RECORDING,FIWH,INTERVAL,2018-09-11T20:56:28+0000,2018-10-23T13:58:28+0000,288.0,0.0,0.25,POST_PROCESSED,PARTIALLY_VALIDATED,Unpublished,,TRUE,TRUE,MANUAL,,,,,,,,
SWFSC,SWFSC_COL_20160829_PASCAL_012,FIWH_ANALYSIS,SOUNDTRAP_RECORDING,FIWH,INTERVAL,2016-08-29T09:01:46+0000,2016-09-17T19:53:46+0000,288.0,0.0,0.25,POST_PROCESSED,PARTIALLY_VALIDATED,Unpublished,,TRUE,TRUE,MANUAL,,,,,,,,
SWFSC,SWFSC_COL_20160829_PASCAL_013,FIWH_ANALYSIS,SM3M_RECORDINGS,FIWH,INTERVAL,2016-08-29T20:50:05+0000,2016-09-15T17:26:06+0000,256.0,0.0,0.25,POST_PROCESSED,PARTIALLY_VALIDATED,Unpublished,,TRUE,TRUE,MANUAL,,,,,,,,
SWFSC,SWFSC_HMB_20210609_ADRIFT_002,FIWH_ANALYSIS,SOUNDTRAP_RECORDING,FIWH,INTERVAL,2021-06-09T18:12:23+0000,2021-06-16T22:48:53+0000,384.0,0.0,0.25,POST_PROCESSED,PARTIALLY_VALIDATED,Unpublished,,TRUE,TRUE,MANUAL,,,,,,,,
SWFSC,SWFSC_HUM_20160821_PASCAL_002,FIWH_ANALYSIS,SOUNDTRAP_RECORDING,FIWH,INTERVAL,2016-08-20T18:44:06+0000,2016-09-01T02:06:05+0000,288.0,0.0,0.25,POST_PROCESSED,PARTIALLY_VALIDATED,Unpublished,,TRUE,TRUE,MANUAL,,,,,,,,
SWFSC,SWFSC_HUM_20160901_PASCAL_016,FIWH_ANALYSIS,SOUNDTRAP_RECORDING,FIWH,INTERVAL,2016-09-01T13:22:02+0000,2016-09-21T00:04:02+0000,288.0,0.0,0.25,POST_PROCESSED,PARTIALLY_VALIDATED,Unpublished,,TRUE,TRUE,MANUAL,,,,,,,,
SWFSC,SWFSC_HUM_20180725_CCES_004,FIWH_ANALYSIS,SM3M_RECORDINGS,FIWH,INTERVAL,2018-07-30T00:00:00+0000,2018-10-12T23:59:59+0000,256.0,0.0,0.25,POST_PROCESSED,PARTIALLY_VALIDATED,Unpublished,,TRUE,TRUE,MANUAL,,,,,,,,
SWFSC,SWFSC_HUM_20180805_CCES_007,FIWH_ANALYSIS,SOUNDTRAP_RECORDING,FIWH,INTERVAL,2018-08-05T15:27:50+0000,2018-09-22T18:09:50+0000,288.0,0.0,0.25,POST_PROCESSED,PARTIALLY_VALIDATED,Unpublished,,TRUE,TRUE,MANUAL,,,,,,,,
SWFSC,SWFSC_HUM_20180816_CCES_008,FIWH_ANALYSIS,SOUNDTRAP_RECORDING,FIWH,INTERVAL,2018-08-16T04:38:04+0000,2018-10-01T01:59:55+0000,288.0,0.0,0.25,POST_PROCESSED,PARTIALLY_VALIDATED,Unpublished,,TRUE,TRUE,MANUAL,,,,,,,,
SWFSC,SWFSC_HUM_20210822_ADRIFT_001,FIWH_ANALYSIS,SOUNDTRAP_RECORDING,FIWH,INTERVAL,2021-08-22T18:59:59+0000,2021-08-29T09:30:30+0000,384.0,0.0,0.25,POST_PROCESSED,PARTIALLY_VALIDATED,Unpublished,,TRUE,TRUE,MANUAL,,,,,,,,
SWFSC,SWFSC_HUM_20220118_ADRIFT_012,FIWH_ANALYSIS,SOUNDTRAP_RECORDING,FIWH,INTERVAL,2022-01-18T03:42:19+0000,2022-01-21T19:39:12+0000,384.0,0.0,0.25,POST_PROCESSED,PARTIALLY_VALIDATED,Unpublished,,TRUE,TRUE,MANUAL,,,,,,,,
SWFSC,SWFSC_HUM_20220425_ADRIFT_017,FIWH_ANALYSIS,SOUNDTRAP_RECORDING,FIWH,INTERVAL,2022-04-25T18:59:59+0000,2022-04-28T19:22:16+0000,384.0,0.0,0.25,POST_PROCESSED,PARTIALLY_VALIDATED,Unpublished,,TRUE,TRUE,MANUAL,,,,,,,,
SWFSC,SWFSC_HUM_20220425_ADRIFT_018,FIWH_ANALYSIS,SOUNDTRAP_RECORDING,FIWH,INTERVAL,2022-04-25T19:59:57+0000,2022-04-28T20:22:15+0000,384.0,0.0,0.25,POST_PROCESSED,PARTIALLY_VALIDATED,Unpublished,,TRUE,TRUE,MANUAL,,,,,,,,
SWFSC,SWFSC_HUM_20220728_ADRIFT_030,FIWH_ANALYSIS,SOUNDTRAP_RECORDING,FIWH,INTERVAL,2022-07-28T18:59:58+0000,2022-08-01T11:29:40+0000,384.0,0.0,0.25,POST_PROCESSED,PARTIALLY_VALIDATED,Unpublished,,TRUE,TRUE,MANUAL,,,,,,,,
SWFSC,SWFSC_HUM_20220728_ADRIFT_031,FIWH_ANALYSIS,SOUNDTRAP_RECORDING,FIWH,INTERVAL,2022-07-28T18:59:58+0000,2022-08-01T08:52:13+0000,384.0,0.0,0.25,POST_PROCESSED,PARTIALLY_VALIDATED,Unpublished,,TRUE,TRUE,MANUAL,,,,,,,,
SWFSC,SWFSC_HUM_20220913_ADRIFT_032,FIWH_ANALYSIS,SOUNDTRAP_RECORDING,FIWH,INTERVAL,2022-09-13T06:59:56+0000,2022-09-15T18:14:45+0000,384.0,0.0,0.25,POST_PROCESSED,PARTIALLY_VALIDATED,Unpublished,,TRUE,TRUE,MANUAL,,,,,,,,
SWFSC,SWFSC_HUM_20220913_ADRIFT_033,FIWH_ANALYSIS,SOUNDTRAP_RECORDING,FIWH,INTERVAL,2022-09-13T04:44:56+0000,2022-09-15T17:29:45+0000,384.0,0.0,0.25,POST_PROCESSED,PARTIALLY_VALIDATED,Unpublished,,TRUE,TRUE,MANUAL,,,,,,,,
SWFSC,SWFSC_HUM_20221116_ADRIFT_036,FIWH_ANALYSIS,SOUNDTRAP_RECORDING,FIWH,INTERVAL,2022-11-16T19:14:57+0000,2022-11-20T07:37:12+0000,384.0,0.0,0.25,POST_PROCESSED,PARTIALLY_VALIDATED,Unpublished,,TRUE,TRUE,MANUAL,,,,,,,,
SWFSC,SWFSC_HUM_20221116_ADRIFT_037,FIWH_ANALYSIS,SOUNDTRAP_RECORDING,FIWH,INTERVAL,2022-11-16T18:59:58+0000,2022-11-21T10:59:46+0000,288.0,0.0,0.25,POST_PROCESSED,PARTIALLY_VALIDATED,Unpublished,,TRUE,TRUE,MANUAL,,,,,,,,
SWFSC,SWFSC_HUM_20221116_ADRIFT_038,FIWH_ANALYSIS,SOUNDTRAP_RECORDING,FIWH,INTERVAL,2022-11-16T19:14:57+0000,2022-11-20T03:29:42+0000,384.0,0.0,0.25,POST_PROCESSED,PARTIALLY_VALIDATED,Unpublished,,TRUE,TRUE,MANUAL,,,,,,,,
SWFSC,SWFSC_HUM_20221213_ADRIFT_041,FIWH_ANALYSIS,SOUNDTRAP_RECORDING,FIWH,INTERVAL,2022-12-13T21:52:27+0000,2022-12-16T22:37:14+0000,384.0,0.0,0.25,POST_PROCESSED,PARTIALLY_VALIDATED,Unpublished,,TRUE,TRUE,MANUAL,,,,,,,,
SWFSC,SWFSC_HUM_20230316_ADRIFT_054,FIWH_ANALYSIS,SOUNDTRAP_RECORDING,FIWH,INTERVAL,2023-03-16T18:29:57+0000,2023-03-18T16:59:48+0000,384.0,0.0,0.25,POST_PROCESSED,PARTIALLY_VALIDATED,Unpublished,,TRUE,TRUE,MANUAL,,,,,,,,
SWFSC,SWFSC_HUM_20230316_ADRIFT_055,FIWH_ANALYSIS,SOUNDTRAP_RECORDING,FIWH,INTERVAL,2023-03-16T18:29:57+0000,2023-03-18T17:29:52+0000,288.0,0.0,0.25,POST_PROCESSED,PARTIALLY_VALIDATED,Unpublished,,TRUE,TRUE,MANUAL,,,,,,,,
SWFSC,SWFSC_HUM_20230316_ADRIFT_057,FIWH_ANALYSIS,SOUNDTRAP_RECORDING,FIWH,INTERVAL,2023-03-16T19:14:57+0000,2023-03-18T16:59:48+0000,384.0,0.0,0.25,POST_PROCESSED,PARTIALLY_VALIDATED,Unpublished,,TRUE,TRUE,MANUAL,,,,,,,,
SWFSC,SWFSC_HUM_20230825_ADRIFT_088,FIWH_ANALYSIS,SOUNDTRAP_RECORDING,FIWH,INTERVAL,2023-08-25T17:29:58+0000,2023-08-28T20:23:59+0000,384.0,0.0,0.25,POST_PROCESSED,PARTIALLY_VALIDATED,Unpublished,,TRUE,TRUE,MANUAL,,,,,,,,
SWFSC,SWFSC_HUM_20230825_ADRIFT_089,FIWH_ANALYSIS,SOUNDTRAP_RECORDING,FIWH,INTERVAL,2023-08-25T17:17:58+0000,2023-08-26T18:23:58+0000,384.0,0.0,0.25,POST_PROCESSED,PARTIALLY_VALIDATED,Unpublished,,TRUE,TRUE,MANUAL,,,,,,,,
SWFSC,SWFSC_HUM_20230825_ADRIFT_090,FIWH_ANALYSIS,SOUNDTRAP_RECORDING,FIWH,INTERVAL,2023-08-25T17:41:58+0000,2023-08-26T21:11:58+0000,384.0,0.0,0.25,POST_PROCESSED,PARTIALLY_VALIDATED,Unpublished,,TRUE,TRUE,MANUAL,,,,,,,,
SWFSC,SWFSC_HUM_20230825_ADRIFT_091,FIWH_ANALYSIS,SOUNDTRAP_RECORDING,FIWH,INTERVAL,2023-08-25T18:05:58+0000,2023-08-28T21:29:59+0000,288.0,0.0,0.25,POST_PROCESSED,PARTIALLY_VALIDATED,Unpublished,,TRUE,TRUE,MANUAL,,,,,,,,
SWFSC,SWFSC_HUM_20231005_ADRIFT_097,FIWH_ANALYSIS,SOUNDTRAP_RECORDING,FIWH,INTERVAL,2023-10-05T23:29:58+0000,2023-10-06T23:23:58+0000,384.0,0.0,0.25,POST_PROCESSED,PARTIALLY_VALIDATED,Unpublished,,TRUE,TRUE,MANUAL,,,,,,,,
SWFSC,SWFSC_HUM_20231005_ADRIFT_098,FIWH_ANALYSIS,SOUNDTRAP_RECORDING,FIWH,INTERVAL,2023-10-05T23:29:58+0000,2023-10-06T23:41:58+0000,384.0,0.0,0.25,POST_PROCESSED,PARTIALLY_VALIDATED,Unpublished,,TRUE,TRUE,MANUAL,,,,,,,,
SWFSC,SWFSC_HUM_20231005_ADRIFT_099,FIWH_ANALYSIS,SOUNDTRAP_RECORDING,FIWH,INTERVAL,2023-10-05T23:41:58+0000,2023-10-06T23:53:58+0000,384.0,0.0,0.25,POST_PROCESSED,PARTIALLY_VALIDATED,Unpublished,,TRUE,TRUE,MANUAL,,,,,,,,
SWFSC,SWFSC_HUM_20231005_ADRIFT_100,FIWH_ANALYSIS,SOUNDTRAP_RECORDING,FIWH,INTERVAL,2023-10-05T23:53:58+0000,2023-10-07T00:23:58+0000,288.0,0.0,0.25,POST_PROCESSED,PARTIALLY_VALIDATED,Unpublished,,TRUE,TRUE,MANUAL,,,,,,,,
SWFSC,SWFSC_MBY_20160822_PASCAL_004,FIWH_ANALYSIS,SOUNDTRAP_RECORDING,FIWH,INTERVAL,2016-08-22T00:28:27+0000,2016-09-03T19:14:33+0000,288.0,0.0,0.25,POST_PROCESSED,PARTIALLY_VALIDATED,Unpublished,,TRUE,TRUE,MANUAL,,,,,,,,
SWFSC,SWFSC_MBY_20160827_PASCAL_009,FIWH_ANALYSIS,SOUNDTRAP_RECORDING_1436,FIWH,INTERVAL,2016-08-27T00:22:14+0000,2016-09-15T13:04:14+0000,288.0,0.0,0.25,POST_PROCESSED,PARTIALLY_VALIDATED,Unpublished,,TRUE,TRUE,MANUAL,,,,,,,,
SWFSC,SWFSC_MBY_20160903_PASCAL_018,FIWH_ANALYSIS,SM2BAT_RECORDINGS,FIWH,INTERVAL,2016-09-03T05:32:00+0000,2016-09-22T11:50:00+0000,192.0,0.0,0.25,POST_PROCESSED,PARTIALLY_VALIDATED,Unpublished,,TRUE,TRUE,MANUAL,,,,,,,,
SWFSC,SWFSC_MBY_20220621_ADRIFT_024,FIWH_ANALYSIS,SOUNDTRAP_RECORDING,FIWH,INTERVAL,2022-06-21T19:29:59+0000,2022-06-25T20:14:42+0000,384.0,0.0,0.25,POST_PROCESSED,PARTIALLY_VALIDATED,Unpublished,,TRUE,TRUE,MANUAL,,,,,,,,
SWFSC,SWFSC_MBY_20220621_ADRIFT_025,FIWH_ANALYSIS,SOUNDTRAP_RECORDING,FIWH,INTERVAL,2022-06-21T19:44:59+0000,2022-06-25T17:29:42+0000,384.0,0.0,0.25,POST_PROCESSED,PARTIALLY_VALIDATED,Unpublished,,TRUE,TRUE,MANUAL,,,,,,,,
SWFSC,SWFSC_MBY_20230311_ADRIFT_046,FIWH_ANALYSIS,SOUNDTRAP_RECORDING,FIWH,INTERVAL,2023-03-11T19:00:00+0000,2023-03-16T21:30:01+0000,384.0,0.0,0.25,POST_PROCESSED,PARTIALLY_VALIDATED,Unpublished,,TRUE,TRUE,MANUAL,,,,,,,,
SWFSC,SWFSC_MBY_20230311_ADRIFT_047,FIWH_ANALYSIS,SOUNDTRAP_RECORDING,FIWH,INTERVAL,2023-03-11T19:30:00+0000,2023-03-16T21:12:01+0000,384.0,0.0,0.25,POST_PROCESSED,PARTIALLY_VALIDATED,Unpublished,,TRUE,TRUE,MANUAL,,,,,,,,
SWFSC,SWFSC_MBY_20230311_ADRIFT_048,FIWH_ANALYSIS,SOUNDTRAP_RECORDING,FIWH,INTERVAL,2023-03-11T19:54:00+0000,2023-03-18T18:12:02+0000,384.0,0.0,0.25,POST_PROCESSED,PARTIALLY_VALIDATED,Unpublished,,TRUE,TRUE,MANUAL,,,,,,,,
SWFSC,SWFSC_MBY_20230311_ADRIFT_049,FIWH_ANALYSIS,SOUNDTRAP_RECORDING,FIWH,INTERVAL,2023-03-11T20:35:59+0000,2023-03-16T17:42:01+0000,384.0,0.0,0.25,POST_PROCESSED,PARTIALLY_VALIDATED,Unpublished,,TRUE,TRUE,MANUAL,,,,,,,,
SWFSC,SWFSC_MBY_20230311_ADRIFT_050,FIWH_ANALYSIS,SOUNDTRAP_RECORDING,FIWH,INTERVAL,2023-03-11T21:00:00+0000,2023-03-16T20:00:01+0000,384.0,0.0,0.25,POST_PROCESSED,PARTIALLY_VALIDATED,Unpublished,,TRUE,TRUE,MANUAL,,,,,,,,
SWFSC,SWFSC_MBY_20230311_ADRIFT_051,FIWH_ANALYSIS,SOUNDTRAP_RECORDING,FIWH,INTERVAL,2023-03-11T21:30:00+0000,2023-03-16T19:24:00+0000,384.0,0.0,0.25,POST_PROCESSED,PARTIALLY_VALIDATED,Unpublished,,TRUE,TRUE,MANUAL,,,,,,,,
SWFSC,SWFSC_MBY_20230311_ADRIFT_052,FIWH_ANALYSIS,SOUNDTRAP_RECORDING,FIWH,INTERVAL,2023-03-11T21:54:00+0000,2023-03-16T22:54:01+0000,384.0,0.0,0.25,POST_PROCESSED,PARTIALLY_VALIDATED,Unpublished,,TRUE,TRUE,MANUAL,,,,,,,,
SWFSC,SWFSC_MBY_20230311_ADRIFT_053,FIWH_ANALYSIS,SOUNDTRAP_RECORDING,FIWH,INTERVAL,2023-03-11T22:18:00+0000,2023-03-16T23:30:01+0000,384.0,0.0,0.25,POST_PROCESSED,PARTIALLY_VALIDATED,Unpublished,,TRUE,TRUE,MANUAL,,,,,,,,
SWFSC,SWFSC_MBY_20230711_ADRIFT_079,FIWH_ANALYSIS,SOUNDTRAP_RECORDING,FIWH,INTERVAL,2023-07-11T19:54:00+0000,2023-07-16T16:24:02+0000,384.0,0.0,0.25,POST_PROCESSED,PARTIALLY_VALIDATED,Unpublished,,TRUE,TRUE,MANUAL,,,,,,,,
SWFSC,SWFSC_MBY_20230711_ADRIFT_080,FIWH_ANALYSIS,SOUNDTRAP_RECORDING,FIWH,INTERVAL,2023-07-11T20:42:00+0000,2023-07-16T20:12:01+0000,384.0,0.0,0.25,POST_PROCESSED,PARTIALLY_VALIDATED,Unpublished,,TRUE,TRUE,MANUAL,,,,,,,,
SWFSC,SWFSC_MBY_20230711_ADRIFT_081,FIWH_ANALYSIS,SOUNDTRAP_RECORDING,FIWH,INTERVAL,2023-07-11T21:17:59+0000,2023-07-16T17:42:02+0000,384.0,0.0,0.25,POST_PROCESSED,PARTIALLY_VALIDATED,Unpublished,,TRUE,TRUE,MANUAL,,,,,,,,
SWFSC,SWFSC_MBY_20230711_ADRIFT_082,FIWH_ANALYSIS,SOUNDTRAP_RECORDING,FIWH,INTERVAL,2023-07-11T21:54:00+0000,2023-07-15T18:42:01+0000,384.0,0.0,0.25,POST_PROCESSED,PARTIALLY_VALIDATED,Unpublished,,TRUE,TRUE,MANUAL,,,,,,,,
SWFSC,SWFSC_MBY_20230711_ADRIFT_083,FIWH_ANALYSIS,SOUNDTRAP_RECORDING,FIWH,INTERVAL,2023-07-11T22:42:00+0000,2023-07-16T17:18:01+0000,384.0,0.0,0.25,POST_PROCESSED,PARTIALLY_VALIDATED,Unpublished,,TRUE,TRUE,MANUAL,,,,,,,,
SWFSC,SWFSC_MBY_20231106_ADRIFT_101,FIWH_ANALYSIS,SOUNDTRAP_RECORDING,FIWH,INTERVAL,2023-11-06T17:06:00+0000,2023-11-10T18:18:01+0000,384.0,0.0,0.25,POST_PROCESSED,PARTIALLY_VALIDATED,Unpublished,,TRUE,TRUE,MANUAL,,,,,,,,
SWFSC,SWFSC_MBY_20231106_ADRIFT_102,FIWH_ANALYSIS,SOUNDTRAP_RECORDING,FIWH,INTERVAL,2023-11-06T17:42:00+0000,2023-11-10T19:48:01+0000,384.0,0.0,0.25,POST_PROCESSED,PARTIALLY_VALIDATED,Unpublished,,TRUE,TRUE,MANUAL,,,,,,,,
SWFSC,SWFSC_MBY_20231106_ADRIFT_103,FIWH_ANALYSIS,SOUNDTRAP_RECORDING,FIWH,INTERVAL,2023-11-06T18:54:00+0000,2023-11-10T20:54:00+0000,384.0,0.0,0.25,POST_PROCESSED,PARTIALLY_VALIDATED,Unpublished,,TRUE,TRUE,MANUAL,,,,,,,,
SWFSC,SWFSC_MBY_20231106_ADRIFT_104,FIWH_ANALYSIS,SOUNDTRAP_RECORDING,FIWH,INTERVAL,2023-11-06T19:24:00+0000,2023-11-10T22:48:01+0000,384.0,0.0,0.25,POST_PROCESSED,PARTIALLY_VALIDATED,Unpublished,,TRUE,TRUE,MANUAL,,,,,,,,
SWFSC,SWFSC_MBY_20231106_ADRIFT_105,FIWH_ANALYSIS,SOUNDTRAP_RECORDING,FIWH,INTERVAL,2023-11-06T20:00:00+0000,2023-11-10T22:00:01+0000,384.0,0.0,0.25,POST_PROCESSED,PARTIALLY_VALIDATED,Unpublished,,TRUE,TRUE,MANUAL,,,,,,,,
SWFSC,SWFSC_MBY_20231106_ADRIFT_106,FIWH_ANALYSIS,SOUNDTRAP_RECORDING,FIWH,INTERVAL,2023-11-06T20:35:59+0000,2023-11-10T22:18:01+0000,384.0,0.0,0.25,POST_PROCESSED,PARTIALLY_VALIDATED,Unpublished,,TRUE,TRUE,MANUAL,,,,,,,,
SWFSC,SWFSC_MBY_20231106_ADRIFT_107,FIWH_ANALYSIS,SOUNDTRAP_RECORDING,FIWH,INTERVAL,2023-11-06T21:00:00+0000,2023-11-10T20:24:01+0000,384.0,0.0,0.25,POST_PROCESSED,PARTIALLY_VALIDATED,Unpublished,,TRUE,TRUE,MANUAL,,,,,,,,
SWFSC,SWFSC_MBY_20231106_ADRIFT_108,FIWH_ANALYSIS,SOUNDTRAP_RECORDING,FIWH,INTERVAL,2023-11-06T21:41:59+0000,2023-11-10T21:24:00+0000,384.0,0.0,0.25,POST_PROCESSED,PARTIALLY_VALIDATED,Unpublished,,TRUE,TRUE,MANUAL,,,,,,,,
SWFSC,SWFSC_MND_20160821_PASCAL_003,FIWH_ANALYSIS,SOUNDTRAP_RECORDING,FIWH,INTERVAL,2016-08-21T10:37:16+0000,2016-09-02T16:39:16+0000,288.0,0.0,0.25,POST_PROCESSED,PARTIALLY_VALIDATED,Unpublished,,TRUE,TRUE,MANUAL,,,,,,,,
SWFSC,SWFSC_MND_20160827_PASCAL_010,FIWH_ANALYSIS,SM3M_RECORDINGS,FIWH,INTERVAL,2016-08-27T17:44:06+0000,2016-09-17T04:24:05+0000,256.0,0.0,0.25,POST_PROCESSED,PARTIALLY_VALIDATED,Unpublished,,TRUE,TRUE,MANUAL,,,,,,,,
SWFSC,SWFSC_MOB_20160904_PASCAL_021,FIWH_ANALYSIS,SOUNDTRAP_RECORDING,FIWH,INTERVAL,2016-09-03T23:54:34+0000,2016-09-25T10:02:46+0000,288.0,0.0,0.25,POST_PROCESSED,PARTIALLY_VALIDATED,Unpublished,,TRUE,TRUE,MANUAL,,,,,,,,
SWFSC,SWFSC_MOB_20180830_CCES_012,FIWH_ANALYSIS,SOUNDTRAP_RECORDING,FIWH,INTERVAL,2018-08-30T02:58:44+0000,2018-10-06T17:00:44+0000,288.0,0.0,0.25,POST_PROCESSED,PARTIALLY_VALIDATED,Unpublished,,TRUE,TRUE,MANUAL,,,,,,,,
SWFSC,SWFSC_MOB_20220423_ADRIFT_013,FIWH_ANALYSIS,SOUNDTRAP_RECORDING,FIWH,INTERVAL,2022-04-23T20:44:52+0000,2022-05-04T20:36:02+0000,384.0,0.0,0.25,POST_PROCESSED,PARTIALLY_VALIDATED,Unpublished,,TRUE,TRUE,MANUAL,,,,,,,,
SWFSC,SWFSC_ORE_20160819_PASCAL_001,FIWH_ANALYSIS,SOUNDTRAP_RECORDING,FIWH,INTERVAL,2016-08-20T02:20:07+0000,2016-08-31T14:42:00+0000,288.0,0.0,0.25,POST_PROCESSED,PARTIALLY_VALIDATED,Unpublished,,TRUE,TRUE,MANUAL,,,,,,,,
SWFSC,SWFSC_ORE_20230316_ADRIFT_042,FIWH_ANALYSIS,SOUNDTRAP_RECORDING,FIWH,INTERVAL,2023-03-16T19:29:57+0000,2023-03-21T00:44:35+0000,384.0,0.0,0.25,POST_PROCESSED,PARTIALLY_VALIDATED,Unpublished,,TRUE,TRUE,MANUAL,,,,,,,,
SWFSC,SWFSC_ORE_20230316_ADRIFT_043,FIWH_ANALYSIS,SOUNDTRAP_RECORDING,FIWH,INTERVAL,2023-03-16T18:52:27+0000,2023-03-20T08:53:16+0000,384.0,0.0,0.25,POST_PROCESSED,PARTIALLY_VALIDATED,Unpublished,,TRUE,TRUE,MANUAL,,,,,,,,
SWFSC,SWFSC_ORE_20230316_ADRIFT_044,FIWH_ANALYSIS,SOUNDTRAP_RECORDING,FIWH,INTERVAL,2023-03-16T20:14:58+0000,2023-03-20T21:11:29+0000,384.0,0.0,0.25,POST_PROCESSED,PARTIALLY_VALIDATED,Unpublished,,TRUE,TRUE,MANUAL,,,,,,,,
SWFSC,SWFSC_ORE_20230316_ADRIFT_045,FIWH_ANALYSIS,SOUNDTRAP_RECORDING,FIWH,INTERVAL,2023-03-16T18:59:58+0000,2023-03-20T11:40:17+0000,384.0,0.0,0.25,POST_PROCESSED,PARTIALLY_VALIDATED,Unpublished,,TRUE,TRUE,MANUAL,,,,,,,,
SWFSC,SWFSC_ORE_20230426_ADRIFT_063,FIWH_ANALYSIS,SOUNDTRAP_RECORDING,FIWH,INTERVAL,2023-04-26T03:03:33+0000,2023-04-29T03:44:57+0000,384.0,0.0,0.25,POST_PROCESSED,PARTIALLY_VALIDATED,Unpublished,,TRUE,TRUE,MANUAL,,,,,,,,
SWFSC,SWFSC_ORE_20230426_ADRIFT_065,FIWH_ANALYSIS,SOUNDTRAP_RECORDING,FIWH,INTERVAL,2023-04-26T02:59:55+0000,2023-04-29T06:47:58+0000,384.0,0.0,0.25,POST_PROCESSED,PARTIALLY_VALIDATED,Unpublished,,TRUE,TRUE,MANUAL,,,,,,,,
SWFSC,SWFSC_ORE_20230517_ADRIFT_072,FIWH_ANALYSIS,SOUNDTRAP_RECORDING,FIWH,INTERVAL,2023-05-17T18:13:55+0000,2023-05-23T13:36:52+0000,384.0,0.0,0.25,POST_PROCESSED,PARTIALLY_VALIDATED,Unpublished,,TRUE,TRUE,MANUAL,,,,,,,,
SWFSC,SWFSC_ORE_20230517_ADRIFT_075,FIWH_ANALYSIS,SOUNDTRAP_RECORDING,FIWH,INTERVAL,2023-05-17T19:25:22+0000,2023-05-21T09:00:04+0000,384.0,0.0,0.25,POST_PROCESSED,PARTIALLY_VALIDATED,Unpublished,,TRUE,TRUE,MANUAL,,,,,,,,
SWFSC,SWFSC_ORE_20230717_ADRIFT_077,FIWH_ANALYSIS,SOUNDTRAP_RECORDING,FIWH,INTERVAL,2023-07-17T19:08:24+0000,2023-07-21T08:34:54+0000,384.0,0.0,0.25,POST_PROCESSED,PARTIALLY_VALIDATED,Unpublished,,TRUE,TRUE,MANUAL,,,,,,,,
SWFSC,SWFSC_ORE_20230717_ADRIFT_078,FIWH_ANALYSIS,SOUNDTRAP_RECORDING,FIWH,INTERVAL,2023-07-17T20:03:06+0000,2023-07-21T11:22:38+0000,384.0,0.0,0.25,POST_PROCESSED,PARTIALLY_VALIDATED,Unpublished,,TRUE,TRUE,MANUAL,,,,,,,,
SWFSC,SWFSC_ORE_20230804_ADRIFT_085,FIWH_ANALYSIS,SOUNDTRAP_RECORDING,FIWH,INTERVAL,2023-08-04T22:05:51+0000,2023-08-11T02:37:32+0000,384.0,0.0,0.25,POST_PROCESSED,PARTIALLY_VALIDATED,Unpublished,,TRUE,TRUE,MANUAL,,,,,,,,
SWFSC,SWFSC_ORE_20230804_ADRIFT_086,FIWH_ANALYSIS,SOUNDTRAP_RECORDING,FIWH,INTERVAL,2023-08-04T22:41:21+0000,2023-08-08T10:11:54+0000,384.0,0.0,0.25,POST_PROCESSED,PARTIALLY_VALIDATED,Unpublished,,TRUE,TRUE,MANUAL,,,,,,,,
SWFSC,SWFSC_ORE_20230804_ADRIFT_087,FIWH_ANALYSIS,SOUNDTRAP_RECORDING,FIWH,INTERVAL,2023-08-04T23:14:28+0000,2023-08-08T11:44:44+0000,384.0,0.0,0.25,POST_PROCESSED,PARTIALLY_VALIDATED,Unpublished,,TRUE,TRUE,MANUAL,,,,,,,,
SWFSC,SWFSC_PTA_20160902_PASCAL_017,FIWH_ANALYSIS,SM3M_RECORDINGS,FIWH,INTERVAL,2016-09-02T03:54:06+0000,2016-09-21T23:14:00+0000,256.0,0.0,0.25,POST_PROCESSED,PARTIALLY_VALIDATED,Unpublished,,TRUE,TRUE,MANUAL,,,,,,,,
SWFSC,SWFSC_PTA_20180822_CCES_010,FIWH_ANALYSIS,SOUNDTRAP_RECORDING,FIWH,INTERVAL,2018-08-22T02:24:55+0000,2018-10-21T23:48:58+0000,576.0,0.0,0.25,POST_PROCESSED,PARTIALLY_VALIDATED,Unpublished,,TRUE,TRUE,MANUAL,,,,,,,,
SWFSC,SWFSC_SFB_20210610_ADRIFT_005,FIWH_ANALYSIS,SOUNDTRAP_RECORDING,FIWH,INTERVAL,2021-06-10T18:30:40+0000,2021-06-22T21:21:24+0000,384.0,0.0,0.25,POST_PROCESSED,PARTIALLY_VALIDATED,Unpublished,,TRUE,TRUE,MANUAL,,,,,,,,
SWFSC,SWFSC_SFB_20210725_ADRIFT_003,FIWH_ANALYSIS,SOUNDTRAP_RECORDING,FIWH,INTERVAL,2021-07-25T18:35:58+0000,2021-08-03T16:32:07+0000,384.0,0.0,0.25,POST_PROCESSED,PARTIALLY_VALIDATED,Unpublished,,TRUE,TRUE,MANUAL,,,,,,,,
SWFSC,SWFSC_SFB_20220726_ADRIFT_027,FIWH_ANALYSIS,SOUNDTRAP_RECORDING,FIWH,INTERVAL,2022-07-26T18:37:12+0000,2022-07-30T18:14:25+0000,384.0,0.0,0.25,POST_PROCESSED,PARTIALLY_VALIDATED,Unpublished,,TRUE,TRUE,MANUAL,,,,,,,,
SWFSC,SWFSC_SFB_20220726_ADRIFT_028,FIWH_ANALYSIS,SOUNDTRAP_RECORDING,FIWH,INTERVAL,2022-07-26T17:29:47+0000,2022-07-30T20:20:32+0000,384.0,0.0,0.25,POST_PROCESSED,PARTIALLY_VALIDATED,Unpublished,,TRUE,TRUE,MANUAL,,,,,,,,
SWFSC,SWFSC_SFB_20220927_ADRIFT_034,FIWH_ANALYSIS,SOUNDTRAP_RECORDING,FIWH,INTERVAL,2022-09-27T18:37:14+0000,2022-10-01T15:59:35+0000,384.0,0.0,0.25,POST_PROCESSED,PARTIALLY_VALIDATED,Unpublished,,TRUE,TRUE,MANUAL,,,,,,,,
SWFSC,SWFSC_SND_20160905_PASCAL_022,FIWH_ANALYSIS,SOUNDTRAP_RECORDING,FIWH,INTERVAL,2016-09-05T06:46:24+0000,2016-09-28T17:06:40+0000,288.0,0.0,0.25,POST_PROCESSED,PARTIALLY_VALIDATED,Unpublished,,TRUE,TRUE,MANUAL,,,,,,,,
SWFSC,SWFSC_SND_20160924_PASCAL_023,FIWH_ANALYSIS,SOUNDTRAP_RECORDING,FIWH,INTERVAL,2016-09-24T00:37:42+0000,2016-09-28T00:57:46+0000,288.0,0.0,0.25,POST_PROCESSED,PARTIALLY_VALIDATED,Unpublished,,TRUE,TRUE,MANUAL,,,,,,,,
SWFSC,SWFSC_SND_20160924_PASCAL_024,FIWH_ANALYSIS,SOUNDTRAP_RECORDING_9174,FIWH,INTERVAL,2016-09-24T01:46:49+0000,2016-09-28T02:11:14+0000,288.0,0.0,0.25,POST_PROCESSED,PARTIALLY_VALIDATED,Unpublished,,TRUE,TRUE,MANUAL,,,,,,,,
SWFSC,SWFSC_SND_20160924_PASCAL_025,FIWH_ANALYSIS,SOUNDTRAP_RECORDING,FIWH,INTERVAL,2016-09-24T04:09:39+0000,2016-09-28T02:25:43+0000,288.0,0.0,0.25,POST_PROCESSED,PARTIALLY_VALIDATED,Unpublished,,TRUE,TRUE,MANUAL,,,,,,,,
SWFSC,SWFSC_BCN_20160825_PASCAL_007,GRAM_ANALYSIS,SM3M_RECORDINGS,GRAM,INTERVAL,2016-08-25T09:30:05+0000,2016-09-13T09:30:03+0000,256.0,0.0,100.0,POST_PROCESSED,FULLY_VALIDATED,"Soldevilla, M. S., Henderson, E. E., Campbell, G. S., Wiggins, S. M., Hildebrand, J. A., & Roch, M. A. (2008). Classification of Rissoâs and Pacific white-sided dolphins using spectral properties of echolocation clicks. The Journal of the Acoustical Society of America, 124(1), 609â624. https://doi.org/10.1121/1.2932059",,TRUE,TRUE,MANUAL,,,,,,,,
SWFSC,SWFSC_CHI_20160826_PASCAL_008,GRAM_ANALYSIS,SM2BAT_RECORDINGS,GRAM,INTERVAL,2016-08-26T04:56:00+0000,2016-09-14T02:46:00+0000,192.0,0.0,100.0,POST_PROCESSED,FULLY_VALIDATED,"Soldevilla, M. S., Henderson, E. E., Campbell, G. S., Wiggins, S. M., Hildebrand, J. A., & Roch, M. A. (2008). Classification of Rissoâs and Pacific white-sided dolphins using spectral properties of echolocation clicks. The Journal of the Acoustical Society of America, 124(1), 609â624. https://doi.org/10.1121/1.2932059",,TRUE,TRUE,MANUAL,,,,,,,,
SWFSC,SWFSC_CHI_20180911_CCES_013,GRAM_ANALYSIS,SOUNDTRAP_RECORDING,GRAM,INTERVAL,2018-09-11T20:56:28+0000,2018-10-23T13:58:28+0000,288.0,0.0,100.0,POST_PROCESSED,FULLY_VALIDATED,"Soldevilla, M. S., Henderson, E. E., Campbell, G. S., Wiggins, S. M., Hildebrand, J. A., & Roch, M. A. (2008). Classification of Rissoâs and Pacific white-sided dolphins using spectral properties of echolocation clicks. The Journal of the Acoustical Society of America, 124(1), 609â624. https://doi.org/10.1121/1.2932059",,TRUE,TRUE,MANUAL,,,,,,,,
SWFSC,SWFSC_COL_20160829_PASCAL_012,GRAM_ANALYSIS,SOUNDTRAP_RECORDING,GRAM,INTERVAL,2016-08-29T09:01:46+0000,2016-09-17T19:53:46+0000,288.0,0.0,100.0,POST_PROCESSED,FULLY_VALIDATED,"Soldevilla, M. S., Henderson, E. E., Campbell, G. S., Wiggins, S. M., Hildebrand, J. A., & Roch, M. A. (2008). Classification of Rissoâs and Pacific white-sided dolphins using spectral properties of echolocation clicks. The Journal of the Acoustical Society of America, 124(1), 609â624. https://doi.org/10.1121/1.2932059",,TRUE,TRUE,MANUAL,,,,,,,,
SWFSC,SWFSC_HUM_20180805_CCES_007,GRAM_ANALYSIS,SOUNDTRAP_RECORDING,GRAM,INTERVAL,2018-08-05T15:27:50+0000,2018-09-22T18:09:50+0000,288.0,0.0,100.0,POST_PROCESSED,FULLY_VALIDATED,"Soldevilla, M. S., Henderson, E. E., Campbell, G. S., Wiggins, S. M., Hildebrand, J. A., & Roch, M. A. (2008). Classification of Rissoâs and Pacific white-sided dolphins using spectral properties of echolocation clicks. The Journal of the Acoustical Society of America, 124(1), 609â624. https://doi.org/10.1121/1.2932059",,TRUE,TRUE,MANUAL,,,,,,,,
SWFSC,SWFSC_HUM_20180816_CCES_008,GRAM_ANALYSIS,SOUNDTRAP_RECORDING,GRAM,INTERVAL,2018-08-16T04:38:04+0000,2018-10-01T01:59:55+0000,288.0,0.0,100.0,POST_PROCESSED,FULLY_VALIDATED,"Soldevilla, M. S., Henderson, E. E., Campbell, G. S., Wiggins, S. M., Hildebrand, J. A., & Roch, M. A. (2008). Classification of Rissoâs and Pacific white-sided dolphins using spectral properties of echolocation clicks. The Journal of the Acoustical Society of America, 124(1), 609â624. https://doi.org/10.1121/1.2932059",,TRUE,TRUE,MANUAL,,,,,,,,
SWFSC,SWFSC_HUM_20220118_ADRIFT_012,GRAM_ANALYSIS,SOUNDTRAP_RECORDING,GRAM,INTERVAL,2022-01-18T03:42:19+0000,2022-01-21T19:39:12+0000,384.0,0.0,100.0,POST_PROCESSED,FULLY_VALIDATED,"Soldevilla, M. S., Henderson, E. E., Campbell, G. S., Wiggins, S. M., Hildebrand, J. A., & Roch, M. A. (2008). Classification of Rissoâs and Pacific white-sided dolphins using spectral properties of echolocation clicks. The Journal of the Acoustical Society of America, 124(1), 609â624. https://doi.org/10.1121/1.2932059",,TRUE,TRUE,MANUAL,,,,,,,,
SWFSC,SWFSC_HUM_20220913_ADRIFT_032,GRAM_ANALYSIS,SOUNDTRAP_RECORDING,GRAM,INTERVAL,2022-09-13T06:59:56+0000,2022-09-15T18:14:45+0000,384.0,0.0,100.0,POST_PROCESSED,FULLY_VALIDATED,"Soldevilla, M. S., Henderson, E. E., Campbell, G. S., Wiggins, S. M., Hildebrand, J. A., & Roch, M. A. (2008). Classification of Rissoâs and Pacific white-sided dolphins using spectral properties of echolocation clicks. The Journal of the Acoustical Society of America, 124(1), 609â624. https://doi.org/10.1121/1.2932059",,TRUE,TRUE,MANUAL,,,,,,,,
SWFSC,SWFSC_HUM_20220913_ADRIFT_033,GRAM_ANALYSIS,SOUNDTRAP_RECORDING,GRAM,INTERVAL,2022-09-13T04:44:56+0000,2022-09-15T17:29:45+0000,384.0,0.0,100.0,POST_PROCESSED,FULLY_VALIDATED,"Soldevilla, M. S., Henderson, E. E., Campbell, G. S., Wiggins, S. M., Hildebrand, J. A., & Roch, M. A. (2008). Classification of Rissoâs and Pacific white-sided dolphins using spectral properties of echolocation clicks. The Journal of the Acoustical Society of America, 124(1), 609â624. https://doi.org/10.1121/1.2932059",,TRUE,TRUE,MANUAL,,,,,,,,
SWFSC,SWFSC_HUM_20221116_ADRIFT_037,GRAM_ANALYSIS,SOUNDTRAP_RECORDING,GRAM,INTERVAL,2022-11-16T18:59:58+0000,2022-11-21T10:59:46+0000,288.0,0.0,100.0,POST_PROCESSED,FULLY_VALIDATED,"Soldevilla, M. S., Henderson, E. E., Campbell, G. S., Wiggins, S. M., Hildebrand, J. A., & Roch, M. A. (2008). Classification of Rissoâs and Pacific white-sided dolphins using spectral properties of echolocation clicks. The Journal of the Acoustical Society of America, 124(1), 609â624. https://doi.org/10.1121/1.2932059",,TRUE,TRUE,MANUAL,,,,,,,,
SWFSC,SWFSC_HUM_20221213_ADRIFT_039,GRAM_ANALYSIS,SOUNDTRAP_RECORDING,GRAM,INTERVAL,2022-12-13T21:29:57+0000,2022-12-16T20:22:14+0000,384.0,0.0,100.0,POST_PROCESSED,FULLY_VALIDATED,"Soldevilla, M. S., Henderson, E. E., Campbell, G. S., Wiggins, S. M., Hildebrand, J. A., & Roch, M. A. (2008). Classification of Rissoâs and Pacific white-sided dolphins using spectral properties of echolocation clicks. The Journal of the Acoustical Society of America, 124(1), 609â624. https://doi.org/10.1121/1.2932059",,TRUE,TRUE,MANUAL,,,,,,,,
SWFSC,SWFSC_HUM_20230316_ADRIFT_054,GRAM_ANALYSIS,SOUNDTRAP_RECORDING,GRAM,INTERVAL,2023-03-16T18:29:57+0000,2023-03-18T16:59:48+0000,384.0,0.0,100.0,POST_PROCESSED,FULLY_VALIDATED,"Soldevilla, M. S., Henderson, E. E., Campbell, G. S., Wiggins, S. M., Hildebrand, J. A., & Roch, M. A. (2008). Classification of Rissoâs and Pacific white-sided dolphins using spectral properties of echolocation clicks. The Journal of the Acoustical Society of America, 124(1), 609â624. https://doi.org/10.1121/1.2932059",,TRUE,TRUE,MANUAL,,,,,,,,
SWFSC,SWFSC_HUM_20230316_ADRIFT_055,GRAM_ANALYSIS,SOUNDTRAP_RECORDING,GRAM,INTERVAL,2023-03-16T18:29:57+0000,2023-03-18T17:29:52+0000,288.0,0.0,100.0,POST_PROCESSED,FULLY_VALIDATED,"Soldevilla, M. S., Henderson, E. E., Campbell, G. S., Wiggins, S. M., Hildebrand, J. A., & Roch, M. A. (2008). Classification of Rissoâs and Pacific white-sided dolphins using spectral properties of echolocation clicks. The Journal of the Acoustical Society of America, 124(1), 609â624. https://doi.org/10.1121/1.2932059",,TRUE,TRUE,MANUAL,,,,,,,,
SWFSC,SWFSC_HUM_20230316_ADRIFT_057,GRAM_ANALYSIS,SOUNDTRAP_RECORDING,GRAM,INTERVAL,2023-03-16T19:14:57+0000,2023-03-18T16:59:48+0000,384.0,0.0,100.0,POST_PROCESSED,FULLY_VALIDATED,"Soldevilla, M. S., Henderson, E. E., Campbell, G. S., Wiggins, S. M., Hildebrand, J. A., & Roch, M. A. (2008). Classification of Rissoâs and Pacific white-sided dolphins using spectral properties of echolocation clicks. The Journal of the Acoustical Society of America, 124(1), 609â624. https://doi.org/10.1121/1.2932059",,TRUE,TRUE,MANUAL,,,,,,,,
SWFSC,SWFSC_HUM_20230507_ADRIFT_068,GRAM_ANALYSIS,SOUNDTRAP_RECORDING,GRAM,INTERVAL,2023-05-07T00:29:57+0000,2023-05-09T16:14:48+0000,384.0,0.0,100.0,POST_PROCESSED,FULLY_VALIDATED,"Soldevilla, M. S., Henderson, E. E., Campbell, G. S., Wiggins, S. M., Hildebrand, J. A., & Roch, M. A. (2008). Classification of Rissoâs and Pacific white-sided dolphins using spectral properties of echolocation clicks. The Journal of the Acoustical Society of America, 124(1), 609â624. https://doi.org/10.1121/1.2932059",,TRUE,TRUE,MANUAL,,,,,,,,
SWFSC,SWFSC_HUM_20230825_ADRIFT_088,GRAM_ANALYSIS,SOUNDTRAP_RECORDING,GRAM,INTERVAL,2023-08-25T17:29:58+0000,2023-08-28T20:23:59+0000,384.0,0.0,100.0,POST_PROCESSED,FULLY_VALIDATED,"Soldevilla, M. S., Henderson, E. E., Campbell, G. S., Wiggins, S. M., Hildebrand, J. A., & Roch, M. A. (2008). Classification of Rissoâs and Pacific white-sided dolphins using spectral properties of echolocation clicks. The Journal of the Acoustical Society of America, 124(1), 609â624. https://doi.org/10.1121/1.2932059",,TRUE,TRUE,MANUAL,,,,,,,,
SWFSC,SWFSC_MBY_20160827_PASCAL_009,GRAM_ANALYSIS,SOUNDTRAP_RECORDING_1436,GRAM,INTERVAL,2016-08-27T00:22:14+0000,2016-09-15T13:04:14+0000,288.0,0.0,100.0,POST_PROCESSED,FULLY_VALIDATED,"Soldevilla, M. S., Henderson, E. E., Campbell, G. S., Wiggins, S. M., Hildebrand, J. A., & Roch, M. A. (2008). Classification of Rissoâs and Pacific white-sided dolphins using spectral properties of echolocation clicks. The Journal of the Acoustical Society of America, 124(1), 609â624. https://doi.org/10.1121/1.2932059",,TRUE,TRUE,MANUAL,,,,,,,,
SWFSC,SWFSC_MBY_20220621_ADRIFT_021,GRAM_ANALYSIS,SOUNDTRAP_RECORDING,GRAM,INTERVAL,2022-06-21T17:07:29+0000,2022-06-25T18:37:12+0000,384.0,0.0,100.0,POST_PROCESSED,FULLY_VALIDATED,"Soldevilla, M. S., Henderson, E. E., Campbell, G. S., Wiggins, S. M., Hildebrand, J. A., & Roch, M. A. (2008). Classification of Rissoâs and Pacific white-sided dolphins using spectral properties of echolocation clicks. The Journal of the Acoustical Society of America, 124(1), 609â624. https://doi.org/10.1121/1.2932059",,TRUE,TRUE,MANUAL,,,,,,,,
SWFSC,SWFSC_MBY_20230711_ADRIFT_079,GRAM_ANALYSIS,SOUNDTRAP_RECORDING,GRAM,INTERVAL,2023-07-11T19:54:00+0000,2023-07-16T16:24:02+0000,384.0,0.0,100.0,POST_PROCESSED,FULLY_VALIDATED,"Soldevilla, M. S., Henderson, E. E., Campbell, G. S., Wiggins, S. M., Hildebrand, J. A., & Roch, M. A. (2008). Classification of Rissoâs and Pacific white-sided dolphins using spectral properties of echolocation clicks. The Journal of the Acoustical Society of America, 124(1), 609â624. https://doi.org/10.1121/1.2932059",,TRUE,TRUE,MANUAL,,,,,,,,
SWFSC,SWFSC_MBY_20230711_ADRIFT_081,GRAM_ANALYSIS,SOUNDTRAP_RECORDING,GRAM,INTERVAL,2023-07-11T21:17:59+0000,2023-07-16T17:42:02+0000,384.0,0.0,100.0,POST_PROCESSED,FULLY_VALIDATED,"Soldevilla, M. S., Henderson, E. E., Campbell, G. S., Wiggins, S. M., Hildebrand, J. A., & Roch, M. A. (2008). Classification of Rissoâs and Pacific white-sided dolphins using spectral properties of echolocation clicks. The Journal of the Acoustical Society of America, 124(1), 609â624. https://doi.org/10.1121/1.2932059",,TRUE,TRUE,MANUAL,,,,,,,,
SWFSC,SWFSC_MBY_20230711_ADRIFT_083,GRAM_ANALYSIS,SOUNDTRAP_RECORDING,GRAM,INTERVAL,2023-07-11T22:42:00+0000,2023-07-16T17:18:01+0000,384.0,0.0,100.0,POST_PROCESSED,FULLY_VALIDATED,"Soldevilla, M. S., Henderson, E. E., Campbell, G. S., Wiggins, S. M., Hildebrand, J. A., & Roch, M. A. (2008). Classification of Rissoâs and Pacific white-sided dolphins using spectral properties of echolocation clicks. The Journal of the Acoustical Society of America, 124(1), 609â624. https://doi.org/10.1121/1.2932059",,TRUE,TRUE,MANUAL,,,,,,,,
SWFSC,SWFSC_MND_20160827_PASCAL_010,GRAM_ANALYSIS,SM3M_RECORDINGS,GRAM,INTERVAL,2016-08-27T17:44:06+0000,2016-09-17T04:24:05+0000,256.0,0.0,100.0,POST_PROCESSED,FULLY_VALIDATED,"Soldevilla, M. S., Henderson, E. E., Campbell, G. S., Wiggins, S. M., Hildebrand, J. A., & Roch, M. A. (2008). Classification of Rissoâs and Pacific white-sided dolphins using spectral properties of echolocation clicks. The Journal of the Acoustical Society of America, 124(1), 609â624. https://doi.org/10.1121/1.2932059",,TRUE,TRUE,MANUAL,,,,,,,,
SWFSC,SWFSC_MOB_20180830_CCES_012,GRAM_ANALYSIS,SOUNDTRAP_RECORDING,GRAM,INTERVAL,2018-08-30T02:58:44+0000,2018-10-06T17:00:44+0000,288.0,0.0,100.0,POST_PROCESSED,FULLY_VALIDATED,"Soldevilla, M. S., Henderson, E. E., Campbell, G. S., Wiggins, S. M., Hildebrand, J. A., & Roch, M. A. (2008). Classification of Rissoâs and Pacific white-sided dolphins using spectral properties of echolocation clicks. The Journal of the Acoustical Society of America, 124(1), 609â624. https://doi.org/10.1121/1.2932059",,TRUE,TRUE,MANUAL,,,,,,,,
SWFSC,SWFSC_ORE_20230316_ADRIFT_042,GRAM_ANALYSIS,SOUNDTRAP_RECORDING,GRAM,INTERVAL,2023-03-16T19:29:57+0000,2023-03-21T00:44:35+0000,384.0,0.0,100.0,POST_PROCESSED,FULLY_VALIDATED,"Soldevilla, M. S., Henderson, E. E., Campbell, G. S., Wiggins, S. M., Hildebrand, J. A., & Roch, M. A. (2008). Classification of Rissoâs and Pacific white-sided dolphins using spectral properties of echolocation clicks. The Journal of the Acoustical Society of America, 124(1), 609â624. https://doi.org/10.1121/1.2932059",,TRUE,TRUE,MANUAL,,,,,,,,
SWFSC,SWFSC_ORE_20230316_ADRIFT_043,GRAM_ANALYSIS,SOUNDTRAP_RECORDING,GRAM,INTERVAL,2023-03-16T18:52:27+0000,2023-03-20T08:53:16+0000,384.0,0.0,100.0,POST_PROCESSED,FULLY_VALIDATED,"Soldevilla, M. S., Henderson, E. E., Campbell, G. S., Wiggins, S. M., Hildebrand, J. A., & Roch, M. A. (2008). Classification of Rissoâs and Pacific white-sided dolphins using spectral properties of echolocation clicks. The Journal of the Acoustical Society of America, 124(1), 609â624. https://doi.org/10.1121/1.2932059",,TRUE,TRUE,MANUAL,,,,,,,,
SWFSC,SWFSC_ORE_20230426_ADRIFT_065,GRAM_ANALYSIS,SOUNDTRAP_RECORDING,GRAM,INTERVAL,2023-04-26T02:59:55+0000,2023-04-29T06:47:58+0000,384.0,0.0,100.0,POST_PROCESSED,FULLY_VALIDATED,"Soldevilla, M. S., Henderson, E. E., Campbell, G. S., Wiggins, S. M., Hildebrand, J. A., & Roch, M. A. (2008). Classification of Rissoâs and Pacific white-sided dolphins using spectral properties of echolocation clicks. The Journal of the Acoustical Society of America, 124(1), 609â624. https://doi.org/10.1121/1.2932059",,TRUE,TRUE,MANUAL,,,,,,,,
SWFSC,SWFSC_ORE_20230717_ADRIFT_077,GRAM_ANALYSIS,SOUNDTRAP_RECORDING,GRAM,INTERVAL,2023-07-17T19:08:24+0000,2023-07-21T08:34:54+0000,384.0,0.0,100.0,POST_PROCESSED,FULLY_VALIDATED,"Soldevilla, M. S., Henderson, E. E., Campbell, G. S., Wiggins, S. M., Hildebrand, J. A., & Roch, M. A. (2008). Classification of Rissoâs and Pacific white-sided dolphins using spectral properties of echolocation clicks. The Journal of the Acoustical Society of America, 124(1), 609â624. https://doi.org/10.1121/1.2932059",,TRUE,TRUE,MANUAL,,,,,,,,
SWFSC,SWFSC_ORE_20230804_ADRIFT_087,GRAM_ANALYSIS,SOUNDTRAP_RECORDING,GRAM,INTERVAL,2023-08-04T23:14:28+0000,2023-08-08T11:44:44+0000,384.0,0.0,100.0,POST_PROCESSED,FULLY_VALIDATED,"Soldevilla, M. S., Henderson, E. E., Campbell, G. S., Wiggins, S. M., Hildebrand, J. A., & Roch, M. A. (2008). Classification of Rissoâs and Pacific white-sided dolphins using spectral properties of echolocation clicks. The Journal of the Acoustical Society of America, 124(1), 609â624. https://doi.org/10.1121/1.2932059",,TRUE,TRUE,MANUAL,,,,,,,,
SWFSC,SWFSC_SFB_20210610_ADRIFT_007,GRAM_ANALYSIS,SOUNDTRAP_RECORDING,GRAM,INTERVAL,2021-06-10T17:33:22+0000,2021-06-24T10:00:08+0000,384.0,0.0,100.0,POST_PROCESSED,FULLY_VALIDATED,"Soldevilla, M. S., Henderson, E. E., Campbell, G. S., Wiggins, S. M., Hildebrand, J. A., & Roch, M. A. (2008). Classification of Rissoâs and Pacific white-sided dolphins using spectral properties of echolocation clicks. The Journal of the Acoustical Society of America, 124(1), 609â624. https://doi.org/10.1121/1.2932059",,TRUE,TRUE,MANUAL,,,,,,,,
SWFSC,SWFSC_SFB_20210725_ADRIFT_003,GRAM_ANALYSIS,SOUNDTRAP_RECORDING,GRAM,INTERVAL,2021-07-25T18:35:58+0000,2021-08-03T16:32:07+0000,384.0,0.0,100.0,POST_PROCESSED,FULLY_VALIDATED,"Soldevilla, M. S., Henderson, E. E., Campbell, G. S., Wiggins, S. M., Hildebrand, J. A., & Roch, M. A. (2008). Classification of Rissoâs and Pacific white-sided dolphins using spectral properties of echolocation clicks. The Journal of the Acoustical Society of America, 124(1), 609â624. https://doi.org/10.1121/1.2932059",,TRUE,TRUE,MANUAL,,,,,,,,
SWFSC,SWFSC_SFB_20210725_ADRIFT_006,GRAM_ANALYSIS,SOUNDTRAP_RECORDING,GRAM,INTERVAL,2021-07-25T19:11:59+0000,2021-07-28T22:05:59+0000,384.0,0.0,100.0,POST_PROCESSED,FULLY_VALIDATED,"Soldevilla, M. S., Henderson, E. E., Campbell, G. S., Wiggins, S. M., Hildebrand, J. A., & Roch, M. A. (2008). Classification of Rissoâs and Pacific white-sided dolphins using spectral properties of echolocation clicks. The Journal of the Acoustical Society of America, 124(1), 609â624. https://doi.org/10.1121/1.2932059",,TRUE,TRUE,MANUAL,,,,,,,,
SWFSC,SWFSC_SFB_20230508_ADRIFT_067,GRAM_ANALYSIS,SOUNDTRAP_RECORDING,GRAM,INTERVAL,2023-05-08T04:18:02+0000,2023-05-12T01:36:03+0000,384.0,0.0,100.0,POST_PROCESSED,FULLY_VALIDATED,"Soldevilla, M. S., Henderson, E. E., Campbell, G. S., Wiggins, S. M., Hildebrand, J. A., & Roch, M. A. (2008). Classification of Rissoâs and Pacific white-sided dolphins using spectral properties of echolocation clicks. The Journal of the Acoustical Society of America, 124(1), 609â624. https://doi.org/10.1121/1.2932059",,TRUE,TRUE,MANUAL,,,,,,,,
SWFSC,SWFSC_CHI_20180911_CCES_013,GRWH_ANALYSIS,SOUNDTRAP_RECORDING,GRWH,INTERVAL,2018-09-11T20:56:28+0000,2018-10-23T13:58:28+0000,288.0,0.0,3.0,POST_PROCESSED,PARTIALLY_VALIDATED,"Guazzo, R. A., Helble, T. A., DâSpain, G. L., Weller, D. W., Wiggins, S. M., & Hildebrand, J. A. (2017). Migratory behavior of eastern North Pacific gray whales tracked using a hydrophone array. PLOS ONE, 12(10), e0185585. https://doi.org/10.1371/journal.pone.0185585",,TRUE,TRUE,MANUAL,,,,,,,,
SWFSC,SWFSC_HUM_20180805_CCES_007,GRWH_ANALYSIS,SOUNDTRAP_RECORDING,GRWH,INTERVAL,2018-08-05T15:27:50+0000,2018-09-22T18:09:50+0000,288.0,0.0,3.0,POST_PROCESSED,PARTIALLY_VALIDATED,"Guazzo, R. A., Helble, T. A., DâSpain, G. L., Weller, D. W., Wiggins, S. M., & Hildebrand, J. A. (2017). Migratory behavior of eastern North Pacific gray whales tracked using a hydrophone array. PLOS ONE, 12(10), e0185585. https://doi.org/10.1371/journal.pone.0185585",,TRUE,TRUE,MANUAL,,,,,,,,
SWFSC,SWFSC_HUM_20210822_ADRIFT_001,GRWH_ANALYSIS,SOUNDTRAP_RECORDING,GRWH,INTERVAL,2021-08-22T18:59:59+0000,2021-08-29T09:30:30+0000,384.0,0.0,3.0,POST_PROCESSED,PARTIALLY_VALIDATED,"Guazzo, R. A., Helble, T. A., DâSpain, G. L., Weller, D. W., Wiggins, S. M., & Hildebrand, J. A. (2017). Migratory behavior of eastern North Pacific gray whales tracked using a hydrophone array. PLOS ONE, 12(10), e0185585. https://doi.org/10.1371/journal.pone.0185585",,TRUE,TRUE,MANUAL,,,,,,,,
SWFSC,SWFSC_HUM_20220425_ADRIFT_017,GRWH_ANALYSIS,SOUNDTRAP_RECORDING,GRWH,INTERVAL,2022-04-25T18:59:59+0000,2022-04-28T19:22:16+0000,384.0,0.0,3.0,POST_PROCESSED,PARTIALLY_VALIDATED,"Guazzo, R. A., Helble, T. A., DâSpain, G. L., Weller, D. W., Wiggins, S. M., & Hildebrand, J. A. (2017). Migratory behavior of eastern North Pacific gray whales tracked using a hydrophone array. PLOS ONE, 12(10), e0185585. https://doi.org/10.1371/journal.pone.0185585",,TRUE,TRUE,MANUAL,,,,,,,,
SWFSC,SWFSC_MBY_20220621_ADRIFT_024,GRWH_ANALYSIS,SOUNDTRAP_RECORDING,GRWH,INTERVAL,2022-06-21T19:29:59+0000,2022-06-25T20:14:42+0000,384.0,0.0,3.0,POST_PROCESSED,PARTIALLY_VALIDATED,"Guazzo, R. A., Helble, T. A., DâSpain, G. L., Weller, D. W., Wiggins, S. M., & Hildebrand, J. A. (2017). Migratory behavior of eastern North Pacific gray whales tracked using a hydrophone array. PLOS ONE, 12(10), e0185585. https://doi.org/10.1371/journal.pone.0185585",,TRUE,TRUE,MANUAL,,,,,,,,
SWFSC,SWFSC_MBY_20220621_ADRIFT_025,GRWH_ANALYSIS,SOUNDTRAP_RECORDING,GRWH,INTERVAL,2022-06-21T19:44:59+0000,2022-06-25T17:29:42+0000,384.0,0.0,3.0,POST_PROCESSED,PARTIALLY_VALIDATED,"Guazzo, R. A., Helble, T. A., DâSpain, G. L., Weller, D. W., Wiggins, S. M., & Hildebrand, J. A. (2017). Migratory behavior of eastern North Pacific gray whales tracked using a hydrophone array. PLOS ONE, 12(10), e0185585. https://doi.org/10.1371/journal.pone.0185585",,TRUE,TRUE,MANUAL,,,,,,,,
SWFSC,SWFSC_MBY_20230711_ADRIFT_079,GRWH_ANALYSIS,SOUNDTRAP_RECORDING,GRWH,INTERVAL,2023-07-11T19:54:00+0000,2023-07-16T16:24:02+0000,384.0,0.0,3.0,POST_PROCESSED,PARTIALLY_VALIDATED,"Guazzo, R. A., Helble, T. A., DâSpain, G. L., Weller, D. W., Wiggins, S. M., & Hildebrand, J. A. (2017). Migratory behavior of eastern North Pacific gray whales tracked using a hydrophone array. PLOS ONE, 12(10), e0185585. https://doi.org/10.1371/journal.pone.0185585",,TRUE,TRUE,MANUAL,,,,,,,,
SWFSC,SWFSC_MBY_20230711_ADRIFT_080,GRWH_ANALYSIS,SOUNDTRAP_RECORDING,GRWH,INTERVAL,2023-07-11T20:42:00+0000,2023-07-16T20:12:01+0000,384.0,0.0,3.0,POST_PROCESSED,PARTIALLY_VALIDATED,"Guazzo, R. A., Helble, T. A., DâSpain, G. L., Weller, D. W., Wiggins, S. M., & Hildebrand, J. A. (2017). Migratory behavior of eastern North Pacific gray whales tracked using a hydrophone array. PLOS ONE, 12(10), e0185585. https://doi.org/10.1371/journal.pone.0185585",,TRUE,TRUE,MANUAL,,,,,,,,
SWFSC,SWFSC_MBY_20230711_ADRIFT_083,GRWH_ANALYSIS,SOUNDTRAP_RECORDING,GRWH,INTERVAL,2023-07-11T22:42:00+0000,2023-07-16T17:18:01+0000,384.0,0.0,3.0,POST_PROCESSED,PARTIALLY_VALIDATED,"Guazzo, R. A., Helble, T. A., DâSpain, G. L., Weller, D. W., Wiggins, S. M., & Hildebrand, J. A. (2017). Migratory behavior of eastern North Pacific gray whales tracked using a hydrophone array. PLOS ONE, 12(10), e0185585. https://doi.org/10.1371/journal.pone.0185585",,TRUE,TRUE,MANUAL,,,,,,,,
SWFSC,SWFSC_MBY_20231106_ADRIFT_103,GRWH_ANALYSIS,SOUNDTRAP_RECORDING,GRWH,INTERVAL,2023-11-06T18:54:00+0000,2023-11-10T20:54:00+0000,384.0,0.0,3.0,POST_PROCESSED,PARTIALLY_VALIDATED,"Guazzo, R. A., Helble, T. A., DâSpain, G. L., Weller, D. W., Wiggins, S. M., & Hildebrand, J. A. (2017). Migratory behavior of eastern North Pacific gray whales tracked using a hydrophone array. PLOS ONE, 12(10), e0185585. https://doi.org/10.1371/journal.pone.0185585",,TRUE,TRUE,MANUAL,,,,,,,,
SWFSC,SWFSC_MBY_20231106_ADRIFT_106,GRWH_ANALYSIS,SOUNDTRAP_RECORDING,GRWH,INTERVAL,2023-11-06T20:35:59+0000,2023-11-10T22:18:01+0000,384.0,0.0,3.0,POST_PROCESSED,PARTIALLY_VALIDATED,"Guazzo, R. A., Helble, T. A., DâSpain, G. L., Weller, D. W., Wiggins, S. M., & Hildebrand, J. A. (2017). Migratory behavior of eastern North Pacific gray whales tracked using a hydrophone array. PLOS ONE, 12(10), e0185585. https://doi.org/10.1371/journal.pone.0185585",,TRUE,TRUE,MANUAL,,,,,,,,
SWFSC,SWFSC_ORE_20230517_ADRIFT_072,GRWH_ANALYSIS,SOUNDTRAP_RECORDING,GRWH,INTERVAL,2023-05-17T18:13:55+0000,2023-05-23T13:36:52+0000,384.0,0.0,3.0,POST_PROCESSED,PARTIALLY_VALIDATED,"Guazzo, R. A., Helble, T. A., DâSpain, G. L., Weller, D. W., Wiggins, S. M., & Hildebrand, J. A. (2017). Migratory behavior of eastern North Pacific gray whales tracked using a hydrophone array. PLOS ONE, 12(10), e0185585. https://doi.org/10.1371/journal.pone.0185585",,TRUE,TRUE,MANUAL,,,,,,,,
SWFSC,SWFSC_ORE_20230517_ADRIFT_073,GRWH_ANALYSIS,SOUNDTRAP_RECORDING,GRWH,INTERVAL,2023-05-17T18:38:28+0000,2023-05-21T06:28:31+0000,384.0,0.0,3.0,POST_PROCESSED,PARTIALLY_VALIDATED,"Guazzo, R. A., Helble, T. A., DâSpain, G. L., Weller, D. W., Wiggins, S. M., & Hildebrand, J. A. (2017). Migratory behavior of eastern North Pacific gray whales tracked using a hydrophone array. PLOS ONE, 12(10), e0185585. https://doi.org/10.1371/journal.pone.0185585",,TRUE,TRUE,MANUAL,,,,,,,,
SWFSC,SWFSC_ORE_20230517_ADRIFT_075,GRWH_ANALYSIS,SOUNDTRAP_RECORDING,GRWH,INTERVAL,2023-05-17T19:25:22+0000,2023-05-21T09:00:04+0000,384.0,0.0,3.0,POST_PROCESSED,PARTIALLY_VALIDATED,"Guazzo, R. A., Helble, T. A., DâSpain, G. L., Weller, D. W., Wiggins, S. M., & Hildebrand, J. A. (2017). Migratory behavior of eastern North Pacific gray whales tracked using a hydrophone array. PLOS ONE, 12(10), e0185585. https://doi.org/10.1371/journal.pone.0185585",,TRUE,TRUE,MANUAL,,,,,,,,
SWFSC,SWFSC_ORE_20230717_ADRIFT_077,GRWH_ANALYSIS,SOUNDTRAP_RECORDING,GRWH,INTERVAL,2023-07-17T19:08:24+0000,2023-07-21T08:34:54+0000,384.0,0.0,3.0,POST_PROCESSED,PARTIALLY_VALIDATED,"Guazzo, R. A., Helble, T. A., DâSpain, G. L., Weller, D. W., Wiggins, S. M., & Hildebrand, J. A. (2017). Migratory behavior of eastern North Pacific gray whales tracked using a hydrophone array. PLOS ONE, 12(10), e0185585. https://doi.org/10.1371/journal.pone.0185585",,TRUE,TRUE,MANUAL,,,,,,,,
SWFSC,SWFSC_ORE_20230717_ADRIFT_078,GRWH_ANALYSIS,SOUNDTRAP_RECORDING,GRWH,INTERVAL,2023-07-17T20:03:06+0000,2023-07-21T11:22:38+0000,384.0,0.0,3.0,POST_PROCESSED,PARTIALLY_VALIDATED,"Guazzo, R. A., Helble, T. A., DâSpain, G. L., Weller, D. W., Wiggins, S. M., & Hildebrand, J. A. (2017). Migratory behavior of eastern North Pacific gray whales tracked using a hydrophone array. PLOS ONE, 12(10), e0185585. https://doi.org/10.1371/journal.pone.0185585",,TRUE,TRUE,MANUAL,,,,,,,,
SWFSC,SWFSC_PTA_20180822_CCES_010,GRWH_ANALYSIS,SOUNDTRAP_RECORDING,GRWH,INTERVAL,2018-08-22T02:24:55+0000,2018-10-21T23:48:58+0000,576.0,0.0,3.0,POST_PROCESSED,PARTIALLY_VALIDATED,"Guazzo, R. A., Helble, T. A., DâSpain, G. L., Weller, D. W., Wiggins, S. M., & Hildebrand, J. A. (2017). Migratory behavior of eastern North Pacific gray whales tracked using a hydrophone array. PLOS ONE, 12(10), e0185585. https://doi.org/10.1371/journal.pone.0185585",,TRUE,TRUE,MANUAL,,,,,,,,
SWFSC,SWFSC_SFB_20210610_ADRIFT_005,GRWH_ANALYSIS,SOUNDTRAP_RECORDING,GRWH,INTERVAL,2021-06-10T18:30:40+0000,2021-06-22T21:21:24+0000,384.0,0.0,3.0,POST_PROCESSED,PARTIALLY_VALIDATED,"Guazzo, R. A., Helble, T. A., DâSpain, G. L., Weller, D. W., Wiggins, S. M., & Hildebrand, J. A. (2017). Migratory behavior of eastern North Pacific gray whales tracked using a hydrophone array. PLOS ONE, 12(10), e0185585. https://doi.org/10.1371/journal.pone.0185585",,TRUE,TRUE,MANUAL,,,,,,,,
SWFSC,SWFSC_SFB_20210610_ADRIFT_007,GRWH_ANALYSIS,SOUNDTRAP_RECORDING,GRWH,INTERVAL,2021-06-10T17:33:22+0000,2021-06-24T10:00:08+0000,384.0,0.0,3.0,POST_PROCESSED,PARTIALLY_VALIDATED,"Guazzo, R. A., Helble, T. A., DâSpain, G. L., Weller, D. W., Wiggins, S. M., & Hildebrand, J. A. (2017). Migratory behavior of eastern North Pacific gray whales tracked using a hydrophone array. PLOS ONE, 12(10), e0185585. https://doi.org/10.1371/journal.pone.0185585",,TRUE,TRUE,MANUAL,,,,,,,,
SWFSC,SWFSC_SFB_20210725_ADRIFT_003,GRWH_ANALYSIS,SOUNDTRAP_RECORDING,GRWH,INTERVAL,2021-07-25T18:35:58+0000,2021-08-03T16:32:07+0000,384.0,0.0,3.0,POST_PROCESSED,PARTIALLY_VALIDATED,"Guazzo, R. A., Helble, T. A., DâSpain, G. L., Weller, D. W., Wiggins, S. M., & Hildebrand, J. A. (2017). Migratory behavior of eastern North Pacific gray whales tracked using a hydrophone array. PLOS ONE, 12(10), e0185585. https://doi.org/10.1371/journal.pone.0185585",,TRUE,TRUE,MANUAL,,,,,,,,
SWFSC,SWFSC_SFB_20210725_ADRIFT_006,GRWH_ANALYSIS,SOUNDTRAP_RECORDING,GRWH,INTERVAL,2021-07-25T19:11:59+0000,2021-07-28T22:05:59+0000,384.0,0.0,3.0,POST_PROCESSED,PARTIALLY_VALIDATED,"Guazzo, R. A., Helble, T. A., DâSpain, G. L., Weller, D. W., Wiggins, S. M., & Hildebrand, J. A. (2017). Migratory behavior of eastern North Pacific gray whales tracked using a hydrophone array. PLOS ONE, 12(10), e0185585. https://doi.org/10.1371/journal.pone.0185585",,TRUE,TRUE,MANUAL,,,,,,,,
SWFSC,SWFSC_SFB_20220726_ADRIFT_027,GRWH_ANALYSIS,SOUNDTRAP_RECORDING,GRWH,INTERVAL,2022-07-26T18:37:12+0000,2022-07-30T18:14:25+0000,384.0,0.0,3.0,POST_PROCESSED,PARTIALLY_VALIDATED,"Guazzo, R. A., Helble, T. A., DâSpain, G. L., Weller, D. W., Wiggins, S. M., & Hildebrand, J. A. (2017). Migratory behavior of eastern North Pacific gray whales tracked using a hydrophone array. PLOS ONE, 12(10), e0185585. https://doi.org/10.1371/journal.pone.0185585",,TRUE,TRUE,MANUAL,,,,,,,,
SWFSC,SWFSC_SFB_20220726_ADRIFT_028,GRWH_ANALYSIS,SOUNDTRAP_RECORDING,GRWH,INTERVAL,2022-07-26T17:29:47+0000,2022-07-30T20:20:32+0000,384.0,0.0,3.0,POST_PROCESSED,PARTIALLY_VALIDATED,"Guazzo, R. A., Helble, T. A., DâSpain, G. L., Weller, D. W., Wiggins, S. M., & Hildebrand, J. A. (2017). Migratory behavior of eastern North Pacific gray whales tracked using a hydrophone array. PLOS ONE, 12(10), e0185585. https://doi.org/10.1371/journal.pone.0185585",,TRUE,TRUE,MANUAL,,,,,,,,
SWFSC,SWFSC_SFB_20230917_ADRIFT_092,GRWH_ANALYSIS,SOUNDTRAP_RECORDING,GRWH,INTERVAL,2023-09-17T17:42:00+0000,2023-09-22T01:42:02+0000,384.0,0.0,3.0,POST_PROCESSED,PARTIALLY_VALIDATED,"Guazzo, R. A., Helble, T. A., DâSpain, G. L., Weller, D. W., Wiggins, S. M., & Hildebrand, J. A. (2017). Migratory behavior of eastern North Pacific gray whales tracked using a hydrophone array. PLOS ONE, 12(10), e0185585. https://doi.org/10.1371/journal.pone.0185585",,TRUE,TRUE,MANUAL,,,,,,,,
SWFSC,SWFSC_BCN_20181005_CCES_014,HUWH_ANALYSIS,SOUNDTRAP_RECORDING,HUWH,INTERVAL,2018-10-05T06:01:04+0000,2018-11-01T16:43:03+0000,576.0,0.0,3.0,POST_PROCESSED,PARTIALLY_VALIDATED,Unpublished,,TRUE,TRUE,MANUAL,,,,,,,,
SWFSC,SWFSC_BCN_20181031_CCES_017,HUWH_ANALYSIS,SM3M_RECORDINGS,HUWH,INTERVAL,2018-10-31T00:00:00+0000,2018-11-24T04:30:00+0000,256.0,0.0,3.0,POST_PROCESSED,PARTIALLY_VALIDATED,Unpublished,,TRUE,TRUE,MANUAL,,,,,,,,
SWFSC,SWFSC_BCN_20181031_CCES_018,HUWH_ANALYSIS,SOUNDTRAP_RECORDING,HUWH,INTERVAL,2018-10-31T10:05:29+0000,2018-11-16T04:12:29+0000,576.0,0.0,3.0,POST_PROCESSED,PARTIALLY_VALIDATED,Unpublished,,TRUE,TRUE,MANUAL,,,,,,,,
SWFSC,SWFSC_BCN_20181101_CCES_019,HUWH_ANALYSIS,SOUNDTRAP_RECORDING,HUWH,INTERVAL,2018-11-01T02:23:12+0000,2018-11-18T12:54:48+0000,576.0,0.0,3.0,POST_PROCESSED,PARTIALLY_VALIDATED,Unpublished,,TRUE,TRUE,MANUAL,,,,,,,,
SWFSC,SWFSC_BCN_20181105_CCES_020,HUWH_ANALYSIS,SOUNDTRAP_RECORDING,HUWH,INTERVAL,2018-11-05T14:22:39+0000,2018-11-22T09:16:43+0000,576.0,0.0,3.0,POST_PROCESSED,PARTIALLY_VALIDATED,Unpublished,,TRUE,TRUE,MANUAL,,,,,,,,
SWFSC,SWFSC_BCN_20181106_CCES_021,HUWH_ANALYSIS,SOUNDTRAP_RECORDING,HUWH,INTERVAL,2018-11-06T03:58:51+0000,2018-11-11T09:12:51+0000,576.0,0.0,3.0,POST_PROCESSED,PARTIALLY_VALIDATED,Unpublished,,TRUE,TRUE,MANUAL,,,,,,,,
SWFSC,SWFSC_BCN_20181107_CCES_022,HUWH_ANALYSIS,SOUNDTRAP_RECORDING,HUWH,INTERVAL,2018-11-07T14:23:49+0000,2018-11-23T18:55:49+0000,576.0,0.0,3.0,POST_PROCESSED,PARTIALLY_VALIDATED,Unpublished,,TRUE,TRUE,MANUAL,,,,,,,,
SWFSC,SWFSC_BCN_20181122_CCES_023,HUWH_ANALYSIS,SOUNDTRAP_RECORDING,HUWH,INTERVAL,2018-11-22T08:28:24+0000,2018-12-03T00:49:11+0000,576.0,0.0,3.0,POST_PROCESSED,PARTIALLY_VALIDATED,Unpublished,,TRUE,TRUE,MANUAL,,,,,,,,
SWFSC,SWFSC_CHI_20160906_PASCAL_020,HUWH_ANALYSIS,SOUNDTRAP_RECORDING,HUWH,INTERVAL,2016-09-06T02:37:11+0000,2016-09-29T05:18:16+0000,288.0,0.0,3.0,POST_PROCESSED,PARTIALLY_VALIDATED,Unpublished,,TRUE,TRUE,MANUAL,,,,,,,,
SWFSC,SWFSC_CHI_20180911_CCES_013,HUWH_ANALYSIS,SOUNDTRAP_RECORDING,HUWH,INTERVAL,2018-09-11T20:56:28+0000,2018-10-23T13:58:28+0000,288.0,0.0,3.0,POST_PROCESSED,PARTIALLY_VALIDATED,Unpublished,,TRUE,TRUE,MANUAL,,,,,,,,
SWFSC,SWFSC_HMB_20210609_ADRIFT_002,HUWH_ANALYSIS,SOUNDTRAP_RECORDING,HUWH,INTERVAL,2021-06-09T18:12:23+0000,2021-06-16T22:48:53+0000,384.0,0.0,3.0,POST_PROCESSED,PARTIALLY_VALIDATED,Unpublished,,TRUE,TRUE,MANUAL,,,,,,,,
SWFSC,SWFSC_HUM_20180805_CCES_007,HUWH_ANALYSIS,SOUNDTRAP_RECORDING,HUWH,INTERVAL,2018-08-05T15:27:50+0000,2018-09-22T18:09:50+0000,288.0,0.0,3.0,POST_PROCESSED,PARTIALLY_VALIDATED,Unpublished,,TRUE,TRUE,MANUAL,,,,,,,,
SWFSC,SWFSC_HUM_20180816_CCES_008,HUWH_ANALYSIS,SOUNDTRAP_RECORDING,HUWH,INTERVAL,2018-08-16T04:38:04+0000,2018-10-01T01:59:55+0000,288.0,0.0,3.0,POST_PROCESSED,PARTIALLY_VALIDATED,Unpublished,,TRUE,TRUE,MANUAL,,,,,,,,
SWFSC,SWFSC_HUM_20210822_ADRIFT_001,HUWH_ANALYSIS,SOUNDTRAP_RECORDING,HUWH,INTERVAL,2021-08-22T18:59:59+0000,2021-08-29T09:30:30+0000,384.0,0.0,3.0,POST_PROCESSED,PARTIALLY_VALIDATED,Unpublished,,TRUE,TRUE,MANUAL,,,,,,,,
SWFSC,SWFSC_HUM_20220118_ADRIFT_012,HUWH_ANALYSIS,SOUNDTRAP_RECORDING,HUWH,INTERVAL,2022-01-18T03:42:19+0000,2022-01-21T19:39:12+0000,384.0,0.0,3.0,POST_PROCESSED,PARTIALLY_VALIDATED,Unpublished,,TRUE,TRUE,MANUAL,,,,,,,,
SWFSC,SWFSC_HUM_20220425_ADRIFT_017,HUWH_ANALYSIS,SOUNDTRAP_RECORDING,HUWH,INTERVAL,2022-04-25T18:59:59+0000,2022-04-28T19:22:16+0000,384.0,0.0,3.0,POST_PROCESSED,PARTIALLY_VALIDATED,Unpublished,,TRUE,TRUE,MANUAL,,,,,,,,
SWFSC,SWFSC_HUM_20220425_ADRIFT_018,HUWH_ANALYSIS,SOUNDTRAP_RECORDING,HUWH,INTERVAL,2022-04-25T19:59:57+0000,2022-04-28T20:22:15+0000,384.0,0.0,3.0,POST_PROCESSED,PARTIALLY_VALIDATED,Unpublished,,TRUE,TRUE,MANUAL,,,,,,,,
SWFSC,SWFSC_HUM_20220728_ADRIFT_030,HUWH_ANALYSIS,SOUNDTRAP_RECORDING,HUWH,INTERVAL,2022-07-28T18:59:58+0000,2022-08-01T11:29:40+0000,384.0,0.0,3.0,POST_PROCESSED,PARTIALLY_VALIDATED,Unpublished,,TRUE,TRUE,MANUAL,,,,,,,,
SWFSC,SWFSC_HUM_20220913_ADRIFT_032,HUWH_ANALYSIS,SOUNDTRAP_RECORDING,HUWH,INTERVAL,2022-09-13T06:59:56+0000,2022-09-15T18:14:45+0000,384.0,0.0,3.0,POST_PROCESSED,PARTIALLY_VALIDATED,Unpublished,,TRUE,TRUE,MANUAL,,,,,,,,
SWFSC,SWFSC_HUM_20220913_ADRIFT_033,HUWH_ANALYSIS,SOUNDTRAP_RECORDING,HUWH,INTERVAL,2022-09-13T04:44:56+0000,2022-09-15T17:29:45+0000,384.0,0.0,3.0,POST_PROCESSED,PARTIALLY_VALIDATED,Unpublished,,TRUE,TRUE,MANUAL,,,,,,,,
SWFSC,SWFSC_HUM_20221116_ADRIFT_036,HUWH_ANALYSIS,SOUNDTRAP_RECORDING,HUWH,INTERVAL,2022-11-16T19:14:57+0000,2022-11-20T07:37:12+0000,384.0,0.0,3.0,POST_PROCESSED,PARTIALLY_VALIDATED,Unpublished,,TRUE,TRUE,MANUAL,,,,,,,,
SWFSC,SWFSC_HUM_20221116_ADRIFT_037,HUWH_ANALYSIS,SOUNDTRAP_RECORDING,HUWH,INTERVAL,2022-11-16T18:59:58+0000,2022-11-21T10:59:46+0000,288.0,0.0,3.0,POST_PROCESSED,PARTIALLY_VALIDATED,Unpublished,,TRUE,TRUE,MANUAL,,,,,,,,
SWFSC,SWFSC_HUM_20221116_ADRIFT_038,HUWH_ANALYSIS,SOUNDTRAP_RECORDING,HUWH,INTERVAL,2022-11-16T19:14:57+0000,2022-11-20T03:29:42+0000,384.0,0.0,3.0,POST_PROCESSED,PARTIALLY_VALIDATED,Unpublished,,TRUE,TRUE,MANUAL,,,,,,,,
SWFSC,SWFSC_HUM_20221213_ADRIFT_039,HUWH_ANALYSIS,SOUNDTRAP_RECORDING,HUWH,INTERVAL,2022-12-13T21:29:57+0000,2022-12-16T20:22:14+0000,384.0,0.0,3.0,POST_PROCESSED,PARTIALLY_VALIDATED,Unpublished,,TRUE,TRUE,MANUAL,,,,,,,,
SWFSC,SWFSC_HUM_20221213_ADRIFT_040,HUWH_ANALYSIS,SOUNDTRAP_RECORDING,HUWH,INTERVAL,2022-12-13T21:29:57+0000,2022-12-16T21:29:49+0000,288.0,0.0,3.0,POST_PROCESSED,PARTIALLY_VALIDATED,Unpublished,,TRUE,TRUE,MANUAL,,,,,,,,
SWFSC,SWFSC_HUM_20221213_ADRIFT_041,HUWH_ANALYSIS,SOUNDTRAP_RECORDING,HUWH,INTERVAL,2022-12-13T21:52:27+0000,2022-12-16T22:37:14+0000,384.0,0.0,3.0,POST_PROCESSED,PARTIALLY_VALIDATED,Unpublished,,TRUE,TRUE,MANUAL,,,,,,,,
SWFSC,SWFSC_HUM_20230316_ADRIFT_054,HUWH_ANALYSIS,SOUNDTRAP_RECORDING,HUWH,INTERVAL,2023-03-16T18:29:57+0000,2023-03-18T16:59:48+0000,384.0,0.0,3.0,POST_PROCESSED,PARTIALLY_VALIDATED,Unpublished,,TRUE,TRUE,MANUAL,,,,,,,,
SWFSC,SWFSC_HUM_20230316_ADRIFT_055,HUWH_ANALYSIS,SOUNDTRAP_RECORDING,HUWH,INTERVAL,2023-03-16T18:29:57+0000,2023-03-18T17:29:52+0000,288.0,0.0,3.0,POST_PROCESSED,PARTIALLY_VALIDATED,Unpublished,,TRUE,TRUE,MANUAL,,,,,,,,
SWFSC,SWFSC_HUM_20230316_ADRIFT_057,HUWH_ANALYSIS,SOUNDTRAP_RECORDING,HUWH,INTERVAL,2023-03-16T19:14:57+0000,2023-03-18T16:59:48+0000,384.0,0.0,3.0,POST_PROCESSED,PARTIALLY_VALIDATED,Unpublished,,TRUE,TRUE,MANUAL,,,,,,,,
SWFSC,SWFSC_HUM_20230507_ADRIFT_068,HUWH_ANALYSIS,SOUNDTRAP_RECORDING,HUWH,INTERVAL,2023-05-07T00:29:57+0000,2023-05-09T16:14:48+0000,384.0,0.0,3.0,POST_PROCESSED,PARTIALLY_VALIDATED,Unpublished,,TRUE,TRUE,MANUAL,,,,,,,,
SWFSC,SWFSC_HUM_20230507_ADRIFT_070,HUWH_ANALYSIS,SOUNDTRAP_RECORDING,HUWH,INTERVAL,2023-05-07T00:52:27+0000,2023-05-09T17:44:46+0000,384.0,0.0,3.0,POST_PROCESSED,PARTIALLY_VALIDATED,Unpublished,,TRUE,TRUE,MANUAL,,,,,,,,
SWFSC,SWFSC_HUM_20230507_ADRIFT_071,HUWH_ANALYSIS,SOUNDTRAP_RECORDING,HUWH,INTERVAL,2023-05-07T00:59:58+0000,2023-05-09T17:59:47+0000,288.0,0.0,3.0,POST_PROCESSED,PARTIALLY_VALIDATED,Unpublished,,TRUE,TRUE,MANUAL,,,,,,,,
SWFSC,SWFSC_HUM_20230825_ADRIFT_088,HUWH_ANALYSIS,SOUNDTRAP_RECORDING,HUWH,INTERVAL,2023-08-25T17:29:58+0000,2023-08-28T20:23:59+0000,384.0,0.0,3.0,POST_PROCESSED,PARTIALLY_VALIDATED,Unpublished,,TRUE,TRUE,MANUAL,,,,,,,,
SWFSC,SWFSC_HUM_20230825_ADRIFT_089,HUWH_ANALYSIS,SOUNDTRAP_RECORDING,HUWH,INTERVAL,2023-08-25T17:17:58+0000,2023-08-26T18:23:58+0000,384.0,0.0,3.0,POST_PROCESSED,PARTIALLY_VALIDATED,Unpublished,,TRUE,TRUE,MANUAL,,,,,,,,
SWFSC,SWFSC_HUM_20230825_ADRIFT_090,HUWH_ANALYSIS,SOUNDTRAP_RECORDING,HUWH,INTERVAL,2023-08-25T17:41:58+0000,2023-08-26T21:11:58+0000,384.0,0.0,3.0,POST_PROCESSED,PARTIALLY_VALIDATED,Unpublished,,TRUE,TRUE,MANUAL,,,,,,,,
SWFSC,SWFSC_HUM_20230825_ADRIFT_091,HUWH_ANALYSIS,SOUNDTRAP_RECORDING,HUWH,INTERVAL,2023-08-25T18:05:58+0000,2023-08-28T21:29:59+0000,288.0,0.0,3.0,POST_PROCESSED,PARTIALLY_VALIDATED,Unpublished,,TRUE,TRUE,MANUAL,,,,,,,,
SWFSC,SWFSC_HUM_20231005_ADRIFT_097,HUWH_ANALYSIS,SOUNDTRAP_RECORDING,HUWH,INTERVAL,2023-10-05T23:29:58+0000,2023-10-06T23:23:58+0000,384.0,0.0,3.0,POST_PROCESSED,PARTIALLY_VALIDATED,Unpublished,,TRUE,TRUE,MANUAL,,,,,,,,
SWFSC,SWFSC_HUM_20231005_ADRIFT_098,HUWH_ANALYSIS,SOUNDTRAP_RECORDING,HUWH,INTERVAL,2023-10-05T23:29:58+0000,2023-10-06T23:41:58+0000,384.0,0.0,3.0,POST_PROCESSED,PARTIALLY_VALIDATED,Unpublished,,TRUE,TRUE,MANUAL,,,,,,,,
SWFSC,SWFSC_HUM_20231005_ADRIFT_099,HUWH_ANALYSIS,SOUNDTRAP_RECORDING,HUWH,INTERVAL,2023-10-05T23:41:58+0000,2023-10-06T23:53:58+0000,384.0,0.0,3.0,POST_PROCESSED,PARTIALLY_VALIDATED,Unpublished,,TRUE,TRUE,MANUAL,,,,,,,,
SWFSC,SWFSC_HUM_20231005_ADRIFT_100,HUWH_ANALYSIS,SOUNDTRAP_RECORDING,HUWH,INTERVAL,2023-10-05T23:53:58+0000,2023-10-07T00:23:58+0000,288.0,0.0,3.0,POST_PROCESSED,PARTIALLY_VALIDATED,Unpublished,,TRUE,TRUE,MANUAL,,,,,,,,
SWFSC,SWFSC_MBY_20220621_ADRIFT_019,HUWH_ANALYSIS,SOUNDTRAP_RECORDING,HUWH,INTERVAL,2022-06-21T16:15:00+0000,2022-06-25T22:14:42+0000,384.0,0.0,3.0,POST_PROCESSED,PARTIALLY_VALIDATED,Unpublished,,TRUE,TRUE,MANUAL,,,,,,,,
SWFSC,SWFSC_MBY_20220621_ADRIFT_024,HUWH_ANALYSIS,SOUNDTRAP_RECORDING,HUWH,INTERVAL,2022-06-21T19:29:59+0000,2022-06-25T20:14:42+0000,384.0,0.0,3.0,POST_PROCESSED,PARTIALLY_VALIDATED,Unpublished,,TRUE,TRUE,MANUAL,,,,,,,,
SWFSC,SWFSC_MBY_20220621_ADRIFT_025,HUWH_ANALYSIS,SOUNDTRAP_RECORDING,HUWH,INTERVAL,2022-06-21T19:44:59+0000,2022-06-25T17:29:42+0000,384.0,0.0,3.0,POST_PROCESSED,PARTIALLY_VALIDATED,Unpublished,,TRUE,TRUE,MANUAL,,,,,,,,
SWFSC,SWFSC_MBY_20230311_ADRIFT_046,HUWH_ANALYSIS,SOUNDTRAP_RECORDING,HUWH,INTERVAL,2023-03-11T19:00:00+0000,2023-03-16T21:30:01+0000,384.0,0.0,3.0,POST_PROCESSED,PARTIALLY_VALIDATED,Unpublished,,TRUE,TRUE,MANUAL,,,,,,,,
SWFSC,SWFSC_MBY_20230311_ADRIFT_047,HUWH_ANALYSIS,SOUNDTRAP_RECORDING,HUWH,INTERVAL,2023-03-11T19:30:00+0000,2023-03-16T21:12:01+0000,384.0,0.0,3.0,POST_PROCESSED,PARTIALLY_VALIDATED,Unpublished,,TRUE,TRUE,MANUAL,,,,,,,,
SWFSC,SWFSC_MBY_20230311_ADRIFT_048,HUWH_ANALYSIS,SOUNDTRAP_RECORDING,HUWH,INTERVAL,2023-03-11T19:54:00+0000,2023-03-18T18:12:02+0000,384.0,0.0,3.0,POST_PROCESSED,PARTIALLY_VALIDATED,Unpublished,,TRUE,TRUE,MANUAL,,,,,,,,
SWFSC,SWFSC_MBY_20230311_ADRIFT_049,HUWH_ANALYSIS,SOUNDTRAP_RECORDING,HUWH,INTERVAL,2023-03-11T20:35:59+0000,2023-03-16T17:42:01+0000,384.0,0.0,3.0,POST_PROCESSED,PARTIALLY_VALIDATED,Unpublished,,TRUE,TRUE,MANUAL,,,,,,,,
SWFSC,SWFSC_MBY_20230311_ADRIFT_050,HUWH_ANALYSIS,SOUNDTRAP_RECORDING,HUWH,INTERVAL,2023-03-11T21:00:00+0000,2023-03-16T20:00:01+0000,384.0,0.0,3.0,POST_PROCESSED,PARTIALLY_VALIDATED,Unpublished,,TRUE,TRUE,MANUAL,,,,,,,,
SWFSC,SWFSC_MBY_20230311_ADRIFT_051,HUWH_ANALYSIS,SOUNDTRAP_RECORDING,HUWH,INTERVAL,2023-03-11T21:30:00+0000,2023-03-16T19:24:00+0000,384.0,0.0,3.0,POST_PROCESSED,PARTIALLY_VALIDATED,Unpublished,,TRUE,TRUE,MANUAL,,,,,,,,
SWFSC,SWFSC_MBY_20230311_ADRIFT_052,HUWH_ANALYSIS,SOUNDTRAP_RECORDING,HUWH,INTERVAL,2023-03-11T21:54:00+0000,2023-03-16T22:54:01+0000,384.0,0.0,3.0,POST_PROCESSED,PARTIALLY_VALIDATED,Unpublished,,TRUE,TRUE,MANUAL,,,,,,,,
SWFSC,SWFSC_MBY_20230311_ADRIFT_053,HUWH_ANALYSIS,SOUNDTRAP_RECORDING,HUWH,INTERVAL,2023-03-11T22:18:00+0000,2023-03-16T23:30:01+0000,384.0,0.0,3.0,POST_PROCESSED,PARTIALLY_VALIDATED,Unpublished,,TRUE,TRUE,MANUAL,,,,,,,,
SWFSC,SWFSC_MBY_20230711_ADRIFT_079,HUWH_ANALYSIS,SOUNDTRAP_RECORDING,HUWH,INTERVAL,2023-07-11T19:54:00+0000,2023-07-16T16:24:02+0000,384.0,0.0,3.0,POST_PROCESSED,PARTIALLY_VALIDATED,Unpublished,,TRUE,TRUE,MANUAL,,,,,,,,
SWFSC,SWFSC_MBY_20231106_ADRIFT_101,HUWH_ANALYSIS,SOUNDTRAP_RECORDING,HUWH,INTERVAL,2023-11-06T17:06:00+0000,2023-11-10T18:18:01+0000,384.0,0.0,3.0,POST_PROCESSED,PARTIALLY_VALIDATED,Unpublished,,TRUE,TRUE,MANUAL,,,,,,,,
SWFSC,SWFSC_MBY_20231106_ADRIFT_102,HUWH_ANALYSIS,SOUNDTRAP_RECORDING,HUWH,INTERVAL,2023-11-06T17:42:00+0000,2023-11-10T19:48:01+0000,384.0,0.0,3.0,POST_PROCESSED,PARTIALLY_VALIDATED,Unpublished,,TRUE,TRUE,MANUAL,,,,,,,,
SWFSC,SWFSC_MBY_20231106_ADRIFT_103,HUWH_ANALYSIS,SOUNDTRAP_RECORDING,HUWH,INTERVAL,2023-11-06T18:54:00+0000,2023-11-10T20:54:00+0000,384.0,0.0,3.0,POST_PROCESSED,PARTIALLY_VALIDATED,Unpublished,,TRUE,TRUE,MANUAL,,,,,,,,
SWFSC,SWFSC_MBY_20231106_ADRIFT_104,HUWH_ANALYSIS,SOUNDTRAP_RECORDING,HUWH,INTERVAL,2023-11-06T19:24:00+0000,2023-11-10T22:48:01+0000,384.0,0.0,3.0,POST_PROCESSED,PARTIALLY_VALIDATED,Unpublished,,TRUE,TRUE,MANUAL,,,,,,,,
SWFSC,SWFSC_MBY_20231106_ADRIFT_105,HUWH_ANALYSIS,SOUNDTRAP_RECORDING,HUWH,INTERVAL,2023-11-06T20:00:00+0000,2023-11-10T22:00:01+0000,384.0,0.0,3.0,POST_PROCESSED,PARTIALLY_VALIDATED,Unpublished,,TRUE,TRUE,MANUAL,,,,,,,,
SWFSC,SWFSC_MBY_20231106_ADRIFT_106,HUWH_ANALYSIS,SOUNDTRAP_RECORDING,HUWH,INTERVAL,2023-11-06T20:35:59+0000,2023-11-10T22:18:01+0000,384.0,0.0,3.0,POST_PROCESSED,PARTIALLY_VALIDATED,Unpublished,,TRUE,TRUE,MANUAL,,,,,,,,
SWFSC,SWFSC_MBY_20231106_ADRIFT_107,HUWH_ANALYSIS,SOUNDTRAP_RECORDING,HUWH,INTERVAL,2023-11-06T21:00:00+0000,2023-11-10T20:24:01+0000,384.0,0.0,3.0,POST_PROCESSED,PARTIALLY_VALIDATED,Unpublished,,TRUE,TRUE,MANUAL,,,,,,,,
SWFSC,SWFSC_MBY_20231106_ADRIFT_108,HUWH_ANALYSIS,SOUNDTRAP_RECORDING,HUWH,INTERVAL,2023-11-06T21:41:59+0000,2023-11-10T21:24:00+0000,384.0,0.0,3.0,POST_PROCESSED,PARTIALLY_VALIDATED,Unpublished,,TRUE,TRUE,MANUAL,,,,,,,,
SWFSC,SWFSC_MND_20160821_PASCAL_003,HUWH_ANALYSIS,SOUNDTRAP_RECORDING,HUWH,INTERVAL,2016-08-21T10:37:16+0000,2016-09-02T16:39:16+0000,288.0,0.0,3.0,POST_PROCESSED,PARTIALLY_VALIDATED,Unpublished,,TRUE,TRUE,MANUAL,,,,,,,,
SWFSC,SWFSC_MOB_20160904_PASCAL_021,HUWH_ANALYSIS,SOUNDTRAP_RECORDING,HUWH,INTERVAL,2016-09-03T23:54:34+0000,2016-09-25T10:02:46+0000,288.0,0.0,3.0,POST_PROCESSED,PARTIALLY_VALIDATED,Unpublished,,TRUE,TRUE,MANUAL,,,,,,,,
SWFSC,SWFSC_MOB_20180830_CCES_012,HUWH_ANALYSIS,SOUNDTRAP_RECORDING,HUWH,INTERVAL,2018-08-30T02:58:44+0000,2018-10-06T17:00:44+0000,288.0,0.0,3.0,POST_PROCESSED,PARTIALLY_VALIDATED,Unpublished,,TRUE,TRUE,MANUAL,,,,,,,,
SWFSC,SWFSC_MOB_20220423_ADRIFT_013,HUWH_ANALYSIS,SOUNDTRAP_RECORDING,HUWH,INTERVAL,2022-04-23T20:44:52+0000,2022-05-04T20:36:02+0000,384.0,0.0,3.0,POST_PROCESSED,PARTIALLY_VALIDATED,Unpublished,,TRUE,TRUE,MANUAL,,,,,,,,
SWFSC,SWFSC_ORE_20230316_ADRIFT_042,HUWH_ANALYSIS,SOUNDTRAP_RECORDING,HUWH,INTERVAL,2023-03-16T19:29:57+0000,2023-03-21T00:44:35+0000,384.0,0.0,3.0,POST_PROCESSED,PARTIALLY_VALIDATED,Unpublished,,TRUE,TRUE,MANUAL,,,,,,,,
SWFSC,SWFSC_ORE_20230316_ADRIFT_043,HUWH_ANALYSIS,SOUNDTRAP_RECORDING,HUWH,INTERVAL,2023-03-16T18:52:27+0000,2023-03-20T08:53:16+0000,384.0,0.0,3.0,POST_PROCESSED,PARTIALLY_VALIDATED,Unpublished,,TRUE,TRUE,MANUAL,,,,,,,,
SWFSC,SWFSC_ORE_20230316_ADRIFT_044,HUWH_ANALYSIS,SOUNDTRAP_RECORDING,HUWH,INTERVAL,2023-03-16T20:14:58+0000,2023-03-20T21:11:29+0000,384.0,0.0,3.0,POST_PROCESSED,PARTIALLY_VALIDATED,Unpublished,,TRUE,TRUE,MANUAL,,,,,,,,
SWFSC,SWFSC_ORE_20230316_ADRIFT_045,HUWH_ANALYSIS,SOUNDTRAP_RECORDING,HUWH,INTERVAL,2023-03-16T18:59:58+0000,2023-03-20T11:40:17+0000,384.0,0.0,3.0,POST_PROCESSED,PARTIALLY_VALIDATED,Unpublished,,TRUE,TRUE,MANUAL,,,,,,,,
SWFSC,SWFSC_ORE_20230413_ADRIFT_058,HUWH_ANALYSIS,SOUNDTRAP_RECORDING,HUWH,INTERVAL,2023-04-13T07:49:55+0000,2023-04-16T17:09:46+0000,384.0,0.0,3.0,POST_PROCESSED,PARTIALLY_VALIDATED,Unpublished,,TRUE,TRUE,MANUAL,,,,,,,,
SWFSC,SWFSC_ORE_20230413_ADRIFT_060,HUWH_ANALYSIS,SOUNDTRAP_RECORDING,HUWH,INTERVAL,2023-04-13T06:58:22+0000,2023-04-16T18:13:06+0000,384.0,0.0,3.0,POST_PROCESSED,PARTIALLY_VALIDATED,Unpublished,,TRUE,TRUE,MANUAL,,,,,,,,
SWFSC,SWFSC_ORE_20230426_ADRIFT_062,HUWH_ANALYSIS,SOUNDTRAP_RECORDING,HUWH,INTERVAL,2023-04-26T03:37:21+0000,2023-04-29T05:28:54+0000,384.0,0.0,3.0,POST_PROCESSED,PARTIALLY_VALIDATED,Unpublished,,TRUE,TRUE,MANUAL,,,,,,,,
SWFSC,SWFSC_ORE_20230426_ADRIFT_063,HUWH_ANALYSIS,SOUNDTRAP_RECORDING,HUWH,INTERVAL,2023-04-26T03:03:33+0000,2023-04-29T03:44:57+0000,384.0,0.0,3.0,POST_PROCESSED,PARTIALLY_VALIDATED,Unpublished,,TRUE,TRUE,MANUAL,,,,,,,,
SWFSC,SWFSC_ORE_20230426_ADRIFT_064,HUWH_ANALYSIS,SOUNDTRAP_RECORDING,HUWH,INTERVAL,2023-04-26T02:06:08+0000,2023-04-29T07:20:35+0000,384.0,0.0,3.0,POST_PROCESSED,PARTIALLY_VALIDATED,Unpublished,,TRUE,TRUE,MANUAL,,,,,,,,
SWFSC,SWFSC_ORE_20230426_ADRIFT_065,HUWH_ANALYSIS,SOUNDTRAP_RECORDING,HUWH,INTERVAL,2023-04-26T02:59:55+0000,2023-04-29T06:47:58+0000,384.0,0.0,3.0,POST_PROCESSED,PARTIALLY_VALIDATED,Unpublished,,TRUE,TRUE,MANUAL,,,,,,,,
SWFSC,SWFSC_ORE_20230517_ADRIFT_072,HUWH_ANALYSIS,SOUNDTRAP_RECORDING,HUWH,INTERVAL,2023-05-17T18:13:55+0000,2023-05-23T13:36:52+0000,384.0,0.0,3.0,POST_PROCESSED,PARTIALLY_VALIDATED,Unpublished,,TRUE,TRUE,MANUAL,,,,,,,,
SWFSC,SWFSC_ORE_20230717_ADRIFT_077,HUWH_ANALYSIS,SOUNDTRAP_RECORDING,HUWH,INTERVAL,2023-07-17T19:08:24+0000,2023-07-21T08:34:54+0000,384.0,0.0,3.0,POST_PROCESSED,PARTIALLY_VALIDATED,Unpublished,,TRUE,TRUE,MANUAL,,,,,,,,
SWFSC,SWFSC_ORE_20230717_ADRIFT_078,HUWH_ANALYSIS,SOUNDTRAP_RECORDING,HUWH,INTERVAL,2023-07-17T20:03:06+0000,2023-07-21T11:22:38+0000,384.0,0.0,3.0,POST_PROCESSED,PARTIALLY_VALIDATED,Unpublished,,TRUE,TRUE,MANUAL,,,,,,,,
SWFSC,SWFSC_ORE_20230804_ADRIFT_085,HUWH_ANALYSIS,SOUNDTRAP_RECORDING,HUWH,INTERVAL,2023-08-04T22:05:51+0000,2023-08-11T02:37:32+0000,384.0,0.0,3.0,POST_PROCESSED,PARTIALLY_VALIDATED,Unpublished,,TRUE,TRUE,MANUAL,,,,,,,,
SWFSC,SWFSC_ORE_20230804_ADRIFT_087,HUWH_ANALYSIS,SOUNDTRAP_RECORDING,HUWH,INTERVAL,2023-08-04T23:14:28+0000,2023-08-08T11:44:44+0000,384.0,0.0,3.0,POST_PROCESSED,PARTIALLY_VALIDATED,Unpublished,,TRUE,TRUE,MANUAL,,,,,,,,
SWFSC,SWFSC_PTA_20160902_PASCAL_017,HUWH_ANALYSIS,SM3M_RECORDINGS,HUWH,INTERVAL,2016-09-02T03:54:06+0000,2016-09-21T23:14:00+0000,256.0,0.0,3.0,POST_PROCESSED,PARTIALLY_VALIDATED,Unpublished,,TRUE,TRUE,MANUAL,,,,,,,,
SWFSC,SWFSC_PTA_20180822_CCES_010,HUWH_ANALYSIS,SOUNDTRAP_RECORDING,HUWH,INTERVAL,2018-08-22T02:24:55+0000,2018-10-21T23:48:58+0000,576.0,0.0,3.0,POST_PROCESSED,PARTIALLY_VALIDATED,Unpublished,,TRUE,TRUE,MANUAL,,,,,,,,
SWFSC,SWFSC_SFB_20210610_ADRIFT_005,HUWH_ANALYSIS,SOUNDTRAP_RECORDING,HUWH,INTERVAL,2021-06-10T18:30:40+0000,2021-06-22T21:21:24+0000,384.0,0.0,3.0,POST_PROCESSED,PARTIALLY_VALIDATED,Unpublished,,TRUE,TRUE,MANUAL,,,,,,,,
SWFSC,SWFSC_SFB_20210610_ADRIFT_007,HUWH_ANALYSIS,SOUNDTRAP_RECORDING,HUWH,INTERVAL,2021-06-10T17:33:22+0000,2021-06-24T10:00:08+0000,384.0,0.0,3.0,POST_PROCESSED,PARTIALLY_VALIDATED,Unpublished,,TRUE,TRUE,MANUAL,,,,,,,,
SWFSC,SWFSC_SFB_20210725_ADRIFT_003,HUWH_ANALYSIS,SOUNDTRAP_RECORDING,HUWH,INTERVAL,2021-07-25T18:35:58+0000,2021-08-03T16:32:07+0000,384.0,0.0,3.0,POST_PROCESSED,PARTIALLY_VALIDATED,Unpublished,,TRUE,TRUE,MANUAL,,,,,,,,
SWFSC,SWFSC_SFB_20210725_ADRIFT_006,HUWH_ANALYSIS,SOUNDTRAP_RECORDING,HUWH,INTERVAL,2021-07-25T19:11:59+0000,2021-07-28T22:05:59+0000,384.0,0.0,3.0,POST_PROCESSED,PARTIALLY_VALIDATED,Unpublished,,TRUE,TRUE,MANUAL,,,,,,,,
SWFSC,SWFSC_SFB_20220726_ADRIFT_027,HUWH_ANALYSIS,SOUNDTRAP_RECORDING,HUWH,INTERVAL,2022-07-26T18:37:12+0000,2022-07-30T18:14:25+0000,384.0,0.0,3.0,POST_PROCESSED,PARTIALLY_VALIDATED,Unpublished,,TRUE,TRUE,MANUAL,,,,,,,,
SWFSC,SWFSC_SFB_20220726_ADRIFT_028,HUWH_ANALYSIS,SOUNDTRAP_RECORDING,HUWH,INTERVAL,2022-07-26T17:29:47+0000,2022-07-30T20:20:32+0000,384.0,0.0,3.0,POST_PROCESSED,PARTIALLY_VALIDATED,Unpublished,,TRUE,TRUE,MANUAL,,,,,,,,
SWFSC,SWFSC_SFB_20220927_ADRIFT_034,HUWH_ANALYSIS,SOUNDTRAP_RECORDING,HUWH,INTERVAL,2022-09-27T18:37:14+0000,2022-10-01T15:59:35+0000,384.0,0.0,3.0,POST_PROCESSED,PARTIALLY_VALIDATED,Unpublished,,TRUE,TRUE,MANUAL,,,,,,,,
SWFSC,SWFSC_SFB_20230508_ADRIFT_067,HUWH_ANALYSIS,SOUNDTRAP_RECORDING,HUWH,INTERVAL,2023-05-08T04:18:02+0000,2023-05-12T01:36:03+0000,384.0,0.0,3.0,POST_PROCESSED,PARTIALLY_VALIDATED,Unpublished,,TRUE,TRUE,MANUAL,,,,,,,,
SWFSC,SWFSC_SFB_20230917_ADRIFT_092,HUWH_ANALYSIS,SOUNDTRAP_RECORDING,HUWH,INTERVAL,2023-09-17T17:42:00+0000,2023-09-22T01:42:02+0000,384.0,0.0,3.0,POST_PROCESSED,PARTIALLY_VALIDATED,Unpublished,,TRUE,TRUE,MANUAL,,,,,,,,
SWFSC,SWFSC_SND_20160924_PASCAL_023,HUWH_ANALYSIS,SOUNDTRAP_RECORDING,HUWH,INTERVAL,2016-09-24T00:37:42+0000,2016-09-28T00:57:46+0000,288.0,0.0,3.0,POST_PROCESSED,PARTIALLY_VALIDATED,Unpublished,,TRUE,TRUE,MANUAL,,,,,,,,
SWFSC,SWFSC_SND_20160924_PASCAL_024,HUWH_ANALYSIS,SOUNDTRAP_RECORDING_9174,HUWH,INTERVAL,2016-09-24T01:46:49+0000,2016-09-28T02:11:14+0000,288.0,0.0,3.0,POST_PROCESSED,PARTIALLY_VALIDATED,Unpublished,,TRUE,TRUE,MANUAL,,,,,,,,
SWFSC,SWFSC_SND_20160924_PASCAL_025,HUWH_ANALYSIS,SOUNDTRAP_RECORDING,HUWH,INTERVAL,2016-09-24T04:09:39+0000,2016-09-28T02:25:43+0000,288.0,0.0,3.0,POST_PROCESSED,PARTIALLY_VALIDATED,Unpublished,,TRUE,TRUE,MANUAL,,,,,,,,
SWFSC,SWFSC_BCN_20181031_CCES_017,MIWH_ANALYSIS,SM3M_RECORDINGS,MIWH,INTERVAL,2018-10-31T00:00:00+0000,2018-11-24T04:30:00+0000,256.0,0.0,12.0,POST_PROCESSED,FULLY_VALIDATED,Unpublished,,TRUE,TRUE,GPL,,,,,,,,
SWFSC,SWFSC_BCN_20181031_CCES_018,MIWH_ANALYSIS,SOUNDTRAP_RECORDING,MIWH,INTERVAL,2018-10-31T10:05:29+0000,2018-11-16T04:12:29+0000,576.0,0.0,12.0,POST_PROCESSED,FULLY_VALIDATED,Unpublished,,TRUE,TRUE,GPL,,,,,,,,
SWFSC,SWFSC_BCN_20181101_CCES_019,MIWH_ANALYSIS,SOUNDTRAP_RECORDING,MIWH,INTERVAL,2018-11-01T02:23:12+0000,2018-11-18T12:54:48+0000,576.0,0.0,12.0,POST_PROCESSED,FULLY_VALIDATED,Unpublished,,TRUE,TRUE,GPL,,,,,,,,
SWFSC,SWFSC_BCN_20181106_CCES_021,MIWH_ANALYSIS,SOUNDTRAP_RECORDING,MIWH,INTERVAL,2018-11-06T03:58:51+0000,2018-11-11T09:12:51+0000,576.0,0.0,12.0,POST_PROCESSED,FULLY_VALIDATED,Unpublished,,TRUE,TRUE,GPL,,,,,,,,
SWFSC,SWFSC_CHI_20160904_PASCAL_019,MIWH_ANALYSIS,SOUNDTRAP_RECORDING,MIWH,INTERVAL,2016-09-04T01:47:23+0000,2016-09-23T06:59:21+0000,288.0,0.0,12.0,POST_PROCESSED,FULLY_VALIDATED,Unpublished,,TRUE,TRUE,GPL,,,,,,,,
SWFSC,SWFSC_HUM_20180725_CCES_004,MIWH_ANALYSIS,SM3M_RECORDINGS,MIWH,INTERVAL,2018-07-30T00:00:00+0000,2018-10-12T23:59:59+0000,256.0,0.0,12.0,POST_PROCESSED,FULLY_VALIDATED,Unpublished,,TRUE,TRUE,GPL,,,,,,,,
SWFSC,SWFSC_MOB_20160904_PASCAL_021,MIWH_ANALYSIS,SOUNDTRAP_RECORDING,MIWH,INTERVAL,2016-09-03T23:54:34+0000,2016-09-25T10:02:46+0000,288.0,0.0,12.0,POST_PROCESSED,FULLY_VALIDATED,Unpublished,,TRUE,TRUE,GPL,,,,,,,,
SWFSC,SWFSC_PTA_20180822_CCES_010,MIWH_ANALYSIS,SOUNDTRAP_RECORDING,MIWH,INTERVAL,2018-08-22T02:24:55+0000,2018-10-21T23:48:58+0000,576.0,0.0,12.0,POST_PROCESSED,FULLY_VALIDATED,Unpublished,,TRUE,TRUE,GPL,,,,,,,,
SWFSC,SWFSC_BCN_20160824_PASCAL_006,NBHF_ANALYSIS,SOUNDTRAP_RECORDING,NBHF,INTERVAL,2016-08-24T13:00:23+0000,2016-08-30T03:29:26+0000,288.0,0.0,288.0,POST_PROCESSED,PARTIALLY_VALIDATED,https://sael-swfsc.github.io/adrift-analysis-methods/content/ToothedWhales/NBHF-Detection.html,,TRUE,TRUE,PAMGUARD_CLICK,,,,,,,,
SWFSC,SWFSC_BCN_20181030_CCES_016,NBHF_ANALYSIS,SOUNDTRAP_RECORDING,NBHF,INTERVAL,2018-10-30T14:49:37+0000,2018-11-15T23:01:37+0000,576.0,0.0,384.0,POST_PROCESSED,PARTIALLY_VALIDATED,https://sael-swfsc.github.io/adrift-analysis-methods/content/ToothedWhales/NBHF-Detection.html,,TRUE,TRUE,PAMGUARD_CLICK,,,,,,,,
SWFSC,SWFSC_BCN_20181031_CCES_018,NBHF_ANALYSIS,SOUNDTRAP_RECORDING,NBHF,INTERVAL,2018-10-31T10:05:29+0000,2018-11-16T04:12:29+0000,576.0,0.0,384.0,POST_PROCESSED,PARTIALLY_VALIDATED,https://sael-swfsc.github.io/adrift-analysis-methods/content/ToothedWhales/NBHF-Detection.html,,TRUE,TRUE,PAMGUARD_CLICK,,,,,,,,
SWFSC,SWFSC_BCN_20181101_CCES_019,NBHF_ANALYSIS,SOUNDTRAP_RECORDING,NBHF,INTERVAL,2018-11-01T02:23:12+0000,2018-11-18T12:54:48+0000,576.0,0.0,384.0,POST_PROCESSED,PARTIALLY_VALIDATED,https://sael-swfsc.github.io/adrift-analysis-methods/content/ToothedWhales/NBHF-Detection.html,,TRUE,TRUE,PAMGUARD_CLICK,,,,,,,,
SWFSC,SWFSC_BCN_20181105_CCES_020,NBHF_ANALYSIS,SOUNDTRAP_RECORDING,NBHF,INTERVAL,2018-11-05T14:22:39+0000,2018-11-22T09:16:43+0000,576.0,0.0,384.0,POST_PROCESSED,PARTIALLY_VALIDATED,https://sael-swfsc.github.io/adrift-analysis-methods/content/ToothedWhales/NBHF-Detection.html,,TRUE,TRUE,PAMGUARD_CLICK,,,,,,,,
SWFSC,SWFSC_BCN_20181106_CCES_021,NBHF_ANALYSIS,SOUNDTRAP_RECORDING,NBHF,INTERVAL,2018-11-06T03:58:51+0000,2018-11-11T09:12:51+0000,576.0,0.0,384.0,POST_PROCESSED,PARTIALLY_VALIDATED,https://sael-swfsc.github.io/adrift-analysis-methods/content/ToothedWhales/NBHF-Detection.html,,TRUE,TRUE,PAMGUARD_CLICK,,,,,,,,
SWFSC,SWFSC_BCN_20181107_CCES_022,NBHF_ANALYSIS,SOUNDTRAP_RECORDING,NBHF,INTERVAL,2018-11-07T14:23:49+0000,2018-11-23T18:55:49+0000,576.0,0.0,384.0,POST_PROCESSED,PARTIALLY_VALIDATED,https://sael-swfsc.github.io/adrift-analysis-methods/content/ToothedWhales/NBHF-Detection.html,,TRUE,TRUE,PAMGUARD_CLICK,,,,,,,,
SWFSC,SWFSC_BCN_20181122_CCES_023,NBHF_ANALYSIS,SOUNDTRAP_RECORDING,NBHF,INTERVAL,2018-11-22T08:28:24+0000,2018-12-03T00:49:11+0000,576.0,0.0,384.0,POST_PROCESSED,PARTIALLY_VALIDATED,https://sael-swfsc.github.io/adrift-analysis-methods/content/ToothedWhales/NBHF-Detection.html,,TRUE,TRUE,PAMGUARD_CLICK,,,,,,,,
SWFSC,SWFSC_CHI_20160822_PASCAL_005,NBHF_ANALYSIS,SOUNDTRAP_RECORDING,NBHF,INTERVAL,2016-08-22T15:03:57+0000,2016-09-04T22:55:57+0000,288.0,0.0,288.0,POST_PROCESSED,PARTIALLY_VALIDATED,https://sael-swfsc.github.io/adrift-analysis-methods/content/ToothedWhales/NBHF-Detection.html,,TRUE,TRUE,PAMGUARD_CLICK,,,,,,,,
SWFSC,SWFSC_CHI_20160904_PASCAL_019,NBHF_ANALYSIS,SOUNDTRAP_RECORDING,NBHF,INTERVAL,2016-09-04T01:47:23+0000,2016-09-23T06:59:21+0000,288.0,0.0,288.0,POST_PROCESSED,PARTIALLY_VALIDATED,https://sael-swfsc.github.io/adrift-analysis-methods/content/ToothedWhales/NBHF-Detection.html,,TRUE,TRUE,PAMGUARD_CLICK,,,,,,,,
SWFSC,SWFSC_CHI_20160906_PASCAL_020,NBHF_ANALYSIS,SOUNDTRAP_RECORDING,NBHF,INTERVAL,2016-09-06T02:37:11+0000,2016-09-29T05:18:16+0000,288.0,0.0,288.0,POST_PROCESSED,PARTIALLY_VALIDATED,https://sael-swfsc.github.io/adrift-analysis-methods/content/ToothedWhales/NBHF-Detection.html,,TRUE,TRUE,PAMGUARD_CLICK,,,,,,,,
SWFSC,SWFSC_CHI_20160924_PASCAL_027,NBHF_ANALYSIS,SOUNDTRAP_RECORDING,NBHF,INTERVAL,2016-09-24T15:49:50+0000,2016-09-26T03:53:51+0000,288.0,0.0,288.0,POST_PROCESSED,PARTIALLY_VALIDATED,https://sael-swfsc.github.io/adrift-analysis-methods/content/ToothedWhales/NBHF-Detection.html,,TRUE,TRUE,PAMGUARD_CLICK,,,,,,,,
SWFSC,SWFSC_CHI_20180911_CCES_013,NBHF_ANALYSIS,SOUNDTRAP_RECORDING,NBHF,INTERVAL,2018-09-11T20:56:28+0000,2018-10-23T13:58:28+0000,288.0,0.0,288.0,POST_PROCESSED,PARTIALLY_VALIDATED,https://sael-swfsc.github.io/adrift-analysis-methods/content/ToothedWhales/NBHF-Detection.html,,TRUE,TRUE,PAMGUARD_CLICK,,,,,,,,
SWFSC,SWFSC_HMB_20210609_ADRIFT_002,NBHF_ANALYSIS,SOUNDTRAP_RECORDING,NBHF,INTERVAL,2021-06-09T18:12:23+0000,2021-06-16T22:48:53+0000,384.0,0.0,384.0,POST_PROCESSED,PARTIALLY_VALIDATED,https://sael-swfsc.github.io/adrift-analysis-methods/content/ToothedWhales/NBHF-Detection.html,,TRUE,TRUE,PAMGUARD_CLICK,,,,,,,,
SWFSC,SWFSC_HUM_20160821_PASCAL_002,NBHF_ANALYSIS,SOUNDTRAP_RECORDING,NBHF,INTERVAL,2016-08-20T18:44:06+0000,2016-09-01T02:06:05+0000,288.0,0.0,288.0,POST_PROCESSED,PARTIALLY_VALIDATED,https://sael-swfsc.github.io/adrift-analysis-methods/content/ToothedWhales/NBHF-Detection.html,,TRUE,TRUE,PAMGUARD_CLICK,,,,,,,,
SWFSC,SWFSC_HUM_20180805_CCES_007,NBHF_ANALYSIS,SOUNDTRAP_RECORDING,NBHF,INTERVAL,2018-08-05T15:27:50+0000,2018-09-22T18:09:50+0000,288.0,0.0,288.0,POST_PROCESSED,PARTIALLY_VALIDATED,https://sael-swfsc.github.io/adrift-analysis-methods/content/ToothedWhales/NBHF-Detection.html,,TRUE,TRUE,PAMGUARD_CLICK,,,,,,,,
SWFSC,SWFSC_HUM_20180816_CCES_008,NBHF_ANALYSIS,SOUNDTRAP_RECORDING,NBHF,INTERVAL,2018-08-16T04:38:04+0000,2018-10-01T01:59:55+0000,288.0,0.0,288.0,POST_PROCESSED,PARTIALLY_VALIDATED,https://sael-swfsc.github.io/adrift-analysis-methods/content/ToothedWhales/NBHF-Detection.html,,TRUE,TRUE,PAMGUARD_CLICK,,,,,,,,
SWFSC,SWFSC_HUM_20220118_ADRIFT_012,NBHF_ANALYSIS,SOUNDTRAP_RECORDING,NBHF,INTERVAL,2022-01-18T03:42:19+0000,2022-01-21T19:39:12+0000,384.0,0.0,384.0,POST_PROCESSED,PARTIALLY_VALIDATED,https://sael-swfsc.github.io/adrift-analysis-methods/content/ToothedWhales/NBHF-Detection.html,,TRUE,TRUE,PAMGUARD_CLICK,,,,,,,,
SWFSC,SWFSC_HUM_20220425_ADRIFT_017,NBHF_ANALYSIS,SOUNDTRAP_RECORDING,NBHF,INTERVAL,2022-04-25T18:59:59+0000,2022-04-28T19:22:16+0000,384.0,0.0,384.0,POST_PROCESSED,PARTIALLY_VALIDATED,https://sael-swfsc.github.io/adrift-analysis-methods/content/ToothedWhales/NBHF-Detection.html,,TRUE,TRUE,PAMGUARD_CLICK,,,,,,,,
SWFSC,SWFSC_HUM_20220425_ADRIFT_018,NBHF_ANALYSIS,SOUNDTRAP_RECORDING,NBHF,INTERVAL,2022-04-25T19:59:57+0000,2022-04-28T20:22:15+0000,384.0,0.0,384.0,POST_PROCESSED,PARTIALLY_VALIDATED,https://sael-swfsc.github.io/adrift-analysis-methods/content/ToothedWhales/NBHF-Detection.html,,TRUE,TRUE,PAMGUARD_CLICK,,,,,,,,
SWFSC,SWFSC_HUM_20220728_ADRIFT_030,NBHF_ANALYSIS,SOUNDTRAP_RECORDING,NBHF,INTERVAL,2022-07-28T18:59:58+0000,2022-08-01T11:29:40+0000,384.0,0.0,384.0,POST_PROCESSED,PARTIALLY_VALIDATED,https://sael-swfsc.github.io/adrift-analysis-methods/content/ToothedWhales/NBHF-Detection.html,,TRUE,TRUE,PAMGUARD_CLICK,,,,,,,,
SWFSC,SWFSC_HUM_20220728_ADRIFT_031,NBHF_ANALYSIS,SOUNDTRAP_RECORDING,NBHF,INTERVAL,2022-07-28T18:59:58+0000,2022-08-01T08:52:13+0000,384.0,0.0,384.0,POST_PROCESSED,PARTIALLY_VALIDATED,https://sael-swfsc.github.io/adrift-analysis-methods/content/ToothedWhales/NBHF-Detection.html,,TRUE,TRUE,PAMGUARD_CLICK,,,,,,,,
SWFSC,SWFSC_HUM_20220913_ADRIFT_032,NBHF_ANALYSIS,SOUNDTRAP_RECORDING,NBHF,INTERVAL,2022-09-13T06:59:56+0000,2022-09-15T18:14:45+0000,384.0,0.0,384.0,POST_PROCESSED,PARTIALLY_VALIDATED,https://sael-swfsc.github.io/adrift-analysis-methods/content/ToothedWhales/NBHF-Detection.html,,TRUE,TRUE,PAMGUARD_CLICK,,,,,,,,
SWFSC,SWFSC_HUM_20220913_ADRIFT_033,NBHF_ANALYSIS,SOUNDTRAP_RECORDING,NBHF,INTERVAL,2022-09-13T04:44:56+0000,2022-09-15T17:29:45+0000,384.0,0.0,384.0,POST_PROCESSED,PARTIALLY_VALIDATED,https://sael-swfsc.github.io/adrift-analysis-methods/content/ToothedWhales/NBHF-Detection.html,,TRUE,TRUE,PAMGUARD_CLICK,,,,,,,,
SWFSC,SWFSC_HUM_20221116_ADRIFT_036,NBHF_ANALYSIS,SOUNDTRAP_RECORDING,NBHF,INTERVAL,2022-11-16T19:14:57+0000,2022-11-20T07:37:12+0000,384.0,0.0,384.0,POST_PROCESSED,PARTIALLY_VALIDATED,https://sael-swfsc.github.io/adrift-analysis-methods/content/ToothedWhales/NBHF-Detection.html,,TRUE,TRUE,PAMGUARD_CLICK,,,,,,,,
SWFSC,SWFSC_HUM_20221116_ADRIFT_037,NBHF_ANALYSIS,SOUNDTRAP_RECORDING,NBHF,INTERVAL,2022-11-16T18:59:58+0000,2022-11-21T10:59:46+0000,288.0,0.0,288.0,POST_PROCESSED,PARTIALLY_VALIDATED,https://sael-swfsc.github.io/adrift-analysis-methods/content/ToothedWhales/NBHF-Detection.html,,TRUE,TRUE,PAMGUARD_CLICK,,,,,,,,
SWFSC,SWFSC_HUM_20221116_ADRIFT_038,NBHF_ANALYSIS,SOUNDTRAP_RECORDING,NBHF,INTERVAL,2022-11-16T19:14:57+0000,2022-11-20T03:29:42+0000,384.0,0.0,384.0,POST_PROCESSED,PARTIALLY_VALIDATED,https://sael-swfsc.github.io/adrift-analysis-methods/content/ToothedWhales/NBHF-Detection.html,,TRUE,TRUE,PAMGUARD_CLICK,,,,,,,,
SWFSC,SWFSC_HUM_20221213_ADRIFT_039,NBHF_ANALYSIS,SOUNDTRAP_RECORDING,NBHF,INTERVAL,2022-12-13T21:29:57+0000,2022-12-16T20:22:14+0000,384.0,0.0,384.0,POST_PROCESSED,PARTIALLY_VALIDATED,https://sael-swfsc.github.io/adrift-analysis-methods/content/ToothedWhales/NBHF-Detection.html,,TRUE,TRUE,PAMGUARD_CLICK,,,,,,,,
SWFSC,SWFSC_HUM_20221213_ADRIFT_040,NBHF_ANALYSIS,SOUNDTRAP_RECORDING,NBHF,INTERVAL,2022-12-13T21:29:57+0000,2022-12-16T21:29:49+0000,288.0,0.0,288.0,POST_PROCESSED,PARTIALLY_VALIDATED,https://sael-swfsc.github.io/adrift-analysis-methods/content/ToothedWhales/NBHF-Detection.html,,TRUE,TRUE,PAMGUARD_CLICK,,,,,,,,
SWFSC,SWFSC_HUM_20221213_ADRIFT_041,NBHF_ANALYSIS,SOUNDTRAP_RECORDING,NBHF,INTERVAL,2022-12-13T21:52:27+0000,2022-12-16T22:37:14+0000,384.0,0.0,384.0,POST_PROCESSED,PARTIALLY_VALIDATED,https://sael-swfsc.github.io/adrift-analysis-methods/content/ToothedWhales/NBHF-Detection.html,,TRUE,TRUE,PAMGUARD_CLICK,,,,,,,,
SWFSC,SWFSC_HUM_20230507_ADRIFT_068,NBHF_ANALYSIS,SOUNDTRAP_RECORDING,NBHF,INTERVAL,2023-05-07T00:29:57+0000,2023-05-09T16:14:48+0000,384.0,0.0,384.0,POST_PROCESSED,PARTIALLY_VALIDATED,https://sael-swfsc.github.io/adrift-analysis-methods/content/ToothedWhales/NBHF-Detection.html,,TRUE,TRUE,PAMGUARD_CLICK,,,,,,,,
SWFSC,SWFSC_HUM_20230507_ADRIFT_070,NBHF_ANALYSIS,SOUNDTRAP_RECORDING,NBHF,INTERVAL,2023-05-07T00:52:27+0000,2023-05-09T17:44:46+0000,384.0,0.0,384.0,POST_PROCESSED,PARTIALLY_VALIDATED,https://sael-swfsc.github.io/adrift-analysis-methods/content/ToothedWhales/NBHF-Detection.html,,TRUE,TRUE,PAMGUARD_CLICK,,,,,,,,
SWFSC,SWFSC_HUM_20230825_ADRIFT_088,NBHF_ANALYSIS,SOUNDTRAP_RECORDING,NBHF,INTERVAL,2023-08-25T17:29:58+0000,2023-08-28T20:23:59+0000,384.0,0.0,384.0,POST_PROCESSED,PARTIALLY_VALIDATED,https://sael-swfsc.github.io/adrift-analysis-methods/content/ToothedWhales/NBHF-Detection.html,,TRUE,TRUE,PAMGUARD_CLICK,,,,,,,,
SWFSC,SWFSC_HUM_20230825_ADRIFT_089,NBHF_ANALYSIS,SOUNDTRAP_RECORDING,NBHF,INTERVAL,2023-08-25T17:17:58+0000,2023-08-26T18:23:58+0000,384.0,0.0,384.0,POST_PROCESSED,PARTIALLY_VALIDATED,https://sael-swfsc.github.io/adrift-analysis-methods/content/ToothedWhales/NBHF-Detection.html,,TRUE,TRUE,PAMGUARD_CLICK,,,,,,,,
SWFSC,SWFSC_HUM_20230825_ADRIFT_090,NBHF_ANALYSIS,SOUNDTRAP_RECORDING,NBHF,INTERVAL,2023-08-25T17:41:58+0000,2023-08-26T21:11:58+0000,384.0,0.0,384.0,POST_PROCESSED,PARTIALLY_VALIDATED,https://sael-swfsc.github.io/adrift-analysis-methods/content/ToothedWhales/NBHF-Detection.html,,TRUE,TRUE,PAMGUARD_CLICK,,,,,,,,
SWFSC,SWFSC_HUM_20230825_ADRIFT_091,NBHF_ANALYSIS,SOUNDTRAP_RECORDING,NBHF,INTERVAL,2023-08-25T18:05:58+0000,2023-08-28T21:29:59+0000,288.0,0.0,288.0,POST_PROCESSED,PARTIALLY_VALIDATED,https://sael-swfsc.github.io/adrift-analysis-methods/content/ToothedWhales/NBHF-Detection.html,,TRUE,TRUE,PAMGUARD_CLICK,,,,,,,,
SWFSC,SWFSC_HUM_20231005_ADRIFT_097,NBHF_ANALYSIS,SOUNDTRAP_RECORDING,NBHF,INTERVAL,2023-10-05T23:29:58+0000,2023-10-06T23:23:58+0000,384.0,0.0,384.0,POST_PROCESSED,PARTIALLY_VALIDATED,https://sael-swfsc.github.io/adrift-analysis-methods/content/ToothedWhales/NBHF-Detection.html,,TRUE,TRUE,PAMGUARD_CLICK,,,,,,,,
SWFSC,SWFSC_HUM_20231005_ADRIFT_098,NBHF_ANALYSIS,SOUNDTRAP_RECORDING,NBHF,INTERVAL,2023-10-05T23:29:58+0000,2023-10-06T23:41:58+0000,384.0,0.0,384.0,POST_PROCESSED,PARTIALLY_VALIDATED,https://sael-swfsc.github.io/adrift-analysis-methods/content/ToothedWhales/NBHF-Detection.html,,TRUE,TRUE,PAMGUARD_CLICK,,,,,,,,
SWFSC,SWFSC_HUM_20231005_ADRIFT_099,NBHF_ANALYSIS,SOUNDTRAP_RECORDING,NBHF,INTERVAL,2023-10-05T23:41:58+0000,2023-10-06T23:53:58+0000,384.0,0.0,384.0,POST_PROCESSED,PARTIALLY_VALIDATED,https://sael-swfsc.github.io/adrift-analysis-methods/content/ToothedWhales/NBHF-Detection.html,,TRUE,TRUE,PAMGUARD_CLICK,,,,,,,,
SWFSC,SWFSC_HUM_20231005_ADRIFT_100,NBHF_ANALYSIS,SOUNDTRAP_RECORDING,NBHF,INTERVAL,2023-10-05T23:53:58+0000,2023-10-07T00:23:58+0000,288.0,0.0,288.0,POST_PROCESSED,PARTIALLY_VALIDATED,https://sael-swfsc.github.io/adrift-analysis-methods/content/ToothedWhales/NBHF-Detection.html,,TRUE,TRUE,PAMGUARD_CLICK,,,,,,,,
SWFSC,SWFSC_MBY_20160827_PASCAL_009,NBHF_ANALYSIS,SOUNDTRAP_RECORDING_1436,NBHF,INTERVAL,2016-08-27T00:22:14+0000,2016-09-15T13:04:14+0000,288.0,0.0,288.0,POST_PROCESSED,PARTIALLY_VALIDATED,https://sael-swfsc.github.io/adrift-analysis-methods/content/ToothedWhales/NBHF-Detection.html,,TRUE,TRUE,PAMGUARD_CLICK,,,,,,,,
SWFSC,SWFSC_MBY_20220621_ADRIFT_019,NBHF_ANALYSIS,SOUNDTRAP_RECORDING,NBHF,INTERVAL,2022-06-21T16:15:00+0000,2022-06-25T22:14:42+0000,384.0,0.0,384.0,POST_PROCESSED,PARTIALLY_VALIDATED,https://sael-swfsc.github.io/adrift-analysis-methods/content/ToothedWhales/NBHF-Detection.html,,TRUE,TRUE,PAMGUARD_CLICK,,,,,,,,
SWFSC,SWFSC_MBY_20220621_ADRIFT_020,NBHF_ANALYSIS,SOUNDTRAP_RECORDING,NBHF,INTERVAL,2022-06-21T16:45:00+0000,2022-06-25T17:52:13+0000,384.0,0.0,384.0,POST_PROCESSED,PARTIALLY_VALIDATED,https://sael-swfsc.github.io/adrift-analysis-methods/content/ToothedWhales/NBHF-Detection.html,,TRUE,TRUE,PAMGUARD_CLICK,,,,,,,,
SWFSC,SWFSC_MBY_20220621_ADRIFT_021,NBHF_ANALYSIS,SOUNDTRAP_RECORDING,NBHF,INTERVAL,2022-06-21T17:07:29+0000,2022-06-25T18:37:12+0000,384.0,0.0,384.0,POST_PROCESSED,PARTIALLY_VALIDATED,https://sael-swfsc.github.io/adrift-analysis-methods/content/ToothedWhales/NBHF-Detection.html,,TRUE,TRUE,PAMGUARD_CLICK,,,,,,,,
SWFSC,SWFSC_MBY_20220621_ADRIFT_022,NBHF_ANALYSIS,SOUNDTRAP_RECORDING,NBHF,INTERVAL,2022-06-21T17:37:30+0000,2022-06-25T16:52:16+0000,384.0,0.0,384.0,POST_PROCESSED,PARTIALLY_VALIDATED,https://sael-swfsc.github.io/adrift-analysis-methods/content/ToothedWhales/NBHF-Detection.html,,TRUE,TRUE,PAMGUARD_CLICK,,,,,,,,
SWFSC,SWFSC_MBY_20220621_ADRIFT_023,NBHF_ANALYSIS,SOUNDTRAP_RECORDING,NBHF,INTERVAL,2022-06-21T18:52:29+0000,2022-06-25T21:29:41+0000,384.0,0.0,384.0,POST_PROCESSED,PARTIALLY_VALIDATED,https://sael-swfsc.github.io/adrift-analysis-methods/content/ToothedWhales/NBHF-Detection.html,,TRUE,TRUE,PAMGUARD_CLICK,,,,,,,,
SWFSC,SWFSC_MBY_20220621_ADRIFT_024,NBHF_ANALYSIS,SOUNDTRAP_RECORDING,NBHF,INTERVAL,2022-06-21T19:29:59+0000,2022-06-25T20:14:42+0000,384.0,0.0,384.0,POST_PROCESSED,PARTIALLY_VALIDATED,https://sael-swfsc.github.io/adrift-analysis-methods/content/ToothedWhales/NBHF-Detection.html,,TRUE,TRUE,PAMGUARD_CLICK,,,,,,,,
SWFSC,SWFSC_MBY_20220621_ADRIFT_025,NBHF_ANALYSIS,SOUNDTRAP_RECORDING,NBHF,INTERVAL,2022-06-21T19:44:59+0000,2022-06-25T17:29:42+0000,384.0,0.0,384.0,POST_PROCESSED,PARTIALLY_VALIDATED,https://sael-swfsc.github.io/adrift-analysis-methods/content/ToothedWhales/NBHF-Detection.html,,TRUE,TRUE,PAMGUARD_CLICK,,,,,,,,
SWFSC,SWFSC_MBY_20220621_ADRIFT_026,NBHF_ANALYSIS,SOUNDTRAP_RECORDING,NBHF,INTERVAL,2022-06-21T20:22:29+0000,2022-06-25T20:44:44+0000,384.0,0.0,384.0,POST_PROCESSED,PARTIALLY_VALIDATED,https://sael-swfsc.github.io/adrift-analysis-methods/content/ToothedWhales/NBHF-Detection.html,,TRUE,TRUE,PAMGUARD_CLICK,,,,,,,,
SWFSC,SWFSC_MBY_20230711_ADRIFT_079,NBHF_ANALYSIS,SOUNDTRAP_RECORDING,NBHF,INTERVAL,2023-07-11T19:54:00+0000,2023-07-16T16:24:02+0000,384.0,0.0,384.0,POST_PROCESSED,PARTIALLY_VALIDATED,https://sael-swfsc.github.io/adrift-analysis-methods/content/ToothedWhales/NBHF-Detection.html,,TRUE,TRUE,PAMGUARD_CLICK,,,,,,,,
SWFSC,SWFSC_MBY_20230711_ADRIFT_080,NBHF_ANALYSIS,SOUNDTRAP_RECORDING,NBHF,INTERVAL,2023-07-11T20:42:00+0000,2023-07-16T20:12:01+0000,384.0,0.0,384.0,POST_PROCESSED,PARTIALLY_VALIDATED,https://sael-swfsc.github.io/adrift-analysis-methods/content/ToothedWhales/NBHF-Detection.html,,TRUE,TRUE,PAMGUARD_CLICK,,,,,,,,
SWFSC,SWFSC_MBY_20230711_ADRIFT_081,NBHF_ANALYSIS,SOUNDTRAP_RECORDING,NBHF,INTERVAL,2023-07-11T21:17:59+0000,2023-07-16T17:42:02+0000,384.0,0.0,384.0,POST_PROCESSED,PARTIALLY_VALIDATED,https://sael-swfsc.github.io/adrift-analysis-methods/content/ToothedWhales/NBHF-Detection.html,,TRUE,TRUE,PAMGUARD_CLICK,,,,,,,,
SWFSC,SWFSC_MBY_20230711_ADRIFT_082,NBHF_ANALYSIS,SOUNDTRAP_RECORDING,NBHF,INTERVAL,2023-07-11T21:54:00+0000,2023-07-15T18:42:01+0000,384.0,0.0,384.0,POST_PROCESSED,PARTIALLY_VALIDATED,https://sael-swfsc.github.io/adrift-analysis-methods/content/ToothedWhales/NBHF-Detection.html,,TRUE,TRUE,PAMGUARD_CLICK,,,,,,,,
SWFSC,SWFSC_MBY_20230711_ADRIFT_083,NBHF_ANALYSIS,SOUNDTRAP_RECORDING,NBHF,INTERVAL,2023-07-11T22:42:00+0000,2023-07-16T17:18:01+0000,384.0,0.0,384.0,POST_PROCESSED,PARTIALLY_VALIDATED,https://sael-swfsc.github.io/adrift-analysis-methods/content/ToothedWhales/NBHF-Detection.html,,TRUE,TRUE,PAMGUARD_CLICK,,,,,,,,
SWFSC,SWFSC_MBY_20231106_ADRIFT_101,NBHF_ANALYSIS,SOUNDTRAP_RECORDING,NBHF,INTERVAL,2023-11-06T17:06:00+0000,2023-11-10T18:18:01+0000,384.0,0.0,384.0,POST_PROCESSED,PARTIALLY_VALIDATED,https://sael-swfsc.github.io/adrift-analysis-methods/content/ToothedWhales/NBHF-Detection.html,,TRUE,TRUE,PAMGUARD_CLICK,,,,,,,,
SWFSC,SWFSC_MBY_20231106_ADRIFT_102,NBHF_ANALYSIS,SOUNDTRAP_RECORDING,NBHF,INTERVAL,2023-11-06T17:42:00+0000,2023-11-10T19:48:01+0000,384.0,0.0,384.0,POST_PROCESSED,PARTIALLY_VALIDATED,https://sael-swfsc.github.io/adrift-analysis-methods/content/ToothedWhales/NBHF-Detection.html,,TRUE,TRUE,PAMGUARD_CLICK,,,,,,,,
SWFSC,SWFSC_MBY_20231106_ADRIFT_103,NBHF_ANALYSIS,SOUNDTRAP_RECORDING,NBHF,INTERVAL,2023-11-06T18:54:00+0000,2023-11-10T20:54:00+0000,384.0,0.0,384.0,POST_PROCESSED,PARTIALLY_VALIDATED,https://sael-swfsc.github.io/adrift-analysis-methods/content/ToothedWhales/NBHF-Detection.html,,TRUE,TRUE,PAMGUARD_CLICK,,,,,,,,
SWFSC,SWFSC_MBY_20231106_ADRIFT_104,NBHF_ANALYSIS,SOUNDTRAP_RECORDING,NBHF,INTERVAL,2023-11-06T19:24:00+0000,2023-11-10T22:48:01+0000,384.0,0.0,384.0,POST_PROCESSED,PARTIALLY_VALIDATED,https://sael-swfsc.github.io/adrift-analysis-methods/content/ToothedWhales/NBHF-Detection.html,,TRUE,TRUE,PAMGUARD_CLICK,,,,,,,,
SWFSC,SWFSC_MBY_20231106_ADRIFT_105,NBHF_ANALYSIS,SOUNDTRAP_RECORDING,NBHF,INTERVAL,2023-11-06T20:00:00+0000,2023-11-10T22:00:01+0000,384.0,0.0,384.0,POST_PROCESSED,PARTIALLY_VALIDATED,https://sael-swfsc.github.io/adrift-analysis-methods/content/ToothedWhales/NBHF-Detection.html,,TRUE,TRUE,PAMGUARD_CLICK,,,,,,,,
SWFSC,SWFSC_MBY_20231106_ADRIFT_106,NBHF_ANALYSIS,SOUNDTRAP_RECORDING,NBHF,INTERVAL,2023-11-06T20:35:59+0000,2023-11-10T22:18:01+0000,384.0,0.0,384.0,POST_PROCESSED,PARTIALLY_VALIDATED,https://sael-swfsc.github.io/adrift-analysis-methods/content/ToothedWhales/NBHF-Detection.html,,TRUE,TRUE,PAMGUARD_CLICK,,,,,,,,
SWFSC,SWFSC_MBY_20231106_ADRIFT_107,NBHF_ANALYSIS,SOUNDTRAP_RECORDING,NBHF,INTERVAL,2023-11-06T21:00:00+0000,2023-11-10T20:24:01+0000,384.0,0.0,384.0,POST_PROCESSED,PARTIALLY_VALIDATED,https://sael-swfsc.github.io/adrift-analysis-methods/content/ToothedWhales/NBHF-Detection.html,,TRUE,TRUE,PAMGUARD_CLICK,,,,,,,,
SWFSC,SWFSC_MND_20160821_PASCAL_003,NBHF_ANALYSIS,SOUNDTRAP_RECORDING,NBHF,INTERVAL,2016-08-21T10:37:16+0000,2016-09-02T16:39:16+0000,288.0,0.0,288.0,POST_PROCESSED,PARTIALLY_VALIDATED,https://sael-swfsc.github.io/adrift-analysis-methods/content/ToothedWhales/NBHF-Detection.html,,TRUE,TRUE,PAMGUARD_CLICK,,,,,,,,
SWFSC,SWFSC_MOB_20160904_PASCAL_021,NBHF_ANALYSIS,SOUNDTRAP_RECORDING,NBHF,INTERVAL,2016-09-03T23:54:34+0000,2016-09-25T10:02:46+0000,288.0,0.0,288.0,POST_PROCESSED,PARTIALLY_VALIDATED,https://sael-swfsc.github.io/adrift-analysis-methods/content/ToothedWhales/NBHF-Detection.html,,TRUE,TRUE,PAMGUARD_CLICK,,,,,,,,
SWFSC,SWFSC_MOB_20180830_CCES_012,NBHF_ANALYSIS,SOUNDTRAP_RECORDING,NBHF,INTERVAL,2018-08-30T02:58:44+0000,2018-10-06T17:00:44+0000,288.0,0.0,288.0,POST_PROCESSED,PARTIALLY_VALIDATED,https://sael-swfsc.github.io/adrift-analysis-methods/content/ToothedWhales/NBHF-Detection.html,,TRUE,TRUE,PAMGUARD_CLICK,,,,,,,,
SWFSC,SWFSC_MOB_20220423_ADRIFT_013,NBHF_ANALYSIS,SOUNDTRAP_RECORDING,NBHF,INTERVAL,2022-04-23T20:44:52+0000,2022-05-04T20:36:02+0000,384.0,0.0,384.0,POST_PROCESSED,PARTIALLY_VALIDATED,https://sael-swfsc.github.io/adrift-analysis-methods/content/ToothedWhales/NBHF-Detection.html,,TRUE,TRUE,PAMGUARD_CLICK,,,,,,,,
SWFSC,SWFSC_ORE_20160819_PASCAL_001,NBHF_ANALYSIS,SOUNDTRAP_RECORDING,NBHF,INTERVAL,2016-08-20T02:20:07+0000,2016-08-31T14:42:00+0000,288.0,0.0,288.0,POST_PROCESSED,PARTIALLY_VALIDATED,https://sael-swfsc.github.io/adrift-analysis-methods/content/ToothedWhales/NBHF-Detection.html,,TRUE,TRUE,PAMGUARD_CLICK,,,,,,,,
SWFSC,SWFSC_ORE_20230413_ADRIFT_060,NBHF_ANALYSIS,SOUNDTRAP_RECORDING,NBHF,INTERVAL,2023-04-13T06:58:22+0000,2023-04-16T18:13:06+0000,384.0,0.0,384.0,POST_PROCESSED,PARTIALLY_VALIDATED,https://sael-swfsc.github.io/adrift-analysis-methods/content/ToothedWhales/NBHF-Detection.html,,TRUE,TRUE,PAMGUARD_CLICK,,,,,,,,
SWFSC,SWFSC_ORE_20230426_ADRIFT_064,NBHF_ANALYSIS,SOUNDTRAP_RECORDING,NBHF,INTERVAL,2023-04-26T02:06:08+0000,2023-04-29T07:20:35+0000,384.0,0.0,384.0,POST_PROCESSED,PARTIALLY_VALIDATED,https://sael-swfsc.github.io/adrift-analysis-methods/content/ToothedWhales/NBHF-Detection.html,,TRUE,TRUE,PAMGUARD_CLICK,,,,,,,,
SWFSC,SWFSC_ORE_20230517_ADRIFT_074,NBHF_ANALYSIS,SOUNDTRAP_RECORDING,NBHF,INTERVAL,2023-05-17T18:58:57+0000,2023-05-21T20:30:14+0000,384.0,0.0,384.0,POST_PROCESSED,PARTIALLY_VALIDATED,https://sael-swfsc.github.io/adrift-analysis-methods/content/ToothedWhales/NBHF-Detection.html,,TRUE,TRUE,PAMGUARD_CLICK,,,,,,,,
SWFSC,SWFSC_ORE_20230717_ADRIFT_077,NBHF_ANALYSIS,SOUNDTRAP_RECORDING,NBHF,INTERVAL,2023-07-17T19:08:24+0000,2023-07-21T08:34:54+0000,384.0,0.0,384.0,POST_PROCESSED,PARTIALLY_VALIDATED,https://sael-swfsc.github.io/adrift-analysis-methods/content/ToothedWhales/NBHF-Detection.html,,TRUE,TRUE,PAMGUARD_CLICK,,,,,,,,
SWFSC,SWFSC_ORE_20230717_ADRIFT_078,NBHF_ANALYSIS,SOUNDTRAP_RECORDING,NBHF,INTERVAL,2023-07-17T20:03:06+0000,2023-07-21T11:22:38+0000,384.0,0.0,384.0,POST_PROCESSED,PARTIALLY_VALIDATED,https://sael-swfsc.github.io/adrift-analysis-methods/content/ToothedWhales/NBHF-Detection.html,,TRUE,TRUE,PAMGUARD_CLICK,,,,,,,,
SWFSC,SWFSC_ORE_20230804_ADRIFT_085,NBHF_ANALYSIS,SOUNDTRAP_RECORDING,NBHF,INTERVAL,2023-08-04T22:05:51+0000,2023-08-11T02:37:32+0000,384.0,0.0,384.0,POST_PROCESSED,PARTIALLY_VALIDATED,https://sael-swfsc.github.io/adrift-analysis-methods/content/ToothedWhales/NBHF-Detection.html,,TRUE,TRUE,PAMGUARD_CLICK,,,,,,,,
SWFSC,SWFSC_ORE_20230804_ADRIFT_086,NBHF_ANALYSIS,SOUNDTRAP_RECORDING,NBHF,INTERVAL,2023-08-04T22:41:21+0000,2023-08-08T10:11:54+0000,384.0,0.0,384.0,POST_PROCESSED,PARTIALLY_VALIDATED,https://sael-swfsc.github.io/adrift-analysis-methods/content/ToothedWhales/NBHF-Detection.html,,TRUE,TRUE,PAMGUARD_CLICK,,,,,,,,
SWFSC,SWFSC_ORE_20230804_ADRIFT_087,NBHF_ANALYSIS,SOUNDTRAP_RECORDING,NBHF,INTERVAL,2023-08-04T23:14:28+0000,2023-08-08T11:44:44+0000,384.0,0.0,384.0,POST_PROCESSED,PARTIALLY_VALIDATED,https://sael-swfsc.github.io/adrift-analysis-methods/content/ToothedWhales/NBHF-Detection.html,,TRUE,TRUE,PAMGUARD_CLICK,,,,,,,,
SWFSC,SWFSC_SFB_20210610_ADRIFT_005,NBHF_ANALYSIS,SOUNDTRAP_RECORDING,NBHF,INTERVAL,2021-06-10T18:30:40+0000,2021-06-22T21:21:24+0000,384.0,0.0,384.0,POST_PROCESSED,PARTIALLY_VALIDATED,https://sael-swfsc.github.io/adrift-analysis-methods/content/ToothedWhales/NBHF-Detection.html,,TRUE,TRUE,PAMGUARD_CLICK,,,,,,,,
SWFSC,SWFSC_SFB_20210610_ADRIFT_007,NBHF_ANALYSIS,SOUNDTRAP_RECORDING,NBHF,INTERVAL,2021-06-10T17:33:22+0000,2021-06-24T10:00:08+0000,384.0,0.0,384.0,POST_PROCESSED,PARTIALLY_VALIDATED,https://sael-swfsc.github.io/adrift-analysis-methods/content/ToothedWhales/NBHF-Detection.html,,TRUE,TRUE,PAMGUARD_CLICK,,,,,,,,
SWFSC,SWFSC_SFB_20210725_ADRIFT_006,NBHF_ANALYSIS,SOUNDTRAP_RECORDING,NBHF,INTERVAL,2021-07-25T19:11:59+0000,2021-07-28T22:05:59+0000,384.0,0.0,384.0,POST_PROCESSED,PARTIALLY_VALIDATED,https://sael-swfsc.github.io/adrift-analysis-methods/content/ToothedWhales/NBHF-Detection.html,,TRUE,TRUE,PAMGUARD_CLICK,,,,,,,,
SWFSC,SWFSC_SFB_20220618_ADRIFT_015,NBHF_ANALYSIS,SOUNDTRAP_RECORDING,NBHF,INTERVAL,2022-06-18T08:07:12+0000,2022-06-21T06:14:36+0000,384.0,0.0,384.0,POST_PROCESSED,PARTIALLY_VALIDATED,https://sael-swfsc.github.io/adrift-analysis-methods/content/ToothedWhales/NBHF-Detection.html,,TRUE,TRUE,PAMGUARD_CLICK,,,,,,,,
SWFSC,SWFSC_SFB_20220726_ADRIFT_027,NBHF_ANALYSIS,SOUNDTRAP_RECORDING,NBHF,INTERVAL,2022-07-26T18:37:12+0000,2022-07-30T18:14:25+0000,384.0,0.0,384.0,POST_PROCESSED,PARTIALLY_VALIDATED,https://sael-swfsc.github.io/adrift-analysis-methods/content/ToothedWhales/NBHF-Detection.html,,TRUE,TRUE,PAMGUARD_CLICK,,,,,,,,
SWFSC,SWFSC_SFB_20220726_ADRIFT_028,NBHF_ANALYSIS,SOUNDTRAP_RECORDING,NBHF,INTERVAL,2022-07-26T17:29:47+0000,2022-07-30T20:20:32+0000,384.0,0.0,384.0,POST_PROCESSED,PARTIALLY_VALIDATED,https://sael-swfsc.github.io/adrift-analysis-methods/content/ToothedWhales/NBHF-Detection.html,,TRUE,TRUE,PAMGUARD_CLICK,,,,,,,,
SWFSC,SWFSC_SFB_20220927_ADRIFT_034,NBHF_ANALYSIS,SOUNDTRAP_RECORDING,NBHF,INTERVAL,2022-09-27T18:37:14+0000,2022-10-01T15:59:35+0000,384.0,0.0,384.0,POST_PROCESSED,PARTIALLY_VALIDATED,https://sael-swfsc.github.io/adrift-analysis-methods/content/ToothedWhales/NBHF-Detection.html,,TRUE,TRUE,PAMGUARD_CLICK,,,,,,,,
SWFSC,SWFSC_SFB_20230917_ADRIFT_092,NBHF_ANALYSIS,SOUNDTRAP_RECORDING,NBHF,INTERVAL,2023-09-17T17:42:00+0000,2023-09-22T01:42:02+0000,384.0,0.0,384.0,POST_PROCESSED,PARTIALLY_VALIDATED,https://sael-swfsc.github.io/adrift-analysis-methods/content/ToothedWhales/NBHF-Detection.html,,TRUE,TRUE,PAMGUARD_CLICK,,,,,,,,
SWFSC,SWFSC_SND_20160905_PASCAL_022,NBHF_ANALYSIS,SOUNDTRAP_RECORDING,NBHF,INTERVAL,2016-09-05T06:46:24+0000,2016-09-28T17:06:40+0000,288.0,0.0,288.0,POST_PROCESSED,PARTIALLY_VALIDATED,https://sael-swfsc.github.io/adrift-analysis-methods/content/ToothedWhales/NBHF-Detection.html,,TRUE,TRUE,PAMGUARD_CLICK,,,,,,,,
SWFSC,SWFSC_SND_20160924_PASCAL_023,NBHF_ANALYSIS,SOUNDTRAP_RECORDING,NBHF,INTERVAL,2016-09-24T00:37:42+0000,2016-09-28T00:57:46+0000,288.0,0.0,288.0,POST_PROCESSED,PARTIALLY_VALIDATED,https://sael-swfsc.github.io/adrift-analysis-methods/content/ToothedWhales/NBHF-Detection.html,,TRUE,TRUE,PAMGUARD_CLICK,,,,,,,,
SWFSC,SWFSC_SND_20160924_PASCAL_024,NBHF_ANALYSIS,SOUNDTRAP_RECORDING_9174,NBHF,INTERVAL,2016-09-24T01:46:49+0000,2016-09-28T02:11:14+0000,288.0,0.0,288.0,POST_PROCESSED,PARTIALLY_VALIDATED,https://sael-swfsc.github.io/adrift-analysis-methods/content/ToothedWhales/NBHF-Detection.html,,TRUE,TRUE,PAMGUARD_CLICK,,,,,,,,
SWFSC,SWFSC_HMB_20210609_ADRIFT_002,PWDO_ANALYSIS,SOUNDTRAP_RECORDING,PWDO,INTERVAL,2021-06-09T18:12:23+0000,2021-06-16T22:48:53+0000,384.0,0.0,100.0,POST_PROCESSED,FULLY_VALIDATED,"Soldevilla, M. S., Henderson, E. E., Campbell, G. S., Wiggins, S. M., Hildebrand, J. A., & Roch, M. A. (2008). Classification of Rissoâs and Pacific white-sided dolphins using spectral properties of echolocation clicks. The Journal of the Acoustical Society of America, 124(1), 609â624. https://doi.org/10.1121/1.2932059",,TRUE,TRUE,MANUAL,,,,,,,,
SWFSC,SWFSC_HUM_20180725_CCES_004,PWDO_ANALYSIS,SM3M_RECORDINGS,PWDO,INTERVAL,2018-07-30T00:00:00+0000,2018-10-12T23:59:59+0000,256.0,0.0,100.0,POST_PROCESSED,FULLY_VALIDATED,"Soldevilla, M. S., Henderson, E. E., Campbell, G. S., Wiggins, S. M., Hildebrand, J. A., & Roch, M. A. (2008). Classification of Rissoâs and Pacific white-sided dolphins using spectral properties of echolocation clicks. The Journal of the Acoustical Society of America, 124(1), 609â624. https://doi.org/10.1121/1.2932059",,TRUE,TRUE,MANUAL,,,,,,,,
SWFSC,SWFSC_HUM_20180805_CCES_007,PWDO_ANALYSIS,SOUNDTRAP_RECORDING,PWDO,INTERVAL,2018-08-05T15:27:50+0000,2018-09-22T18:09:50+0000,288.0,0.0,100.0,POST_PROCESSED,FULLY_VALIDATED,"Soldevilla, M. S., Henderson, E. E., Campbell, G. S., Wiggins, S. M., Hildebrand, J. A., & Roch, M. A. (2008). Classification of Rissoâs and Pacific white-sided dolphins using spectral properties of echolocation clicks. The Journal of the Acoustical Society of America, 124(1), 609â624. https://doi.org/10.1121/1.2932059",,TRUE,TRUE,MANUAL,,,,,,,,
SWFSC,SWFSC_HUM_20210822_ADRIFT_001,PWDO_ANALYSIS,SOUNDTRAP_RECORDING,PWDO,INTERVAL,2021-08-22T18:59:59+0000,2021-08-29T09:30:30+0000,384.0,0.0,100.0,POST_PROCESSED,FULLY_VALIDATED,"Soldevilla, M. S., Henderson, E. E., Campbell, G. S., Wiggins, S. M., Hildebrand, J. A., & Roch, M. A. (2008). Classification of Rissoâs and Pacific white-sided dolphins using spectral properties of echolocation clicks. The Journal of the Acoustical Society of America, 124(1), 609â624. https://doi.org/10.1121/1.2932059",,TRUE,TRUE,MANUAL,,,,,,,,
SWFSC,SWFSC_HUM_20220118_ADRIFT_012,PWDO_ANALYSIS,SOUNDTRAP_RECORDING,PWDO,INTERVAL,2022-01-18T03:42:19+0000,2022-01-21T19:39:12+0000,384.0,0.0,100.0,POST_PROCESSED,FULLY_VALIDATED,"Soldevilla, M. S., Henderson, E. E., Campbell, G. S., Wiggins, S. M., Hildebrand, J. A., & Roch, M. A. (2008). Classification of Rissoâs and Pacific white-sided dolphins using spectral properties of echolocation clicks. The Journal of the Acoustical Society of America, 124(1), 609â624. https://doi.org/10.1121/1.2932059",,TRUE,TRUE,MANUAL,,,,,,,,
SWFSC,SWFSC_HUM_20220728_ADRIFT_031,PWDO_ANALYSIS,SOUNDTRAP_RECORDING,PWDO,INTERVAL,2022-07-28T18:59:58+0000,2022-08-01T08:52:13+0000,384.0,0.0,100.0,POST_PROCESSED,FULLY_VALIDATED,"Soldevilla, M. S., Henderson, E. E., Campbell, G. S., Wiggins, S. M., Hildebrand, J. A., & Roch, M. A. (2008). Classification of Rissoâs and Pacific white-sided dolphins using spectral properties of echolocation clicks. The Journal of the Acoustical Society of America, 124(1), 609â624. https://doi.org/10.1121/1.2932059",,TRUE,TRUE,MANUAL,,,,,,,,
SWFSC,SWFSC_HUM_20220913_ADRIFT_032,PWDO_ANALYSIS,SOUNDTRAP_RECORDING,PWDO,INTERVAL,2022-09-13T06:59:56+0000,2022-09-15T18:14:45+0000,384.0,0.0,100.0,POST_PROCESSED,FULLY_VALIDATED,"Soldevilla, M. S., Henderson, E. E., Campbell, G. S., Wiggins, S. M., Hildebrand, J. A., & Roch, M. A. (2008). Classification of Rissoâs and Pacific white-sided dolphins using spectral properties of echolocation clicks. The Journal of the Acoustical Society of America, 124(1), 609â624. https://doi.org/10.1121/1.2932059",,TRUE,TRUE,MANUAL,,,,,,,,
SWFSC,SWFSC_HUM_20220913_ADRIFT_033,PWDO_ANALYSIS,SOUNDTRAP_RECORDING,PWDO,INTERVAL,2022-09-13T04:44:56+0000,2022-09-15T17:29:45+0000,384.0,0.0,100.0,POST_PROCESSED,FULLY_VALIDATED,"Soldevilla, M. S., Henderson, E. E., Campbell, G. S., Wiggins, S. M., Hildebrand, J. A., & Roch, M. A. (2008). Classification of Rissoâs and Pacific white-sided dolphins using spectral properties of echolocation clicks. The Journal of the Acoustical Society of America, 124(1), 609â624. https://doi.org/10.1121/1.2932059",,TRUE,TRUE,MANUAL,,,,,,,,
SWFSC,SWFSC_HUM_20221116_ADRIFT_036,PWDO_ANALYSIS,SOUNDTRAP_RECORDING,PWDO,INTERVAL,2022-11-16T19:14:57+0000,2022-11-20T07:37:12+0000,384.0,0.0,100.0,POST_PROCESSED,FULLY_VALIDATED,"Soldevilla, M. S., Henderson, E. E., Campbell, G. S., Wiggins, S. M., Hildebrand, J. A., & Roch, M. A. (2008). Classification of Rissoâs and Pacific white-sided dolphins using spectral properties of echolocation clicks. The Journal of the Acoustical Society of America, 124(1), 609â624. https://doi.org/10.1121/1.2932059",,TRUE,TRUE,MANUAL,,,,,,,,
SWFSC,SWFSC_HUM_20221116_ADRIFT_037,PWDO_ANALYSIS,SOUNDTRAP_RECORDING,PWDO,INTERVAL,2022-11-16T18:59:58+0000,2022-11-21T10:59:46+0000,288.0,0.0,100.0,POST_PROCESSED,FULLY_VALIDATED,"Soldevilla, M. S., Henderson, E. E., Campbell, G. S., Wiggins, S. M., Hildebrand, J. A., & Roch, M. A. (2008). Classification of Rissoâs and Pacific white-sided dolphins using spectral properties of echolocation clicks. The Journal of the Acoustical Society of America, 124(1), 609â624. https://doi.org/10.1121/1.2932059",,TRUE,TRUE,MANUAL,,,,,,,,
SWFSC,SWFSC_HUM_20221116_ADRIFT_038,PWDO_ANALYSIS,SOUNDTRAP_RECORDING,PWDO,INTERVAL,2022-11-16T19:14:57+0000,2022-11-20T03:29:42+0000,384.0,0.0,100.0,POST_PROCESSED,FULLY_VALIDATED,"Soldevilla, M. S., Henderson, E. E., Campbell, G. S., Wiggins, S. M., Hildebrand, J. A., & Roch, M. A. (2008). Classification of Rissoâs and Pacific white-sided dolphins using spectral properties of echolocation clicks. The Journal of the Acoustical Society of America, 124(1), 609â624. https://doi.org/10.1121/1.2932059",,TRUE,TRUE,MANUAL,,,,,,,,
SWFSC,SWFSC_HUM_20221213_ADRIFT_039,PWDO_ANALYSIS,SOUNDTRAP_RECORDING,PWDO,INTERVAL,2022-12-13T21:29:57+0000,2022-12-16T20:22:14+0000,384.0,0.0,100.0,POST_PROCESSED,FULLY_VALIDATED,"Soldevilla, M. S., Henderson, E. E., Campbell, G. S., Wiggins, S. M., Hildebrand, J. A., & Roch, M. A. (2008). Classification of Rissoâs and Pacific white-sided dolphins using spectral properties of echolocation clicks. The Journal of the Acoustical Society of America, 124(1), 609â624. https://doi.org/10.1121/1.2932059",,TRUE,TRUE,MANUAL,,,,,,,,
SWFSC,SWFSC_HUM_20221213_ADRIFT_040,PWDO_ANALYSIS,SOUNDTRAP_RECORDING,PWDO,INTERVAL,2022-12-13T21:29:57+0000,2022-12-16T21:29:49+0000,288.0,0.0,100.0,POST_PROCESSED,FULLY_VALIDATED,"Soldevilla, M. S., Henderson, E. E., Campbell, G. S., Wiggins, S. M., Hildebrand, J. A., & Roch, M. A. (2008). Classification of Rissoâs and Pacific white-sided dolphins using spectral properties of echolocation clicks. The Journal of the Acoustical Society of America, 124(1), 609â624. https://doi.org/10.1121/1.2932059",,TRUE,TRUE,MANUAL,,,,,,,,
SWFSC,SWFSC_HUM_20221213_ADRIFT_041,PWDO_ANALYSIS,SOUNDTRAP_RECORDING,PWDO,INTERVAL,2022-12-13T21:52:27+0000,2022-12-16T22:37:14+0000,384.0,0.0,100.0,POST_PROCESSED,FULLY_VALIDATED,"Soldevilla, M. S., Henderson, E. E., Campbell, G. S., Wiggins, S. M., Hildebrand, J. A., & Roch, M. A. (2008). Classification of Rissoâs and Pacific white-sided dolphins using spectral properties of echolocation clicks. The Journal of the Acoustical Society of America, 124(1), 609â624. https://doi.org/10.1121/1.2932059",,TRUE,TRUE,MANUAL,,,,,,,,
SWFSC,SWFSC_HUM_20230316_ADRIFT_054,PWDO_ANALYSIS,SOUNDTRAP_RECORDING,PWDO,INTERVAL,2023-03-16T18:29:57+0000,2023-03-18T16:59:48+0000,384.0,0.0,100.0,POST_PROCESSED,FULLY_VALIDATED,"Soldevilla, M. S., Henderson, E. E., Campbell, G. S., Wiggins, S. M., Hildebrand, J. A., & Roch, M. A. (2008). Classification of Rissoâs and Pacific white-sided dolphins using spectral properties of echolocation clicks. The Journal of the Acoustical Society of America, 124(1), 609â624. https://doi.org/10.1121/1.2932059",,TRUE,TRUE,MANUAL,,,,,,,,
SWFSC,SWFSC_HUM_20230316_ADRIFT_055,PWDO_ANALYSIS,SOUNDTRAP_RECORDING,PWDO,INTERVAL,2023-03-16T18:29:57+0000,2023-03-18T17:29:52+0000,288.0,0.0,100.0,POST_PROCESSED,FULLY_VALIDATED,"Soldevilla, M. S., Henderson, E. E., Campbell, G. S., Wiggins, S. M., Hildebrand, J. A., & Roch, M. A. (2008). Classification of Rissoâs and Pacific white-sided dolphins using spectral properties of echolocation clicks. The Journal of the Acoustical Society of America, 124(1), 609â624. https://doi.org/10.1121/1.2932059",,TRUE,TRUE,MANUAL,,,,,,,,
SWFSC,SWFSC_HUM_20230316_ADRIFT_057,PWDO_ANALYSIS,SOUNDTRAP_RECORDING,PWDO,INTERVAL,2023-03-16T19:14:57+0000,2023-03-18T16:59:48+0000,384.0,0.0,100.0,POST_PROCESSED,FULLY_VALIDATED,"Soldevilla, M. S., Henderson, E. E., Campbell, G. S., Wiggins, S. M., Hildebrand, J. A., & Roch, M. A. (2008). Classification of Rissoâs and Pacific white-sided dolphins using spectral properties of echolocation clicks. The Journal of the Acoustical Society of America, 124(1), 609â624. https://doi.org/10.1121/1.2932059",,TRUE,TRUE,MANUAL,,,,,,,,
SWFSC,SWFSC_HUM_20230507_ADRIFT_068,PWDO_ANALYSIS,SOUNDTRAP_RECORDING,PWDO,INTERVAL,2023-05-07T00:29:57+0000,2023-05-09T16:14:48+0000,384.0,0.0,100.0,POST_PROCESSED,FULLY_VALIDATED,"Soldevilla, M. S., Henderson, E. E., Campbell, G. S., Wiggins, S. M., Hildebrand, J. A., & Roch, M. A. (2008). Classification of Rissoâs and Pacific white-sided dolphins using spectral properties of echolocation clicks. The Journal of the Acoustical Society of America, 124(1), 609â624. https://doi.org/10.1121/1.2932059",,TRUE,TRUE,MANUAL,,,,,,,,
SWFSC,SWFSC_HUM_20230507_ADRIFT_070,PWDO_ANALYSIS,SOUNDTRAP_RECORDING,PWDO,INTERVAL,2023-05-07T00:52:27+0000,2023-05-09T17:44:46+0000,384.0,0.0,100.0,POST_PROCESSED,FULLY_VALIDATED,"Soldevilla, M. S., Henderson, E. E., Campbell, G. S., Wiggins, S. M., Hildebrand, J. A., & Roch, M. A. (2008). Classification of Rissoâs and Pacific white-sided dolphins using spectral properties of echolocation clicks. The Journal of the Acoustical Society of America, 124(1), 609â624. https://doi.org/10.1121/1.2932059",,TRUE,TRUE,MANUAL,,,,,,,,
SWFSC,SWFSC_HUM_20230825_ADRIFT_088,PWDO_ANALYSIS,SOUNDTRAP_RECORDING,PWDO,INTERVAL,2023-08-25T17:29:58+0000,2023-08-28T20:23:59+0000,384.0,0.0,100.0,POST_PROCESSED,FULLY_VALIDATED,"Soldevilla, M. S., Henderson, E. E., Campbell, G. S., Wiggins, S. M., Hildebrand, J. A., & Roch, M. A. (2008). Classification of Rissoâs and Pacific white-sided dolphins using spectral properties of echolocation clicks. The Journal of the Acoustical Society of America, 124(1), 609â624. https://doi.org/10.1121/1.2932059",,TRUE,TRUE,MANUAL,,,,,,,,
SWFSC,SWFSC_HUM_20230825_ADRIFT_089,PWDO_ANALYSIS,SOUNDTRAP_RECORDING,PWDO,INTERVAL,2023-08-25T17:17:58+0000,2023-08-26T18:23:58+0000,384.0,0.0,100.0,POST_PROCESSED,FULLY_VALIDATED,"Soldevilla, M. S., Henderson, E. E., Campbell, G. S., Wiggins, S. M., Hildebrand, J. A., & Roch, M. A. (2008). Classification of Rissoâs and Pacific white-sided dolphins using spectral properties of echolocation clicks. The Journal of the Acoustical Society of America, 124(1), 609â624. https://doi.org/10.1121/1.2932059",,TRUE,TRUE,MANUAL,,,,,,,,
SWFSC,SWFSC_HUM_20230825_ADRIFT_090,PWDO_ANALYSIS,SOUNDTRAP_RECORDING,PWDO,INTERVAL,2023-08-25T17:41:58+0000,2023-08-26T21:11:58+0000,384.0,0.0,100.0,POST_PROCESSED,FULLY_VALIDATED,"Soldevilla, M. S., Henderson, E. E., Campbell, G. S., Wiggins, S. M., Hildebrand, J. A., & Roch, M. A. (2008). Classification of Rissoâs and Pacific white-sided dolphins using spectral properties of echolocation clicks. The Journal of the Acoustical Society of America, 124(1), 609â624. https://doi.org/10.1121/1.2932059",,TRUE,TRUE,MANUAL,,,,,,,,
SWFSC,SWFSC_HUM_20230825_ADRIFT_091,PWDO_ANALYSIS,SOUNDTRAP_RECORDING,PWDO,INTERVAL,2023-08-25T18:05:58+0000,2023-08-28T21:29:59+0000,288.0,0.0,100.0,POST_PROCESSED,FULLY_VALIDATED,"Soldevilla, M. S., Henderson, E. E., Campbell, G. S., Wiggins, S. M., Hildebrand, J. A., & Roch, M. A. (2008). Classification of Rissoâs and Pacific white-sided dolphins using spectral properties of echolocation clicks. The Journal of the Acoustical Society of America, 124(1), 609â624. https://doi.org/10.1121/1.2932059",,TRUE,TRUE,MANUAL,,,,,,,,
SWFSC,SWFSC_HUM_20231005_ADRIFT_097,PWDO_ANALYSIS,SOUNDTRAP_RECORDING,PWDO,INTERVAL,2023-10-05T23:29:58+0000,2023-10-06T23:23:58+0000,384.0,0.0,100.0,POST_PROCESSED,FULLY_VALIDATED,"Soldevilla, M. S., Henderson, E. E., Campbell, G. S., Wiggins, S. M., Hildebrand, J. A., & Roch, M. A. (2008). Classification of Rissoâs and Pacific white-sided dolphins using spectral properties of echolocation clicks. The Journal of the Acoustical Society of America, 124(1), 609â624. https://doi.org/10.1121/1.2932059",,TRUE,TRUE,MANUAL,,,,,,,,
SWFSC,SWFSC_HUM_20231005_ADRIFT_098,PWDO_ANALYSIS,SOUNDTRAP_RECORDING,PWDO,INTERVAL,2023-10-05T23:29:58+0000,2023-10-06T23:41:58+0000,384.0,0.0,100.0,POST_PROCESSED,FULLY_VALIDATED,"Soldevilla, M. S., Henderson, E. E., Campbell, G. S., Wiggins, S. M., Hildebrand, J. A., & Roch, M. A. (2008). Classification of Rissoâs and Pacific white-sided dolphins using spectral properties of echolocation clicks. The Journal of the Acoustical Society of America, 124(1), 609â624. https://doi.org/10.1121/1.2932059",,TRUE,TRUE,MANUAL,,,,,,,,
SWFSC,SWFSC_HUM_20231005_ADRIFT_099,PWDO_ANALYSIS,SOUNDTRAP_RECORDING,PWDO,INTERVAL,2023-10-05T23:41:58+0000,2023-10-06T23:53:58+0000,384.0,0.0,100.0,POST_PROCESSED,FULLY_VALIDATED,"Soldevilla, M. S., Henderson, E. E., Campbell, G. S., Wiggins, S. M., Hildebrand, J. A., & Roch, M. A. (2008). Classification of Rissoâs and Pacific white-sided dolphins using spectral properties of echolocation clicks. The Journal of the Acoustical Society of America, 124(1), 609â624. https://doi.org/10.1121/1.2932059",,TRUE,TRUE,MANUAL,,,,,,,,
SWFSC,SWFSC_HUM_20231005_ADRIFT_100,PWDO_ANALYSIS,SOUNDTRAP_RECORDING,PWDO,INTERVAL,2023-10-05T23:53:58+0000,2023-10-07T00:23:58+0000,288.0,0.0,100.0,POST_PROCESSED,FULLY_VALIDATED,"Soldevilla, M. S., Henderson, E. E., Campbell, G. S., Wiggins, S. M., Hildebrand, J. A., & Roch, M. A. (2008). Classification of Rissoâs and Pacific white-sided dolphins using spectral properties of echolocation clicks. The Journal of the Acoustical Society of America, 124(1), 609â624. https://doi.org/10.1121/1.2932059",,TRUE,TRUE,MANUAL,,,,,,,,
SWFSC,SWFSC_MBY_20220621_ADRIFT_019,PWDO_ANALYSIS,SOUNDTRAP_RECORDING,PWDO,INTERVAL,2022-06-21T16:15:00+0000,2022-06-25T22:14:42+0000,384.0,0.0,100.0,POST_PROCESSED,FULLY_VALIDATED,"Soldevilla, M. S., Henderson, E. E., Campbell, G. S., Wiggins, S. M., Hildebrand, J. A., & Roch, M. A. (2008). Classification of Rissoâs and Pacific white-sided dolphins using spectral properties of echolocation clicks. The Journal of the Acoustical Society of America, 124(1), 609â624. https://doi.org/10.1121/1.2932059",,TRUE,TRUE,MANUAL,,,,,,,,
SWFSC,SWFSC_MBY_20220621_ADRIFT_020,PWDO_ANALYSIS,SOUNDTRAP_RECORDING,PWDO,INTERVAL,2022-06-21T16:45:00+0000,2022-06-25T17:52:13+0000,384.0,0.0,100.0,POST_PROCESSED,FULLY_VALIDATED,"Soldevilla, M. S., Henderson, E. E., Campbell, G. S., Wiggins, S. M., Hildebrand, J. A., & Roch, M. A. (2008). Classification of Rissoâs and Pacific white-sided dolphins using spectral properties of echolocation clicks. The Journal of the Acoustical Society of America, 124(1), 609â624. https://doi.org/10.1121/1.2932059",,TRUE,TRUE,MANUAL,,,,,,,,
SWFSC,SWFSC_MBY_20220621_ADRIFT_021,PWDO_ANALYSIS,SOUNDTRAP_RECORDING,PWDO,INTERVAL,2022-06-21T17:07:29+0000,2022-06-25T18:37:12+0000,384.0,0.0,100.0,POST_PROCESSED,FULLY_VALIDATED,"Soldevilla, M. S., Henderson, E. E., Campbell, G. S., Wiggins, S. M., Hildebrand, J. A., & Roch, M. A. (2008). Classification of Rissoâs and Pacific white-sided dolphins using spectral properties of echolocation clicks. The Journal of the Acoustical Society of America, 124(1), 609â624. https://doi.org/10.1121/1.2932059",,TRUE,TRUE,MANUAL,,,,,,,,
SWFSC,SWFSC_MBY_20220621_ADRIFT_022,PWDO_ANALYSIS,SOUNDTRAP_RECORDING,PWDO,INTERVAL,2022-06-21T17:37:30+0000,2022-06-25T16:52:16+0000,384.0,0.0,100.0,POST_PROCESSED,FULLY_VALIDATED,"Soldevilla, M. S., Henderson, E. E., Campbell, G. S., Wiggins, S. M., Hildebrand, J. A., & Roch, M. A. (2008). Classification of Rissoâs and Pacific white-sided dolphins using spectral properties of echolocation clicks. The Journal of the Acoustical Society of America, 124(1), 609â624. https://doi.org/10.1121/1.2932059",,TRUE,TRUE,MANUAL,,,,,,,,
SWFSC,SWFSC_MBY_20220621_ADRIFT_023,PWDO_ANALYSIS,SOUNDTRAP_RECORDING,PWDO,INTERVAL,2022-06-21T18:52:29+0000,2022-06-25T21:29:41+0000,384.0,0.0,100.0,POST_PROCESSED,FULLY_VALIDATED,"Soldevilla, M. S., Henderson, E. E., Campbell, G. S., Wiggins, S. M., Hildebrand, J. A., & Roch, M. A. (2008). Classification of Rissoâs and Pacific white-sided dolphins using spectral properties of echolocation clicks. The Journal of the Acoustical Society of America, 124(1), 609â624. https://doi.org/10.1121/1.2932059",,TRUE,TRUE,MANUAL,,,,,,,,
SWFSC,SWFSC_MBY_20220621_ADRIFT_024,PWDO_ANALYSIS,SOUNDTRAP_RECORDING,PWDO,INTERVAL,2022-06-21T19:29:59+0000,2022-06-25T20:14:42+0000,384.0,0.0,100.0,POST_PROCESSED,FULLY_VALIDATED,"Soldevilla, M. S., Henderson, E. E., Campbell, G. S., Wiggins, S. M., Hildebrand, J. A., & Roch, M. A. (2008). Classification of Rissoâs and Pacific white-sided dolphins using spectral properties of echolocation clicks. The Journal of the Acoustical Society of America, 124(1), 609â624. https://doi.org/10.1121/1.2932059",,TRUE,TRUE,MANUAL,,,,,,,,
SWFSC,SWFSC_MBY_20220621_ADRIFT_025,PWDO_ANALYSIS,SOUNDTRAP_RECORDING,PWDO,INTERVAL,2022-06-21T19:44:59+0000,2022-06-25T17:29:42+0000,384.0,0.0,100.0,POST_PROCESSED,FULLY_VALIDATED,"Soldevilla, M. S., Henderson, E. E., Campbell, G. S., Wiggins, S. M., Hildebrand, J. A., & Roch, M. A. (2008). Classification of Rissoâs and Pacific white-sided dolphins using spectral properties of echolocation clicks. The Journal of the Acoustical Society of America, 124(1), 609â624. https://doi.org/10.1121/1.2932059",,TRUE,TRUE,MANUAL,,,,,,,,
SWFSC,SWFSC_MBY_20220621_ADRIFT_026,PWDO_ANALYSIS,SOUNDTRAP_RECORDING,PWDO,INTERVAL,2022-06-21T20:22:29+0000,2022-06-25T20:44:44+0000,384.0,0.0,100.0,POST_PROCESSED,FULLY_VALIDATED,"Soldevilla, M. S., Henderson, E. E., Campbell, G. S., Wiggins, S. M., Hildebrand, J. A., & Roch, M. A. (2008). Classification of Rissoâs and Pacific white-sided dolphins using spectral properties of echolocation clicks. The Journal of the Acoustical Society of America, 124(1), 609â624. https://doi.org/10.1121/1.2932059",,TRUE,TRUE,MANUAL,,,,,,,,
SWFSC,SWFSC_MBY_20230311_ADRIFT_046,PWDO_ANALYSIS,SOUNDTRAP_RECORDING,PWDO,INTERVAL,2023-03-11T19:00:00+0000,2023-03-16T21:30:01+0000,384.0,0.0,100.0,POST_PROCESSED,FULLY_VALIDATED,"Soldevilla, M. S., Henderson, E. E., Campbell, G. S., Wiggins, S. M., Hildebrand, J. A., & Roch, M. A. (2008). Classification of Rissoâs and Pacific white-sided dolphins using spectral properties of echolocation clicks. The Journal of the Acoustical Society of America, 124(1), 609â624. https://doi.org/10.1121/1.2932059",,TRUE,TRUE,MANUAL,,,,,,,,
SWFSC,SWFSC_MBY_20230311_ADRIFT_047,PWDO_ANALYSIS,SOUNDTRAP_RECORDING,PWDO,INTERVAL,2023-03-11T19:30:00+0000,2023-03-16T21:12:01+0000,384.0,0.0,100.0,POST_PROCESSED,FULLY_VALIDATED,"Soldevilla, M. S., Henderson, E. E., Campbell, G. S., Wiggins, S. M., Hildebrand, J. A., & Roch, M. A. (2008). Classification of Rissoâs and Pacific white-sided dolphins using spectral properties of echolocation clicks. The Journal of the Acoustical Society of America, 124(1), 609â624. https://doi.org/10.1121/1.2932059",,TRUE,TRUE,MANUAL,,,,,,,,
SWFSC,SWFSC_MBY_20230311_ADRIFT_048,PWDO_ANALYSIS,SOUNDTRAP_RECORDING,PWDO,INTERVAL,2023-03-11T19:54:00+0000,2023-03-18T18:12:02+0000,384.0,0.0,100.0,POST_PROCESSED,FULLY_VALIDATED,"Soldevilla, M. S., Henderson, E. E., Campbell, G. S., Wiggins, S. M., Hildebrand, J. A., & Roch, M. A. (2008). Classification of Rissoâs and Pacific white-sided dolphins using spectral properties of echolocation clicks. The Journal of the Acoustical Society of America, 124(1), 609â624. https://doi.org/10.1121/1.2932059",,TRUE,TRUE,MANUAL,,,,,,,,
SWFSC,SWFSC_MBY_20230311_ADRIFT_049,PWDO_ANALYSIS,SOUNDTRAP_RECORDING,PWDO,INTERVAL,2023-03-11T20:35:59+0000,2023-03-16T17:42:01+0000,384.0,0.0,100.0,POST_PROCESSED,FULLY_VALIDATED,"Soldevilla, M. S., Henderson, E. E., Campbell, G. S., Wiggins, S. M., Hildebrand, J. A., & Roch, M. A. (2008). Classification of Rissoâs and Pacific white-sided dolphins using spectral properties of echolocation clicks. The Journal of the Acoustical Society of America, 124(1), 609â624. https://doi.org/10.1121/1.2932059",,TRUE,TRUE,MANUAL,,,,,,,,
SWFSC,SWFSC_MBY_20230311_ADRIFT_050,PWDO_ANALYSIS,SOUNDTRAP_RECORDING,PWDO,INTERVAL,2023-03-11T21:00:00+0000,2023-03-16T20:00:01+0000,384.0,0.0,100.0,POST_PROCESSED,FULLY_VALIDATED,"Soldevilla, M. S., Henderson, E. E., Campbell, G. S., Wiggins, S. M., Hildebrand, J. A., & Roch, M. A. (2008). Classification of Rissoâs and Pacific white-sided dolphins using spectral properties of echolocation clicks. The Journal of the Acoustical Society of America, 124(1), 609â624. https://doi.org/10.1121/1.2932059",,TRUE,TRUE,MANUAL,,,,,,,,
SWFSC,SWFSC_MBY_20230311_ADRIFT_051,PWDO_ANALYSIS,SOUNDTRAP_RECORDING,PWDO,INTERVAL,2023-03-11T21:30:00+0000,2023-03-16T19:24:00+0000,384.0,0.0,100.0,POST_PROCESSED,FULLY_VALIDATED,"Soldevilla, M. S., Henderson, E. E., Campbell, G. S., Wiggins, S. M., Hildebrand, J. A., & Roch, M. A. (2008). Classification of Rissoâs and Pacific white-sided dolphins using spectral properties of echolocation clicks. The Journal of the Acoustical Society of America, 124(1), 609â624. https://doi.org/10.1121/1.2932059",,TRUE,TRUE,MANUAL,,,,,,,,
SWFSC,SWFSC_MBY_20230311_ADRIFT_052,PWDO_ANALYSIS,SOUNDTRAP_RECORDING,PWDO,INTERVAL,2023-03-11T21:54:00+0000,2023-03-16T22:54:01+0000,384.0,0.0,100.0,POST_PROCESSED,FULLY_VALIDATED,"Soldevilla, M. S., Henderson, E. E., Campbell, G. S., Wiggins, S. M., Hildebrand, J. A., & Roch, M. A. (2008). Classification of Rissoâs and Pacific white-sided dolphins using spectral properties of echolocation clicks. The Journal of the Acoustical Society of America, 124(1), 609â624. https://doi.org/10.1121/1.2932059",,TRUE,TRUE,MANUAL,,,,,,,,
SWFSC,SWFSC_MBY_20230311_ADRIFT_053,PWDO_ANALYSIS,SOUNDTRAP_RECORDING,PWDO,INTERVAL,2023-03-11T22:18:00+0000,2023-03-16T23:30:01+0000,384.0,0.0,100.0,POST_PROCESSED,FULLY_VALIDATED,"Soldevilla, M. S., Henderson, E. E., Campbell, G. S., Wiggins, S. M., Hildebrand, J. A., & Roch, M. A. (2008). Classification of Rissoâs and Pacific white-sided dolphins using spectral properties of echolocation clicks. The Journal of the Acoustical Society of America, 124(1), 609â624. https://doi.org/10.1121/1.2932059",,TRUE,TRUE,MANUAL,,,,,,,,
SWFSC,SWFSC_MBY_20230711_ADRIFT_079,PWDO_ANALYSIS,SOUNDTRAP_RECORDING,PWDO,INTERVAL,2023-07-11T19:54:00+0000,2023-07-16T16:24:02+0000,384.0,0.0,100.0,POST_PROCESSED,FULLY_VALIDATED,"Soldevilla, M. S., Henderson, E. E., Campbell, G. S., Wiggins, S. M., Hildebrand, J. A., & Roch, M. A. (2008). Classification of Rissoâs and Pacific white-sided dolphins using spectral properties of echolocation clicks. The Journal of the Acoustical Society of America, 124(1), 609â624. https://doi.org/10.1121/1.2932059",,TRUE,TRUE,MANUAL,,,,,,,,
SWFSC,SWFSC_MBY_20230711_ADRIFT_080,PWDO_ANALYSIS,SOUNDTRAP_RECORDING,PWDO,INTERVAL,2023-07-11T20:42:00+0000,2023-07-16T20:12:01+0000,384.0,0.0,100.0,POST_PROCESSED,FULLY_VALIDATED,"Soldevilla, M. S., Henderson, E. E., Campbell, G. S., Wiggins, S. M., Hildebrand, J. A., & Roch, M. A. (2008). Classification of Rissoâs and Pacific white-sided dolphins using spectral properties of echolocation clicks. The Journal of the Acoustical Society of America, 124(1), 609â624. https://doi.org/10.1121/1.2932059",,TRUE,TRUE,MANUAL,,,,,,,,
SWFSC,SWFSC_MBY_20230711_ADRIFT_081,PWDO_ANALYSIS,SOUNDTRAP_RECORDING,PWDO,INTERVAL,2023-07-11T21:17:59+0000,2023-07-16T17:42:02+0000,384.0,0.0,100.0,POST_PROCESSED,FULLY_VALIDATED,"Soldevilla, M. S., Henderson, E. E., Campbell, G. S., Wiggins, S. M., Hildebrand, J. A., & Roch, M. A. (2008). Classification of Rissoâs and Pacific white-sided dolphins using spectral properties of echolocation clicks. The Journal of the Acoustical Society of America, 124(1), 609â624. https://doi.org/10.1121/1.2932059",,TRUE,TRUE,MANUAL,,,,,,,,
SWFSC,SWFSC_MBY_20230711_ADRIFT_082,PWDO_ANALYSIS,SOUNDTRAP_RECORDING,PWDO,INTERVAL,2023-07-11T21:54:00+0000,2023-07-15T18:42:01+0000,384.0,0.0,100.0,POST_PROCESSED,FULLY_VALIDATED,"Soldevilla, M. S., Henderson, E. E., Campbell, G. S., Wiggins, S. M., Hildebrand, J. A., & Roch, M. A. (2008). Classification of Rissoâs and Pacific white-sided dolphins using spectral properties of echolocation clicks. The Journal of the Acoustical Society of America, 124(1), 609â624. https://doi.org/10.1121/1.2932059",,TRUE,TRUE,MANUAL,,,,,,,,
SWFSC,SWFSC_MBY_20230711_ADRIFT_083,PWDO_ANALYSIS,SOUNDTRAP_RECORDING,PWDO,INTERVAL,2023-07-11T22:42:00+0000,2023-07-16T17:18:01+0000,384.0,0.0,100.0,POST_PROCESSED,FULLY_VALIDATED,"Soldevilla, M. S., Henderson, E. E., Campbell, G. S., Wiggins, S. M., Hildebrand, J. A., & Roch, M. A. (2008). Classification of Rissoâs and Pacific white-sided dolphins using spectral properties of echolocation clicks. The Journal of the Acoustical Society of America, 124(1), 609â624. https://doi.org/10.1121/1.2932059",,TRUE,TRUE,MANUAL,,,,,,,,
SWFSC,SWFSC_MBY_20231106_ADRIFT_101,PWDO_ANALYSIS,SOUNDTRAP_RECORDING,PWDO,INTERVAL,2023-11-06T17:06:00+0000,2023-11-10T18:18:01+0000,384.0,0.0,100.0,POST_PROCESSED,FULLY_VALIDATED,"Soldevilla, M. S., Henderson, E. E., Campbell, G. S., Wiggins, S. M., Hildebrand, J. A., & Roch, M. A. (2008). Classification of Rissoâs and Pacific white-sided dolphins using spectral properties of echolocation clicks. The Journal of the Acoustical Society of America, 124(1), 609â624. https://doi.org/10.1121/1.2932059",,TRUE,TRUE,MANUAL,,,,,,,,
SWFSC,SWFSC_MBY_20231106_ADRIFT_102,PWDO_ANALYSIS,SOUNDTRAP_RECORDING,PWDO,INTERVAL,2023-11-06T17:42:00+0000,2023-11-10T19:48:01+0000,384.0,0.0,100.0,POST_PROCESSED,FULLY_VALIDATED,"Soldevilla, M. S., Henderson, E. E., Campbell, G. S., Wiggins, S. M., Hildebrand, J. A., & Roch, M. A. (2008). Classification of Rissoâs and Pacific white-sided dolphins using spectral properties of echolocation clicks. The Journal of the Acoustical Society of America, 124(1), 609â624. https://doi.org/10.1121/1.2932059",,TRUE,TRUE,MANUAL,,,,,,,,
SWFSC,SWFSC_MBY_20231106_ADRIFT_105,PWDO_ANALYSIS,SOUNDTRAP_RECORDING,PWDO,INTERVAL,2023-11-06T20:00:00+0000,2023-11-10T22:00:01+0000,384.0,0.0,100.0,POST_PROCESSED,FULLY_VALIDATED,"Soldevilla, M. S., Henderson, E. E., Campbell, G. S., Wiggins, S. M., Hildebrand, J. A., & Roch, M. A. (2008). Classification of Rissoâs and Pacific white-sided dolphins using spectral properties of echolocation clicks. The Journal of the Acoustical Society of America, 124(1), 609â624. https://doi.org/10.1121/1.2932059",,TRUE,TRUE,MANUAL,,,,,,,,
SWFSC,SWFSC_MBY_20231106_ADRIFT_107,PWDO_ANALYSIS,SOUNDTRAP_RECORDING,PWDO,INTERVAL,2023-11-06T21:00:00+0000,2023-11-10T20:24:01+0000,384.0,0.0,100.0,POST_PROCESSED,FULLY_VALIDATED,"Soldevilla, M. S., Henderson, E. E., Campbell, G. S., Wiggins, S. M., Hildebrand, J. A., & Roch, M. A. (2008). Classification of Rissoâs and Pacific white-sided dolphins using spectral properties of echolocation clicks. The Journal of the Acoustical Society of America, 124(1), 609â624. https://doi.org/10.1121/1.2932059",,TRUE,TRUE,MANUAL,,,,,,,,
SWFSC,SWFSC_MBY_20231106_ADRIFT_108,PWDO_ANALYSIS,SOUNDTRAP_RECORDING,PWDO,INTERVAL,2023-11-06T21:41:59+0000,2023-11-10T21:24:00+0000,384.0,0.0,100.0,POST_PROCESSED,FULLY_VALIDATED,"Soldevilla, M. S., Henderson, E. E., Campbell, G. S., Wiggins, S. M., Hildebrand, J. A., & Roch, M. A. (2008). Classification of Rissoâs and Pacific white-sided dolphins using spectral properties of echolocation clicks. The Journal of the Acoustical Society of America, 124(1), 609â624. https://doi.org/10.1121/1.2932059",,TRUE,TRUE,MANUAL,,,,,,,,
SWFSC,SWFSC_MND_20160821_PASCAL_003,PWDO_ANALYSIS,SOUNDTRAP_RECORDING,PWDO,INTERVAL,2016-08-21T10:37:16+0000,2016-09-02T16:39:16+0000,288.0,0.0,100.0,POST_PROCESSED,FULLY_VALIDATED,"Soldevilla, M. S., Henderson, E. E., Campbell, G. S., Wiggins, S. M., Hildebrand, J. A., & Roch, M. A. (2008). Classification of Rissoâs and Pacific white-sided dolphins using spectral properties of echolocation clicks. The Journal of the Acoustical Society of America, 124(1), 609â624. https://doi.org/10.1121/1.2932059",,TRUE,TRUE,MANUAL,,,,,,,,
SWFSC,SWFSC_MOB_20220423_ADRIFT_013,PWDO_ANALYSIS,SOUNDTRAP_RECORDING,PWDO,INTERVAL,2022-04-23T20:44:52+0000,2022-05-04T20:36:02+0000,384.0,0.0,100.0,POST_PROCESSED,FULLY_VALIDATED,"Soldevilla, M. S., Henderson, E. E., Campbell, G. S., Wiggins, S. M., Hildebrand, J. A., & Roch, M. A. (2008). Classification of Rissoâs and Pacific white-sided dolphins using spectral properties of echolocation clicks. The Journal of the Acoustical Society of America, 124(1), 609â624. https://doi.org/10.1121/1.2932059",,TRUE,TRUE,MANUAL,,,,,,,,
SWFSC,SWFSC_ORE_20160819_PASCAL_001,PWDO_ANALYSIS,SOUNDTRAP_RECORDING,PWDO,INTERVAL,2016-08-20T02:20:07+0000,2016-08-31T14:42:00+0000,288.0,0.0,100.0,POST_PROCESSED,FULLY_VALIDATED,"Soldevilla, M. S., Henderson, E. E., Campbell, G. S., Wiggins, S. M., Hildebrand, J. A., & Roch, M. A. (2008). Classification of Rissoâs and Pacific white-sided dolphins using spectral properties of echolocation clicks. The Journal of the Acoustical Society of America, 124(1), 609â624. https://doi.org/10.1121/1.2932059",,TRUE,TRUE,MANUAL,,,,,,,,
SWFSC,SWFSC_ORE_20230316_ADRIFT_042,PWDO_ANALYSIS,SOUNDTRAP_RECORDING,PWDO,INTERVAL,2023-03-16T19:29:57+0000,2023-03-21T00:44:35+0000,384.0,0.0,100.0,POST_PROCESSED,FULLY_VALIDATED,"Soldevilla, M. S., Henderson, E. E., Campbell, G. S., Wiggins, S. M., Hildebrand, J. A., & Roch, M. A. (2008). Classification of Rissoâs and Pacific white-sided dolphins using spectral properties of echolocation clicks. The Journal of the Acoustical Society of America, 124(1), 609â624. https://doi.org/10.1121/1.2932059",,TRUE,TRUE,MANUAL,,,,,,,,
SWFSC,SWFSC_ORE_20230316_ADRIFT_043,PWDO_ANALYSIS,SOUNDTRAP_RECORDING,PWDO,INTERVAL,2023-03-16T18:52:27+0000,2023-03-20T08:53:16+0000,384.0,0.0,100.0,POST_PROCESSED,FULLY_VALIDATED,"Soldevilla, M. S., Henderson, E. E., Campbell, G. S., Wiggins, S. M., Hildebrand, J. A., & Roch, M. A. (2008). Classification of Rissoâs and Pacific white-sided dolphins using spectral properties of echolocation clicks. The Journal of the Acoustical Society of America, 124(1), 609â624. https://doi.org/10.1121/1.2932059",,TRUE,TRUE,MANUAL,,,,,,,,
SWFSC,SWFSC_ORE_20230316_ADRIFT_044,PWDO_ANALYSIS,SOUNDTRAP_RECORDING,PWDO,INTERVAL,2023-03-16T20:14:58+0000,2023-03-20T21:11:29+0000,384.0,0.0,100.0,POST_PROCESSED,FULLY_VALIDATED,"Soldevilla, M. S., Henderson, E. E., Campbell, G. S., Wiggins, S. M., Hildebrand, J. A., & Roch, M. A. (2008). Classification of Rissoâs and Pacific white-sided dolphins using spectral properties of echolocation clicks. The Journal of the Acoustical Society of America, 124(1), 609â624. https://doi.org/10.1121/1.2932059",,TRUE,TRUE,MANUAL,,,,,,,,
SWFSC,SWFSC_ORE_20230316_ADRIFT_045,PWDO_ANALYSIS,SOUNDTRAP_RECORDING,PWDO,INTERVAL,2023-03-16T18:59:58+0000,2023-03-20T11:40:17+0000,384.0,0.0,100.0,POST_PROCESSED,FULLY_VALIDATED,"Soldevilla, M. S., Henderson, E. E., Campbell, G. S., Wiggins, S. M., Hildebrand, J. A., & Roch, M. A. (2008). Classification of Rissoâs and Pacific white-sided dolphins using spectral properties of echolocation clicks. The Journal of the Acoustical Society of America, 124(1), 609â624. https://doi.org/10.1121/1.2932059",,TRUE,TRUE,MANUAL,,,,,,,,
SWFSC,SWFSC_ORE_20230413_ADRIFT_058,PWDO_ANALYSIS,SOUNDTRAP_RECORDING,PWDO,INTERVAL,2023-04-13T07:49:55+0000,2023-04-16T17:09:46+0000,384.0,0.0,100.0,POST_PROCESSED,FULLY_VALIDATED,"Soldevilla, M. S., Henderson, E. E., Campbell, G. S., Wiggins, S. M., Hildebrand, J. A., & Roch, M. A. (2008). Classification of Rissoâs and Pacific white-sided dolphins using spectral properties of echolocation clicks. The Journal of the Acoustical Society of America, 124(1), 609â624. https://doi.org/10.1121/1.2932059",,TRUE,TRUE,MANUAL,,,,,,,,
SWFSC,SWFSC_ORE_20230413_ADRIFT_059,PWDO_ANALYSIS,SOUNDTRAP_RECORDING,PWDO,INTERVAL,2023-04-13T06:15:12+0000,2023-04-16T18:18:58+0000,384.0,0.0,100.0,POST_PROCESSED,FULLY_VALIDATED,"Soldevilla, M. S., Henderson, E. E., Campbell, G. S., Wiggins, S. M., Hildebrand, J. A., & Roch, M. A. (2008). Classification of Rissoâs and Pacific white-sided dolphins using spectral properties of echolocation clicks. The Journal of the Acoustical Society of America, 124(1), 609â624. https://doi.org/10.1121/1.2932059",,TRUE,TRUE,MANUAL,,,,,,,,
SWFSC,SWFSC_ORE_20230413_ADRIFT_060,PWDO_ANALYSIS,SOUNDTRAP_RECORDING,PWDO,INTERVAL,2023-04-13T06:58:22+0000,2023-04-16T18:13:06+0000,384.0,0.0,100.0,POST_PROCESSED,FULLY_VALIDATED,"Soldevilla, M. S., Henderson, E. E., Campbell, G. S., Wiggins, S. M., Hildebrand, J. A., & Roch, M. A. (2008). Classification of Rissoâs and Pacific white-sided dolphins using spectral properties of echolocation clicks. The Journal of the Acoustical Society of America, 124(1), 609â624. https://doi.org/10.1121/1.2932059",,TRUE,TRUE,MANUAL,,,,,,,,
SWFSC,SWFSC_ORE_20230413_ADRIFT_061,PWDO_ANALYSIS,SOUNDTRAP_RECORDING,PWDO,INTERVAL,2023-04-13T05:14:02+0000,2023-04-16T18:56:45+0000,384.0,0.0,100.0,POST_PROCESSED,FULLY_VALIDATED,"Soldevilla, M. S., Henderson, E. E., Campbell, G. S., Wiggins, S. M., Hildebrand, J. A., & Roch, M. A. (2008). Classification of Rissoâs and Pacific white-sided dolphins using spectral properties of echolocation clicks. The Journal of the Acoustical Society of America, 124(1), 609â624. https://doi.org/10.1121/1.2932059",,TRUE,TRUE,MANUAL,,,,,,,,
SWFSC,SWFSC_ORE_20230426_ADRIFT_062,PWDO_ANALYSIS,SOUNDTRAP_RECORDING,PWDO,INTERVAL,2023-04-26T03:37:21+0000,2023-04-29T05:28:54+0000,384.0,0.0,100.0,POST_PROCESSED,FULLY_VALIDATED,"Soldevilla, M. S., Henderson, E. E., Campbell, G. S., Wiggins, S. M., Hildebrand, J. A., & Roch, M. A. (2008). Classification of Rissoâs and Pacific white-sided dolphins using spectral properties of echolocation clicks. The Journal of the Acoustical Society of America, 124(1), 609â624. https://doi.org/10.1121/1.2932059",,TRUE,TRUE,MANUAL,,,,,,,,
SWFSC,SWFSC_ORE_20230426_ADRIFT_063,PWDO_ANALYSIS,SOUNDTRAP_RECORDING,PWDO,INTERVAL,2023-04-26T03:03:33+0000,2023-04-29T03:44:57+0000,384.0,0.0,100.0,POST_PROCESSED,FULLY_VALIDATED,"Soldevilla, M. S., Henderson, E. E., Campbell, G. S., Wiggins, S. M., Hildebrand, J. A., & Roch, M. A. (2008). Classification of Rissoâs and Pacific white-sided dolphins using spectral properties of echolocation clicks. The Journal of the Acoustical Society of America, 124(1), 609â624. https://doi.org/10.1121/1.2932059",,TRUE,TRUE,MANUAL,,,,,,,,
SWFSC,SWFSC_ORE_20230426_ADRIFT_064,PWDO_ANALYSIS,SOUNDTRAP_RECORDING,PWDO,INTERVAL,2023-04-26T02:06:08+0000,2023-04-29T07:20:35+0000,384.0,0.0,100.0,POST_PROCESSED,FULLY_VALIDATED,"Soldevilla, M. S., Henderson, E. E., Campbell, G. S., Wiggins, S. M., Hildebrand, J. A., & Roch, M. A. (2008). Classification of Rissoâs and Pacific white-sided dolphins using spectral properties of echolocation clicks. The Journal of the Acoustical Society of America, 124(1), 609â624. https://doi.org/10.1121/1.2932059",,TRUE,TRUE,MANUAL,,,,,,,,
SWFSC,SWFSC_ORE_20230426_ADRIFT_065,PWDO_ANALYSIS,SOUNDTRAP_RECORDING,PWDO,INTERVAL,2023-04-26T02:59:55+0000,2023-04-29T06:47:58+0000,384.0,0.0,100.0,POST_PROCESSED,FULLY_VALIDATED,"Soldevilla, M. S., Henderson, E. E., Campbell, G. S., Wiggins, S. M., Hildebrand, J. A., & Roch, M. A. (2008). Classification of Rissoâs and Pacific white-sided dolphins using spectral properties of echolocation clicks. The Journal of the Acoustical Society of America, 124(1), 609â624. https://doi.org/10.1121/1.2932059",,TRUE,TRUE,MANUAL,,,,,,,,
SWFSC,SWFSC_ORE_20230517_ADRIFT_072,PWDO_ANALYSIS,SOUNDTRAP_RECORDING,PWDO,INTERVAL,2023-05-17T18:13:55+0000,2023-05-23T13:36:52+0000,384.0,0.0,100.0,POST_PROCESSED,FULLY_VALIDATED,"Soldevilla, M. S., Henderson, E. E., Campbell, G. S., Wiggins, S. M., Hildebrand, J. A., & Roch, M. A. (2008). Classification of Rissoâs and Pacific white-sided dolphins using spectral properties of echolocation clicks. The Journal of the Acoustical Society of America, 124(1), 609â624. https://doi.org/10.1121/1.2932059",,TRUE,TRUE,MANUAL,,,,,,,,
SWFSC,SWFSC_ORE_20230517_ADRIFT_073,PWDO_ANALYSIS,SOUNDTRAP_RECORDING,PWDO,INTERVAL,2023-05-17T18:38:28+0000,2023-05-21T06:28:31+0000,384.0,0.0,100.0,POST_PROCESSED,FULLY_VALIDATED,"Soldevilla, M. S., Henderson, E. E., Campbell, G. S., Wiggins, S. M., Hildebrand, J. A., & Roch, M. A. (2008). Classification of Rissoâs and Pacific white-sided dolphins using spectral properties of echolocation clicks. The Journal of the Acoustical Society of America, 124(1), 609â624. https://doi.org/10.1121/1.2932059",,TRUE,TRUE,MANUAL,,,,,,,,
SWFSC,SWFSC_ORE_20230517_ADRIFT_074,PWDO_ANALYSIS,SOUNDTRAP_RECORDING,PWDO,INTERVAL,2023-05-17T18:58:57+0000,2023-05-21T20:30:14+0000,384.0,0.0,100.0,POST_PROCESSED,FULLY_VALIDATED,"Soldevilla, M. S., Henderson, E. E., Campbell, G. S., Wiggins, S. M., Hildebrand, J. A., & Roch, M. A. (2008). Classification of Rissoâs and Pacific white-sided dolphins using spectral properties of echolocation clicks. The Journal of the Acoustical Society of America, 124(1), 609â624. https://doi.org/10.1121/1.2932059",,TRUE,TRUE,MANUAL,,,,,,,,
SWFSC,SWFSC_ORE_20230517_ADRIFT_075,PWDO_ANALYSIS,SOUNDTRAP_RECORDING,PWDO,INTERVAL,2023-05-17T19:25:22+0000,2023-05-21T09:00:04+0000,384.0,0.0,100.0,POST_PROCESSED,FULLY_VALIDATED,"Soldevilla, M. S., Henderson, E. E., Campbell, G. S., Wiggins, S. M., Hildebrand, J. A., & Roch, M. A. (2008). Classification of Rissoâs and Pacific white-sided dolphins using spectral properties of echolocation clicks. The Journal of the Acoustical Society of America, 124(1), 609â624. https://doi.org/10.1121/1.2932059",,TRUE,TRUE,MANUAL,,,,,,,,
SWFSC,SWFSC_ORE_20230717_ADRIFT_077,PWDO_ANALYSIS,SOUNDTRAP_RECORDING,PWDO,INTERVAL,2023-07-17T19:08:24+0000,2023-07-21T08:34:54+0000,384.0,0.0,100.0,POST_PROCESSED,FULLY_VALIDATED,"Soldevilla, M. S., Henderson, E. E., Campbell, G. S., Wiggins, S. M., Hildebrand, J. A., & Roch, M. A. (2008). Classification of Rissoâs and Pacific white-sided dolphins using spectral properties of echolocation clicks. The Journal of the Acoustical Society of America, 124(1), 609â624. https://doi.org/10.1121/1.2932059",,TRUE,TRUE,MANUAL,,,,,,,,
SWFSC,SWFSC_ORE_20230717_ADRIFT_078,PWDO_ANALYSIS,SOUNDTRAP_RECORDING,PWDO,INTERVAL,2023-07-17T20:03:06+0000,2023-07-21T11:22:38+0000,384.0,0.0,100.0,POST_PROCESSED,FULLY_VALIDATED,"Soldevilla, M. S., Henderson, E. E., Campbell, G. S., Wiggins, S. M., Hildebrand, J. A., & Roch, M. A. (2008). Classification of Rissoâs and Pacific white-sided dolphins using spectral properties of echolocation clicks. The Journal of the Acoustical Society of America, 124(1), 609â624. https://doi.org/10.1121/1.2932059",,TRUE,TRUE,MANUAL,,,,,,,,
SWFSC,SWFSC_ORE_20230804_ADRIFT_085,PWDO_ANALYSIS,SOUNDTRAP_RECORDING,PWDO,INTERVAL,2023-08-04T22:05:51+0000,2023-08-11T02:37:32+0000,384.0,0.0,100.0,POST_PROCESSED,FULLY_VALIDATED,"Soldevilla, M. S., Henderson, E. E., Campbell, G. S., Wiggins, S. M., Hildebrand, J. A., & Roch, M. A. (2008). Classification of Rissoâs and Pacific white-sided dolphins using spectral properties of echolocation clicks. The Journal of the Acoustical Society of America, 124(1), 609â624. https://doi.org/10.1121/1.2932059",,TRUE,TRUE,MANUAL,,,,,,,,
SWFSC,SWFSC_ORE_20230804_ADRIFT_086,PWDO_ANALYSIS,SOUNDTRAP_RECORDING,PWDO,INTERVAL,2023-08-04T22:41:21+0000,2023-08-08T10:11:54+0000,384.0,0.0,100.0,POST_PROCESSED,FULLY_VALIDATED,"Soldevilla, M. S., Henderson, E. E., Campbell, G. S., Wiggins, S. M., Hildebrand, J. A., & Roch, M. A. (2008). Classification of Rissoâs and Pacific white-sided dolphins using spectral properties of echolocation clicks. The Journal of the Acoustical Society of America, 124(1), 609â624. https://doi.org/10.1121/1.2932059",,TRUE,TRUE,MANUAL,,,,,,,,
SWFSC,SWFSC_ORE_20230804_ADRIFT_087,PWDO_ANALYSIS,SOUNDTRAP_RECORDING,PWDO,INTERVAL,2023-08-04T23:14:28+0000,2023-08-08T11:44:44+0000,384.0,0.0,100.0,POST_PROCESSED,FULLY_VALIDATED,"Soldevilla, M. S., Henderson, E. E., Campbell, G. S., Wiggins, S. M., Hildebrand, J. A., & Roch, M. A. (2008). Classification of Rissoâs and Pacific white-sided dolphins using spectral properties of echolocation clicks. The Journal of the Acoustical Society of America, 124(1), 609â624. https://doi.org/10.1121/1.2932059",,TRUE,TRUE,MANUAL,,,,,,,,
SWFSC,SWFSC_PTA_20180822_CCES_010,PWDO_ANALYSIS,SOUNDTRAP_RECORDING,PWDO,INTERVAL,2018-08-22T02:24:55+0000,2018-10-21T23:48:58+0000,576.0,0.0,100.0,POST_PROCESSED,FULLY_VALIDATED,"Soldevilla, M. S., Henderson, E. E., Campbell, G. S., Wiggins, S. M., Hildebrand, J. A., & Roch, M. A. (2008). Classification of Rissoâs and Pacific white-sided dolphins using spectral properties of echolocation clicks. The Journal of the Acoustical Society of America, 124(1), 609â624. https://doi.org/10.1121/1.2932059",,TRUE,TRUE,MANUAL,,,,,,,,
SWFSC,SWFSC_SFB_20210610_ADRIFT_005,PWDO_ANALYSIS,SOUNDTRAP_RECORDING,PWDO,INTERVAL,2021-06-10T18:30:40+0000,2021-06-22T21:21:24+0000,384.0,0.0,100.0,POST_PROCESSED,FULLY_VALIDATED,"Soldevilla, M. S., Henderson, E. E., Campbell, G. S., Wiggins, S. M., Hildebrand, J. A., & Roch, M. A. (2008). Classification of Rissoâs and Pacific white-sided dolphins using spectral properties of echolocation clicks. The Journal of the Acoustical Society of America, 124(1), 609â624. https://doi.org/10.1121/1.2932059",,TRUE,TRUE,MANUAL,,,,,,,,
SWFSC,SWFSC_SFB_20210610_ADRIFT_007,PWDO_ANALYSIS,SOUNDTRAP_RECORDING,PWDO,INTERVAL,2021-06-10T17:33:22+0000,2021-06-24T10:00:08+0000,384.0,0.0,100.0,POST_PROCESSED,FULLY_VALIDATED,"Soldevilla, M. S., Henderson, E. E., Campbell, G. S., Wiggins, S. M., Hildebrand, J. A., & Roch, M. A. (2008). Classification of Rissoâs and Pacific white-sided dolphins using spectral properties of echolocation clicks. The Journal of the Acoustical Society of America, 124(1), 609â624. https://doi.org/10.1121/1.2932059",,TRUE,TRUE,MANUAL,,,,,,,,
SWFSC,SWFSC_SFB_20210725_ADRIFT_003,PWDO_ANALYSIS,SOUNDTRAP_RECORDING,PWDO,INTERVAL,2021-07-25T18:35:58+0000,2021-08-03T16:32:07+0000,384.0,0.0,100.0,POST_PROCESSED,FULLY_VALIDATED,"Soldevilla, M. S., Henderson, E. E., Campbell, G. S., Wiggins, S. M., Hildebrand, J. A., & Roch, M. A. (2008). Classification of Rissoâs and Pacific white-sided dolphins using spectral properties of echolocation clicks. The Journal of the Acoustical Society of America, 124(1), 609â624. https://doi.org/10.1121/1.2932059",,TRUE,TRUE,MANUAL,,,,,,,,
SWFSC,SWFSC_SFB_20210725_ADRIFT_006,PWDO_ANALYSIS,SOUNDTRAP_RECORDING,PWDO,INTERVAL,2021-07-25T19:11:59+0000,2021-07-28T22:05:59+0000,384.0,0.0,100.0,POST_PROCESSED,FULLY_VALIDATED,"Soldevilla, M. S., Henderson, E. E., Campbell, G. S., Wiggins, S. M., Hildebrand, J. A., & Roch, M. A. (2008). Classification of Rissoâs and Pacific white-sided dolphins using spectral properties of echolocation clicks. The Journal of the Acoustical Society of America, 124(1), 609â624. https://doi.org/10.1121/1.2932059",,TRUE,TRUE,MANUAL,,,,,,,,
SWFSC,SWFSC_SFB_20220618_ADRIFT_015,PWDO_ANALYSIS,SOUNDTRAP_RECORDING,PWDO,INTERVAL,2022-06-18T08:07:12+0000,2022-06-21T06:14:36+0000,384.0,0.0,100.0,POST_PROCESSED,FULLY_VALIDATED,"Soldevilla, M. S., Henderson, E. E., Campbell, G. S., Wiggins, S. M., Hildebrand, J. A., & Roch, M. A. (2008). Classification of Rissoâs and Pacific white-sided dolphins using spectral properties of echolocation clicks. The Journal of the Acoustical Society of America, 124(1), 609â624. https://doi.org/10.1121/1.2932059",,TRUE,TRUE,MANUAL,,,,,,,,
SWFSC,SWFSC_SFB_20220726_ADRIFT_027,PWDO_ANALYSIS,SOUNDTRAP_RECORDING,PWDO,INTERVAL,2022-07-26T18:37:12+0000,2022-07-30T18:14:25+0000,384.0,0.0,100.0,POST_PROCESSED,FULLY_VALIDATED,"Soldevilla, M. S., Henderson, E. E., Campbell, G. S., Wiggins, S. M., Hildebrand, J. A., & Roch, M. A. (2008). Classification of Rissoâs and Pacific white-sided dolphins using spectral properties of echolocation clicks. The Journal of the Acoustical Society of America, 124(1), 609â624. https://doi.org/10.1121/1.2932059",,TRUE,TRUE,MANUAL,,,,,,,,
SWFSC,SWFSC_SFB_20220726_ADRIFT_028,PWDO_ANALYSIS,SOUNDTRAP_RECORDING,PWDO,INTERVAL,2022-07-26T17:29:47+0000,2022-07-30T20:20:32+0000,384.0,0.0,100.0,POST_PROCESSED,FULLY_VALIDATED,"Soldevilla, M. S., Henderson, E. E., Campbell, G. S., Wiggins, S. M., Hildebrand, J. A., & Roch, M. A. (2008). Classification of Rissoâs and Pacific white-sided dolphins using spectral properties of echolocation clicks. The Journal of the Acoustical Society of America, 124(1), 609â624. https://doi.org/10.1121/1.2932059",,TRUE,TRUE,MANUAL,,,,,,,,
SWFSC,SWFSC_SFB_20220927_ADRIFT_034,PWDO_ANALYSIS,SOUNDTRAP_RECORDING,PWDO,INTERVAL,2022-09-27T18:37:14+0000,2022-10-01T15:59:35+0000,384.0,0.0,100.0,POST_PROCESSED,FULLY_VALIDATED,"Soldevilla, M. S., Henderson, E. E., Campbell, G. S., Wiggins, S. M., Hildebrand, J. A., & Roch, M. A. (2008). Classification of Rissoâs and Pacific white-sided dolphins using spectral properties of echolocation clicks. The Journal of the Acoustical Society of America, 124(1), 609â624. https://doi.org/10.1121/1.2932059",,TRUE,TRUE,MANUAL,,,,,,,,
SWFSC,SWFSC_SFB_20230917_ADRIFT_092,PWDO_ANALYSIS,SOUNDTRAP_RECORDING,PWDO,INTERVAL,2023-09-17T17:42:00+0000,2023-09-22T01:42:02+0000,384.0,0.0,100.0,POST_PROCESSED,FULLY_VALIDATED,"Soldevilla, M. S., Henderson, E. E., Campbell, G. S., Wiggins, S. M., Hildebrand, J. A., & Roch, M. A. (2008). Classification of Rissoâs and Pacific white-sided dolphins using spectral properties of echolocation clicks. The Journal of the Acoustical Society of America, 124(1), 609â624. https://doi.org/10.1121/1.2932059",,TRUE,TRUE,MANUAL,,,,,,,,
SWFSC,SWFSC_MBY_20231106_ADRIFT_107,SEWH_ANALYSIS,SOUNDTRAP_RECORDING,SEWH,INTERVAL,2023-11-06T21:00:00+0000,2023-11-10T20:24:01+0000,384.0,0.0,0.25,POST_PROCESSED,PARTIALLY_VALIDATED,Unpublished,,TRUE,TRUE,PAMGUARD_WHISTLE_MOAN,,,,,,,,
SWFSC,SWFSC_MND_20160827_PASCAL_010,SEWH_ANALYSIS,SM3M_RECORDINGS,SEWH,INTERVAL,2016-08-27T17:44:06+0000,2016-09-17T04:24:05+0000,256.0,0.0,0.25,POST_PROCESSED,PARTIALLY_VALIDATED,Unpublished,,TRUE,TRUE,PAMGUARD_WHISTLE_MOAN,,,,,,,,
SWFSC,SWFSC_SND_20160905_PASCAL_022,SEWH_ANALYSIS,SOUNDTRAP_RECORDING,SEWH,INTERVAL,2016-09-05T06:46:24+0000,2016-09-28T17:06:40+0000,288.0,0.0,0.25,POST_PROCESSED,PARTIALLY_VALIDATED,Unpublished,,TRUE,TRUE,PAMGUARD_WHISTLE_MOAN,,,,,,,,
SWFSC,SWFSC_BCN_20160824_PASCAL_006,SPWH_ANALYSIS,SOUNDTRAP_RECORDING,SPWH,INTERVAL,2016-08-24T13:00:23+0000,2016-08-30T03:29:26+0000,288.0,0.0,48.0,POST_PROCESSED,PARTIALLY_VALIDATED,Unpublished,,TRUE,TRUE,MANUAL,,,,,,,,
SWFSC,SWFSC_BCN_20160825_PASCAL_007,SPWH_ANALYSIS,SM3M_RECORDINGS,SPWH,INTERVAL,2016-08-25T09:30:05+0000,2016-09-13T09:30:03+0000,256.0,0.0,48.0,POST_PROCESSED,PARTIALLY_VALIDATED,Unpublished,,TRUE,TRUE,MANUAL,,,,,,,,
SWFSC,SWFSC_BCN_20181005_CCES_014,SPWH_ANALYSIS,SOUNDTRAP_RECORDING,SPWH,INTERVAL,2018-10-05T06:01:04+0000,2018-11-01T16:43:03+0000,576.0,0.0,48.0,POST_PROCESSED,PARTIALLY_VALIDATED,Unpublished,,TRUE,TRUE,MANUAL,,,,,,,,
SWFSC,SWFSC_BCN_20181031_CCES_017,SPWH_ANALYSIS,SM3M_RECORDINGS,SPWH,INTERVAL,2018-10-31T00:00:00+0000,2018-11-24T04:30:00+0000,256.0,0.0,48.0,POST_PROCESSED,PARTIALLY_VALIDATED,Unpublished,,TRUE,TRUE,MANUAL,,,,,,,,
SWFSC,SWFSC_BCN_20181031_CCES_018,SPWH_ANALYSIS,SOUNDTRAP_RECORDING,SPWH,INTERVAL,2018-10-31T10:05:29+0000,2018-11-16T04:12:29+0000,576.0,0.0,48.0,POST_PROCESSED,PARTIALLY_VALIDATED,Unpublished,,TRUE,TRUE,MANUAL,,,,,,,,
SWFSC,SWFSC_BCN_20181101_CCES_019,SPWH_ANALYSIS,SOUNDTRAP_RECORDING,SPWH,INTERVAL,2018-11-01T02:23:12+0000,2018-11-18T12:54:48+0000,576.0,0.0,48.0,POST_PROCESSED,PARTIALLY_VALIDATED,Unpublished,,TRUE,TRUE,MANUAL,,,,,,,,
SWFSC,SWFSC_BCN_20181105_CCES_020,SPWH_ANALYSIS,SOUNDTRAP_RECORDING,SPWH,INTERVAL,2018-11-05T14:22:39+0000,2018-11-22T09:16:43+0000,576.0,0.0,48.0,POST_PROCESSED,PARTIALLY_VALIDATED,Unpublished,,TRUE,TRUE,MANUAL,,,,,,,,
SWFSC,SWFSC_BCN_20181122_CCES_023,SPWH_ANALYSIS,SOUNDTRAP_RECORDING,SPWH,INTERVAL,2018-11-22T08:28:24+0000,2018-12-03T00:49:11+0000,576.0,0.0,48.0,POST_PROCESSED,PARTIALLY_VALIDATED,Unpublished,,TRUE,TRUE,MANUAL,,,,,,,,
SWFSC,SWFSC_CHI_20160822_PASCAL_005,SPWH_ANALYSIS,SOUNDTRAP_RECORDING,SPWH,INTERVAL,2016-08-22T15:03:57+0000,2016-09-04T22:55:57+0000,288.0,0.0,48.0,POST_PROCESSED,PARTIALLY_VALIDATED,Unpublished,,TRUE,TRUE,MANUAL,,,,,,,,
SWFSC,SWFSC_CHI_20160904_PASCAL_019,SPWH_ANALYSIS,SOUNDTRAP_RECORDING,SPWH,INTERVAL,2016-09-04T01:47:23+0000,2016-09-23T06:59:21+0000,288.0,0.0,48.0,POST_PROCESSED,PARTIALLY_VALIDATED,Unpublished,,TRUE,TRUE,MANUAL,,,,,,,,
SWFSC,SWFSC_CHI_20160906_PASCAL_020,SPWH_ANALYSIS,SOUNDTRAP_RECORDING,SPWH,INTERVAL,2016-09-06T02:37:11+0000,2016-09-29T05:18:16+0000,288.0,0.0,48.0,POST_PROCESSED,PARTIALLY_VALIDATED,Unpublished,,TRUE,TRUE,MANUAL,,,,,,,,
SWFSC,SWFSC_CHI_20160924_PASCAL_026,SPWH_ANALYSIS,SOUNDTRAP_RECORDING_0774,SPWH,INTERVAL,2016-09-24T15:15:28+0000,2016-09-26T04:21:29+0000,288.0,0.0,48.0,POST_PROCESSED,PARTIALLY_VALIDATED,Unpublished,,TRUE,TRUE,MANUAL,,,,,,,,
SWFSC,SWFSC_CHI_20160924_PASCAL_027,SPWH_ANALYSIS,SOUNDTRAP_RECORDING,SPWH,INTERVAL,2016-09-24T15:49:50+0000,2016-09-26T03:53:51+0000,288.0,0.0,48.0,POST_PROCESSED,PARTIALLY_VALIDATED,Unpublished,,TRUE,TRUE,MANUAL,,,,,,,,
SWFSC,SWFSC_CHI_20160924_PASCAL_028,SPWH_ANALYSIS,SOUNDTRAP_RECORDING,SPWH,INTERVAL,2016-09-24T16:40:33+0000,2016-09-29T03:38:00+0000,288.0,0.0,48.0,POST_PROCESSED,PARTIALLY_VALIDATED,Unpublished,,TRUE,TRUE,MANUAL,,,,,,,,
SWFSC,SWFSC_COL_20160829_PASCAL_012,SPWH_ANALYSIS,SOUNDTRAP_RECORDING,SPWH,INTERVAL,2016-08-29T09:01:46+0000,2016-09-17T19:53:46+0000,288.0,0.0,48.0,POST_PROCESSED,PARTIALLY_VALIDATED,Unpublished,,TRUE,TRUE,MANUAL,,,,,,,,
SWFSC,SWFSC_COL_20160829_PASCAL_013,SPWH_ANALYSIS,SM3M_RECORDINGS,SPWH,INTERVAL,2016-08-29T20:50:05+0000,2016-09-15T17:26:06+0000,256.0,0.0,48.0,POST_PROCESSED,PARTIALLY_VALIDATED,Unpublished,,TRUE,TRUE,MANUAL,,,,,,,,
SWFSC,SWFSC_HMB_20210609_ADRIFT_002,SPWH_ANALYSIS,SOUNDTRAP_RECORDING,SPWH,INTERVAL,2021-06-09T18:12:23+0000,2021-06-16T22:48:53+0000,384.0,0.0,48.0,POST_PROCESSED,PARTIALLY_VALIDATED,Unpublished,,TRUE,TRUE,MANUAL,,,,,,,,
SWFSC,SWFSC_HUM_20160821_PASCAL_002,SPWH_ANALYSIS,SOUNDTRAP_RECORDING,SPWH,INTERVAL,2016-08-20T18:44:06+0000,2016-09-01T02:06:05+0000,288.0,0.0,48.0,POST_PROCESSED,PARTIALLY_VALIDATED,Unpublished,,TRUE,TRUE,MANUAL,,,,,,,,
SWFSC,SWFSC_HUM_20160901_PASCAL_016,SPWH_ANALYSIS,SOUNDTRAP_RECORDING,SPWH,INTERVAL,2016-09-01T13:22:02+0000,2016-09-21T00:04:02+0000,288.0,0.0,48.0,POST_PROCESSED,PARTIALLY_VALIDATED,Unpublished,,TRUE,TRUE,MANUAL,,,,,,,,
SWFSC,SWFSC_HUM_20180725_CCES_004,SPWH_ANALYSIS,SM3M_RECORDINGS,SPWH,INTERVAL,2018-07-30T00:00:00+0000,2018-10-12T23:59:59+0000,256.0,0.0,48.0,POST_PROCESSED,PARTIALLY_VALIDATED,Unpublished,,TRUE,TRUE,MANUAL,,,,,,,,
SWFSC,SWFSC_HUM_20180805_CCES_007,SPWH_ANALYSIS,SOUNDTRAP_RECORDING,SPWH,INTERVAL,2018-08-05T15:27:50+0000,2018-09-22T18:09:50+0000,288.0,0.0,48.0,POST_PROCESSED,PARTIALLY_VALIDATED,Unpublished,,TRUE,TRUE,MANUAL,,,,,,,,
SWFSC,SWFSC_HUM_20180816_CCES_008,SPWH_ANALYSIS,SOUNDTRAP_RECORDING,SPWH,INTERVAL,2018-08-16T04:38:04+0000,2018-10-01T01:59:55+0000,288.0,0.0,48.0,POST_PROCESSED,PARTIALLY_VALIDATED,Unpublished,,TRUE,TRUE,MANUAL,,,,,,,,
SWFSC,SWFSC_HUM_20220118_ADRIFT_012,SPWH_ANALYSIS,SOUNDTRAP_RECORDING,SPWH,INTERVAL,2022-01-18T03:42:19+0000,2022-01-21T19:39:12+0000,384.0,0.0,48.0,POST_PROCESSED,PARTIALLY_VALIDATED,Unpublished,,TRUE,TRUE,MANUAL,,,,,,,,
SWFSC,SWFSC_HUM_20220425_ADRIFT_017,SPWH_ANALYSIS,SOUNDTRAP_RECORDING,SPWH,INTERVAL,2022-04-25T18:59:59+0000,2022-04-28T19:22:16+0000,384.0,0.0,48.0,POST_PROCESSED,PARTIALLY_VALIDATED,Unpublished,,TRUE,TRUE,MANUAL,,,,,,,,
SWFSC,SWFSC_HUM_20220425_ADRIFT_018,SPWH_ANALYSIS,SOUNDTRAP_RECORDING,SPWH,INTERVAL,2022-04-25T19:59:57+0000,2022-04-28T20:22:15+0000,384.0,0.0,48.0,POST_PROCESSED,PARTIALLY_VALIDATED,Unpublished,,TRUE,TRUE,MANUAL,,,,,,,,
SWFSC,SWFSC_HUM_20220728_ADRIFT_030,SPWH_ANALYSIS,SOUNDTRAP_RECORDING,SPWH,INTERVAL,2022-07-28T18:59:58+0000,2022-08-01T11:29:40+0000,384.0,0.0,48.0,POST_PROCESSED,PARTIALLY_VALIDATED,Unpublished,,TRUE,TRUE,MANUAL,,,,,,,,
SWFSC,SWFSC_HUM_20220728_ADRIFT_031,SPWH_ANALYSIS,SOUNDTRAP_RECORDING,SPWH,INTERVAL,2022-07-28T18:59:58+0000,2022-08-01T08:52:13+0000,384.0,0.0,48.0,POST_PROCESSED,PARTIALLY_VALIDATED,Unpublished,,TRUE,TRUE,MANUAL,,,,,,,,
SWFSC,SWFSC_HUM_20220913_ADRIFT_032,SPWH_ANALYSIS,SOUNDTRAP_RECORDING,SPWH,INTERVAL,2022-09-13T06:59:56+0000,2022-09-15T18:14:45+0000,384.0,0.0,48.0,POST_PROCESSED,PARTIALLY_VALIDATED,Unpublished,,TRUE,TRUE,MANUAL,,,,,,,,
SWFSC,SWFSC_HUM_20220913_ADRIFT_033,SPWH_ANALYSIS,SOUNDTRAP_RECORDING,SPWH,INTERVAL,2022-09-13T04:44:56+0000,2022-09-15T17:29:45+0000,384.0,0.0,48.0,POST_PROCESSED,PARTIALLY_VALIDATED,Unpublished,,TRUE,TRUE,MANUAL,,,,,,,,
SWFSC,SWFSC_HUM_20221116_ADRIFT_036,SPWH_ANALYSIS,SOUNDTRAP_RECORDING,SPWH,INTERVAL,2022-11-16T19:14:57+0000,2022-11-20T07:37:12+0000,384.0,0.0,48.0,POST_PROCESSED,PARTIALLY_VALIDATED,Unpublished,,TRUE,TRUE,MANUAL,,,,,,,,
SWFSC,SWFSC_HUM_20221116_ADRIFT_037,SPWH_ANALYSIS,SOUNDTRAP_RECORDING,SPWH,INTERVAL,2022-11-16T18:59:58+0000,2022-11-21T10:59:46+0000,288.0,0.0,48.0,POST_PROCESSED,PARTIALLY_VALIDATED,Unpublished,,TRUE,TRUE,MANUAL,,,,,,,,
SWFSC,SWFSC_HUM_20221116_ADRIFT_038,SPWH_ANALYSIS,SOUNDTRAP_RECORDING,SPWH,INTERVAL,2022-11-16T19:14:57+0000,2022-11-20T03:29:42+0000,384.0,0.0,48.0,POST_PROCESSED,PARTIALLY_VALIDATED,Unpublished,,TRUE,TRUE,MANUAL,,,,,,,,
SWFSC,SWFSC_HUM_20221213_ADRIFT_039,SPWH_ANALYSIS,SOUNDTRAP_RECORDING,SPWH,INTERVAL,2022-12-13T21:29:57+0000,2022-12-16T20:22:14+0000,384.0,0.0,48.0,POST_PROCESSED,PARTIALLY_VALIDATED,Unpublished,,TRUE,TRUE,MANUAL,,,,,,,,
SWFSC,SWFSC_HUM_20221213_ADRIFT_040,SPWH_ANALYSIS,SOUNDTRAP_RECORDING,SPWH,INTERVAL,2022-12-13T21:29:57+0000,2022-12-16T21:29:49+0000,288.0,0.0,48.0,POST_PROCESSED,PARTIALLY_VALIDATED,Unpublished,,TRUE,TRUE,MANUAL,,,,,,,,
SWFSC,SWFSC_HUM_20221213_ADRIFT_041,SPWH_ANALYSIS,SOUNDTRAP_RECORDING,SPWH,INTERVAL,2022-12-13T21:52:27+0000,2022-12-16T22:37:14+0000,384.0,0.0,48.0,POST_PROCESSED,PARTIALLY_VALIDATED,Unpublished,,TRUE,TRUE,MANUAL,,,,,,,,
SWFSC,SWFSC_HUM_20230507_ADRIFT_068,SPWH_ANALYSIS,SOUNDTRAP_RECORDING,SPWH,INTERVAL,2023-05-07T00:29:57+0000,2023-05-09T16:14:48+0000,384.0,0.0,48.0,POST_PROCESSED,PARTIALLY_VALIDATED,Unpublished,,TRUE,TRUE,MANUAL,,,,,,,,
SWFSC,SWFSC_HUM_20230507_ADRIFT_070,SPWH_ANALYSIS,SOUNDTRAP_RECORDING,SPWH,INTERVAL,2023-05-07T00:52:27+0000,2023-05-09T17:44:46+0000,384.0,0.0,48.0,POST_PROCESSED,PARTIALLY_VALIDATED,Unpublished,,TRUE,TRUE,MANUAL,,,,,,,,
SWFSC,SWFSC_HUM_20230507_ADRIFT_071,SPWH_ANALYSIS,SOUNDTRAP_RECORDING,SPWH,INTERVAL,2023-05-07T00:59:58+0000,2023-05-09T17:59:47+0000,288.0,0.0,48.0,POST_PROCESSED,PARTIALLY_VALIDATED,Unpublished,,TRUE,TRUE,MANUAL,,,,,,,,
SWFSC,SWFSC_HUM_20231005_ADRIFT_097,SPWH_ANALYSIS,SOUNDTRAP_RECORDING,SPWH,INTERVAL,2023-10-05T23:29:58+0000,2023-10-06T23:23:58+0000,384.0,0.0,48.0,POST_PROCESSED,PARTIALLY_VALIDATED,Unpublished,,TRUE,TRUE,MANUAL,,,,,,,,
SWFSC,SWFSC_HUM_20231005_ADRIFT_098,SPWH_ANALYSIS,SOUNDTRAP_RECORDING,SPWH,INTERVAL,2023-10-05T23:29:58+0000,2023-10-06T23:41:58+0000,384.0,0.0,48.0,POST_PROCESSED,PARTIALLY_VALIDATED,Unpublished,,TRUE,TRUE,MANUAL,,,,,,,,
SWFSC,SWFSC_HUM_20231005_ADRIFT_099,SPWH_ANALYSIS,SOUNDTRAP_RECORDING,SPWH,INTERVAL,2023-10-05T23:41:58+0000,2023-10-06T23:53:58+0000,384.0,0.0,48.0,POST_PROCESSED,PARTIALLY_VALIDATED,Unpublished,,TRUE,TRUE,MANUAL,,,,,,,,
SWFSC,SWFSC_HUM_20231005_ADRIFT_100,SPWH_ANALYSIS,SOUNDTRAP_RECORDING,SPWH,INTERVAL,2023-10-05T23:53:58+0000,2023-10-07T00:23:58+0000,288.0,0.0,48.0,POST_PROCESSED,PARTIALLY_VALIDATED,Unpublished,,TRUE,TRUE,MANUAL,,,,,,,,
SWFSC,SWFSC_MBY_20160822_PASCAL_004,SPWH_ANALYSIS,SOUNDTRAP_RECORDING,SPWH,INTERVAL,2016-08-22T00:28:27+0000,2016-09-03T19:14:33+0000,288.0,0.0,48.0,POST_PROCESSED,PARTIALLY_VALIDATED,Unpublished,,TRUE,TRUE,MANUAL,,,,,,,,
SWFSC,SWFSC_MBY_20160827_PASCAL_009,SPWH_ANALYSIS,SOUNDTRAP_RECORDING_1436,SPWH,INTERVAL,2016-08-27T00:22:14+0000,2016-09-15T13:04:14+0000,288.0,0.0,48.0,POST_PROCESSED,PARTIALLY_VALIDATED,Unpublished,,TRUE,TRUE,MANUAL,,,,,,,,
SWFSC,SWFSC_MBY_20160903_PASCAL_018,SPWH_ANALYSIS,SM2BAT_RECORDINGS,SPWH,INTERVAL,2016-09-03T05:32:00+0000,2016-09-22T11:50:00+0000,192.0,0.0,48.0,POST_PROCESSED,PARTIALLY_VALIDATED,Unpublished,,TRUE,TRUE,MANUAL,,,,,,,,
SWFSC,SWFSC_MBY_20220621_ADRIFT_020,SPWH_ANALYSIS,SOUNDTRAP_RECORDING,SPWH,INTERVAL,2022-06-21T16:45:00+0000,2022-06-25T17:52:13+0000,384.0,0.0,48.0,POST_PROCESSED,PARTIALLY_VALIDATED,Unpublished,,TRUE,TRUE,MANUAL,,,,,,,,
SWFSC,SWFSC_MBY_20220621_ADRIFT_021,SPWH_ANALYSIS,SOUNDTRAP_RECORDING,SPWH,INTERVAL,2022-06-21T17:07:29+0000,2022-06-25T18:37:12+0000,384.0,0.0,48.0,POST_PROCESSED,PARTIALLY_VALIDATED,Unpublished,,TRUE,TRUE,MANUAL,,,,,,,,
SWFSC,SWFSC_MBY_20220621_ADRIFT_023,SPWH_ANALYSIS,SOUNDTRAP_RECORDING,SPWH,INTERVAL,2022-06-21T18:52:29+0000,2022-06-25T21:29:41+0000,384.0,0.0,48.0,POST_PROCESSED,PARTIALLY_VALIDATED,Unpublished,,TRUE,TRUE,MANUAL,,,,,,,,
SWFSC,SWFSC_MBY_20220621_ADRIFT_024,SPWH_ANALYSIS,SOUNDTRAP_RECORDING,SPWH,INTERVAL,2022-06-21T19:29:59+0000,2022-06-25T20:14:42+0000,384.0,0.0,48.0,POST_PROCESSED,PARTIALLY_VALIDATED,Unpublished,,TRUE,TRUE,MANUAL,,,,,,,,
SWFSC,SWFSC_MBY_20220621_ADRIFT_025,SPWH_ANALYSIS,SOUNDTRAP_RECORDING,SPWH,INTERVAL,2022-06-21T19:44:59+0000,2022-06-25T17:29:42+0000,384.0,0.0,48.0,POST_PROCESSED,PARTIALLY_VALIDATED,Unpublished,,TRUE,TRUE,MANUAL,,,,,,,,
SWFSC,SWFSC_MBY_20231106_ADRIFT_103,SPWH_ANALYSIS,SOUNDTRAP_RECORDING,SPWH,INTERVAL,2023-11-06T18:54:00+0000,2023-11-10T20:54:00+0000,384.0,0.0,48.0,POST_PROCESSED,PARTIALLY_VALIDATED,Unpublished,,TRUE,TRUE,MANUAL,,,,,,,,
SWFSC,SWFSC_MBY_20231106_ADRIFT_104,SPWH_ANALYSIS,SOUNDTRAP_RECORDING,SPWH,INTERVAL,2023-11-06T19:24:00+0000,2023-11-10T22:48:01+0000,384.0,0.0,48.0,POST_PROCESSED,PARTIALLY_VALIDATED,Unpublished,,TRUE,TRUE,MANUAL,,,,,,,,
SWFSC,SWFSC_MBY_20231106_ADRIFT_105,SPWH_ANALYSIS,SOUNDTRAP_RECORDING,SPWH,INTERVAL,2023-11-06T20:00:00+0000,2023-11-10T22:00:01+0000,384.0,0.0,48.0,POST_PROCESSED,PARTIALLY_VALIDATED,Unpublished,,TRUE,TRUE,MANUAL,,,,,,,,
SWFSC,SWFSC_MBY_20231106_ADRIFT_106,SPWH_ANALYSIS,SOUNDTRAP_RECORDING,SPWH,INTERVAL,2023-11-06T20:35:59+0000,2023-11-10T22:18:01+0000,384.0,0.0,48.0,POST_PROCESSED,PARTIALLY_VALIDATED,Unpublished,,TRUE,TRUE,MANUAL,,,,,,,,
SWFSC,SWFSC_MBY_20231106_ADRIFT_107,SPWH_ANALYSIS,SOUNDTRAP_RECORDING,SPWH,INTERVAL,2023-11-06T21:00:00+0000,2023-11-10T20:24:01+0000,384.0,0.0,48.0,POST_PROCESSED,PARTIALLY_VALIDATED,Unpublished,,TRUE,TRUE,MANUAL,,,,,,,,
SWFSC,SWFSC_MBY_20231106_ADRIFT_108,SPWH_ANALYSIS,SOUNDTRAP_RECORDING,SPWH,INTERVAL,2023-11-06T21:41:59+0000,2023-11-10T21:24:00+0000,384.0,0.0,48.0,POST_PROCESSED,PARTIALLY_VALIDATED,Unpublished,,TRUE,TRUE,MANUAL,,,,,,,,
SWFSC,SWFSC_MND_20160821_PASCAL_003,SPWH_ANALYSIS,SOUNDTRAP_RECORDING,SPWH,INTERVAL,2016-08-21T10:37:16+0000,2016-09-02T16:39:16+0000,288.0,0.0,48.0,POST_PROCESSED,PARTIALLY_VALIDATED,Unpublished,,TRUE,TRUE,MANUAL,,,,,,,,
SWFSC,SWFSC_MND_20160827_PASCAL_010,SPWH_ANALYSIS,SM3M_RECORDINGS,SPWH,INTERVAL,2016-08-27T17:44:06+0000,2016-09-17T04:24:05+0000,256.0,0.0,48.0,POST_PROCESSED,PARTIALLY_VALIDATED,Unpublished,,TRUE,TRUE,MANUAL,,,,,,,,
SWFSC,SWFSC_MOB_20160904_PASCAL_021,SPWH_ANALYSIS,SOUNDTRAP_RECORDING,SPWH,INTERVAL,2016-09-03T23:54:34+0000,2016-09-25T10:02:46+0000,288.0,0.0,48.0,POST_PROCESSED,PARTIALLY_VALIDATED,Unpublished,,TRUE,TRUE,MANUAL,,,,,,,,
SWFSC,SWFSC_MOB_20180830_CCES_012,SPWH_ANALYSIS,SOUNDTRAP_RECORDING,SPWH,INTERVAL,2018-08-30T02:58:44+0000,2018-10-06T17:00:44+0000,288.0,0.0,48.0,POST_PROCESSED,PARTIALLY_VALIDATED,Unpublished,,TRUE,TRUE,MANUAL,,,,,,,,
SWFSC,SWFSC_MOB_20220423_ADRIFT_013,SPWH_ANALYSIS,SOUNDTRAP_RECORDING,SPWH,INTERVAL,2022-04-23T20:44:52+0000,2022-05-04T20:36:02+0000,384.0,0.0,48.0,POST_PROCESSED,PARTIALLY_VALIDATED,Unpublished,,TRUE,TRUE,MANUAL,,,,,,,,
SWFSC,SWFSC_ORE_20160819_PASCAL_001,SPWH_ANALYSIS,SOUNDTRAP_RECORDING,SPWH,INTERVAL,2016-08-20T02:20:07+0000,2016-08-31T14:42:00+0000,288.0,0.0,48.0,POST_PROCESSED,PARTIALLY_VALIDATED,Unpublished,,TRUE,TRUE,MANUAL,,,,,,,,
SWFSC,SWFSC_ORE_20160828_PASCAL_011,SPWH_ANALYSIS,SM2BAT_RECORDINGS,SPWH,INTERVAL,2016-08-28T12:44:00+0000,2016-09-17T04:18:00+0000,192.0,0.0,48.0,POST_PROCESSED,PARTIALLY_VALIDATED,Unpublished,,TRUE,TRUE,MANUAL,,,,,,,,
SWFSC,SWFSC_ORE_20160831_PASCAL_015,SPWH_ANALYSIS,SOUNDTRAP_RECORDING,SPWH,INTERVAL,2016-08-31T07:11:38+0000,2016-09-05T04:48:42+0000,288.0,0.0,48.0,POST_PROCESSED,PARTIALLY_VALIDATED,Unpublished,,TRUE,TRUE,MANUAL,,,,,,,,
SWFSC,SWFSC_ORE_20230316_ADRIFT_042,SPWH_ANALYSIS,SOUNDTRAP_RECORDING,SPWH,INTERVAL,2023-03-16T19:29:57+0000,2023-03-21T00:44:35+0000,384.0,0.0,48.0,POST_PROCESSED,PARTIALLY_VALIDATED,Unpublished,,TRUE,TRUE,MANUAL,,,,,,,,
SWFSC,SWFSC_ORE_20230316_ADRIFT_043,SPWH_ANALYSIS,SOUNDTRAP_RECORDING,SPWH,INTERVAL,2023-03-16T18:52:27+0000,2023-03-20T08:53:16+0000,384.0,0.0,48.0,POST_PROCESSED,PARTIALLY_VALIDATED,Unpublished,,TRUE,TRUE,MANUAL,,,,,,,,
SWFSC,SWFSC_ORE_20230413_ADRIFT_058,SPWH_ANALYSIS,SOUNDTRAP_RECORDING,SPWH,INTERVAL,2023-04-13T07:49:55+0000,2023-04-16T17:09:46+0000,384.0,0.0,48.0,POST_PROCESSED,PARTIALLY_VALIDATED,Unpublished,,TRUE,TRUE,MANUAL,,,,,,,,
SWFSC,SWFSC_ORE_20230413_ADRIFT_059,SPWH_ANALYSIS,SOUNDTRAP_RECORDING,SPWH,INTERVAL,2023-04-13T06:15:12+0000,2023-04-16T18:18:58+0000,384.0,0.0,48.0,POST_PROCESSED,PARTIALLY_VALIDATED,Unpublished,,TRUE,TRUE,MANUAL,,,,,,,,
SWFSC,SWFSC_ORE_20230413_ADRIFT_060,SPWH_ANALYSIS,SOUNDTRAP_RECORDING,SPWH,INTERVAL,2023-04-13T06:58:22+0000,2023-04-16T18:13:06+0000,384.0,0.0,48.0,POST_PROCESSED,PARTIALLY_VALIDATED,Unpublished,,TRUE,TRUE,MANUAL,,,,,,,,
SWFSC,SWFSC_ORE_20230413_ADRIFT_061,SPWH_ANALYSIS,SOUNDTRAP_RECORDING,SPWH,INTERVAL,2023-04-13T05:14:02+0000,2023-04-16T18:56:45+0000,384.0,0.0,48.0,POST_PROCESSED,PARTIALLY_VALIDATED,Unpublished,,TRUE,TRUE,MANUAL,,,,,,,,
SWFSC,SWFSC_ORE_20230517_ADRIFT_072,SPWH_ANALYSIS,SOUNDTRAP_RECORDING,SPWH,INTERVAL,2023-05-17T18:13:55+0000,2023-05-23T13:36:52+0000,384.0,0.0,48.0,POST_PROCESSED,PARTIALLY_VALIDATED,Unpublished,,TRUE,TRUE,MANUAL,,,,,,,,
SWFSC,SWFSC_ORE_20230517_ADRIFT_074,SPWH_ANALYSIS,SOUNDTRAP_RECORDING,SPWH,INTERVAL,2023-05-17T18:58:57+0000,2023-05-21T20:30:14+0000,384.0,0.0,48.0,POST_PROCESSED,PARTIALLY_VALIDATED,Unpublished,,TRUE,TRUE,MANUAL,,,,,,,,
SWFSC,SWFSC_ORE_20230517_ADRIFT_075,SPWH_ANALYSIS,SOUNDTRAP_RECORDING,SPWH,INTERVAL,2023-05-17T19:25:22+0000,2023-05-21T09:00:04+0000,384.0,0.0,48.0,POST_PROCESSED,PARTIALLY_VALIDATED,Unpublished,,TRUE,TRUE,MANUAL,,,,,,,,
SWFSC,SWFSC_ORE_20230717_ADRIFT_077,SPWH_ANALYSIS,SOUNDTRAP_RECORDING,SPWH,INTERVAL,2023-07-17T19:08:24+0000,2023-07-21T08:34:54+0000,384.0,0.0,48.0,POST_PROCESSED,PARTIALLY_VALIDATED,Unpublished,,TRUE,TRUE,MANUAL,,,,,,,,
SWFSC,SWFSC_ORE_20230804_ADRIFT_086,SPWH_ANALYSIS,SOUNDTRAP_RECORDING,SPWH,INTERVAL,2023-08-04T22:41:21+0000,2023-08-08T10:11:54+0000,384.0,0.0,48.0,POST_PROCESSED,PARTIALLY_VALIDATED,Unpublished,,TRUE,TRUE,MANUAL,,,,,,,,
SWFSC,SWFSC_PTA_20160902_PASCAL_017,SPWH_ANALYSIS,SM3M_RECORDINGS,SPWH,INTERVAL,2016-09-02T03:54:06+0000,2016-09-21T23:14:00+0000,256.0,0.0,48.0,POST_PROCESSED,PARTIALLY_VALIDATED,Unpublished,,TRUE,TRUE,MANUAL,,,,,,,,
SWFSC,SWFSC_PTA_20180822_CCES_010,SPWH_ANALYSIS,SOUNDTRAP_RECORDING,SPWH,INTERVAL,2018-08-22T02:24:55+0000,2018-10-21T23:48:58+0000,576.0,0.0,48.0,POST_PROCESSED,PARTIALLY_VALIDATED,Unpublished,,TRUE,TRUE,MANUAL,,,,,,,,
SWFSC,SWFSC_SFB_20210610_ADRIFT_005,SPWH_ANALYSIS,SOUNDTRAP_RECORDING,SPWH,INTERVAL,2021-06-10T18:30:40+0000,2021-06-22T21:21:24+0000,384.0,0.0,48.0,POST_PROCESSED,PARTIALLY_VALIDATED,Unpublished,,TRUE,TRUE,MANUAL,,,,,,,,
SWFSC,SWFSC_SFB_20210610_ADRIFT_007,SPWH_ANALYSIS,SOUNDTRAP_RECORDING,SPWH,INTERVAL,2021-06-10T17:33:22+0000,2021-06-24T10:00:08+0000,384.0,0.0,48.0,POST_PROCESSED,PARTIALLY_VALIDATED,Unpublished,,TRUE,TRUE,MANUAL,,,,,,,,
SWFSC,SWFSC_SFB_20220726_ADRIFT_028,SPWH_ANALYSIS,SOUNDTRAP_RECORDING,SPWH,INTERVAL,2022-07-26T17:29:47+0000,2022-07-30T20:20:32+0000,384.0,0.0,48.0,POST_PROCESSED,PARTIALLY_VALIDATED,Unpublished,,TRUE,TRUE,MANUAL,,,,,,,,
SWFSC,SWFSC_SFB_20230508_ADRIFT_067,SPWH_ANALYSIS,SOUNDTRAP_RECORDING,SPWH,INTERVAL,2023-05-08T04:18:02+0000,2023-05-12T01:36:03+0000,384.0,0.0,48.0,POST_PROCESSED,PARTIALLY_VALIDATED,Unpublished,,TRUE,TRUE,MANUAL,,,,,,,,
SWFSC,SWFSC_SND_20160905_PASCAL_022,SPWH_ANALYSIS,SOUNDTRAP_RECORDING,SPWH,INTERVAL,2016-09-05T06:46:24+0000,2016-09-28T17:06:40+0000,288.0,0.0,48.0,POST_PROCESSED,PARTIALLY_VALIDATED,Unpublished,,TRUE,TRUE,MANUAL,,,,,,,,
SWFSC,SWFSC_SND_20160924_PASCAL_023,SPWH_ANALYSIS,SOUNDTRAP_RECORDING,SPWH,INTERVAL,2016-09-24T00:37:42+0000,2016-09-28T00:57:46+0000,288.0,0.0,48.0,POST_PROCESSED,PARTIALLY_VALIDATED,Unpublished,,TRUE,TRUE,MANUAL,,,,,,,,
SWFSC,SWFSC_SND_20160924_PASCAL_024,SPWH_ANALYSIS,SOUNDTRAP_RECORDING_9174,SPWH,INTERVAL,2016-09-24T01:46:49+0000,2016-09-28T02:11:14+0000,288.0,0.0,48.0,POST_PROCESSED,PARTIALLY_VALIDATED,Unpublished,,TRUE,TRUE,MANUAL,,,,,,,,
SWFSC,SWFSC_SND_20160924_PASCAL_025,SPWH_ANALYSIS,SOUNDTRAP_RECORDING,SPWH,INTERVAL,2016-09-24T04:09:39+0000,2016-09-28T02:25:43+0000,288.0,0.0,48.0,POST_PROCESSED,PARTIALLY_VALIDATED,Unpublished,,TRUE,TRUE,MANUAL,,,,,,,,
SWFSC,SWFSC_BCN_20160824_PASCAL_006,UNDO_ANALYSIS,SOUNDTRAP_RECORDING,UNDO,INTERVAL,2016-08-24T13:00:23+0000,2016-08-30T03:29:26+0000,288.0,0.0,100.0,POST_PROCESSED,FULLY_VALIDATED,"Soldevilla, M. S., Henderson, E. E., Campbell, G. S., Wiggins, S. M., Hildebrand, J. A., & Roch, M. A. (2008). Classification of Rissoâs and Pacific white-sided dolphins using spectral properties of echolocation clicks. The Journal of the Acoustical Society of America, 124(1), 609â624. https://doi.org/10.1121/1.2932059",,TRUE,TRUE,MANUAL,,,,,,,,
SWFSC,SWFSC_BCN_20160825_PASCAL_007,UNDO_ANALYSIS,SM3M_RECORDINGS,UNDO,INTERVAL,2016-08-25T09:30:05+0000,2016-09-13T09:30:03+0000,256.0,0.0,100.0,POST_PROCESSED,FULLY_VALIDATED,"Soldevilla, M. S., Henderson, E. E., Campbell, G. S., Wiggins, S. M., Hildebrand, J. A., & Roch, M. A. (2008). Classification of Rissoâs and Pacific white-sided dolphins using spectral properties of echolocation clicks. The Journal of the Acoustical Society of America, 124(1), 609â624. https://doi.org/10.1121/1.2932059",,TRUE,TRUE,MANUAL,,,,,,,,
SWFSC,SWFSC_BCN_20181005_CCES_014,UNDO_ANALYSIS,SOUNDTRAP_RECORDING,UNDO,INTERVAL,2018-10-05T06:01:04+0000,2018-11-01T16:43:03+0000,576.0,0.0,100.0,POST_PROCESSED,FULLY_VALIDATED,"Soldevilla, M. S., Henderson, E. E., Campbell, G. S., Wiggins, S. M., Hildebrand, J. A., & Roch, M. A. (2008). Classification of Rissoâs and Pacific white-sided dolphins using spectral properties of echolocation clicks. The Journal of the Acoustical Society of America, 124(1), 609â624. https://doi.org/10.1121/1.2932059",,TRUE,TRUE,MANUAL,,,,,,,,
SWFSC,SWFSC_BCN_20181030_CCES_016,UNDO_ANALYSIS,SOUNDTRAP_RECORDING,UNDO,INTERVAL,2018-10-30T14:49:37+0000,2018-11-15T23:01:37+0000,576.0,0.0,100.0,POST_PROCESSED,FULLY_VALIDATED,"Soldevilla, M. S., Henderson, E. E., Campbell, G. S., Wiggins, S. M., Hildebrand, J. A., & Roch, M. A. (2008). Classification of Rissoâs and Pacific white-sided dolphins using spectral properties of echolocation clicks. The Journal of the Acoustical Society of America, 124(1), 609â624. https://doi.org/10.1121/1.2932059",,TRUE,TRUE,MANUAL,,,,,,,,
SWFSC,SWFSC_BCN_20181031_CCES_017,UNDO_ANALYSIS,SM3M_RECORDINGS,UNDO,INTERVAL,2018-10-31T00:00:00+0000,2018-11-24T04:30:00+0000,256.0,0.0,100.0,POST_PROCESSED,FULLY_VALIDATED,"Soldevilla, M. S., Henderson, E. E., Campbell, G. S., Wiggins, S. M., Hildebrand, J. A., & Roch, M. A. (2008). Classification of Rissoâs and Pacific white-sided dolphins using spectral properties of echolocation clicks. The Journal of the Acoustical Society of America, 124(1), 609â624. https://doi.org/10.1121/1.2932059",,TRUE,TRUE,MANUAL,,,,,,,,
SWFSC,SWFSC_BCN_20181031_CCES_018,UNDO_ANALYSIS,SOUNDTRAP_RECORDING,UNDO,INTERVAL,2018-10-31T10:05:29+0000,2018-11-16T04:12:29+0000,576.0,0.0,100.0,POST_PROCESSED,FULLY_VALIDATED,"Soldevilla, M. S., Henderson, E. E., Campbell, G. S., Wiggins, S. M., Hildebrand, J. A., & Roch, M. A. (2008). Classification of Rissoâs and Pacific white-sided dolphins using spectral properties of echolocation clicks. The Journal of the Acoustical Society of America, 124(1), 609â624. https://doi.org/10.1121/1.2932059",,TRUE,TRUE,MANUAL,,,,,,,,
SWFSC,SWFSC_BCN_20181101_CCES_019,UNDO_ANALYSIS,SOUNDTRAP_RECORDING,UNDO,INTERVAL,2018-11-01T02:23:12+0000,2018-11-18T12:54:48+0000,576.0,0.0,100.0,POST_PROCESSED,FULLY_VALIDATED,"Soldevilla, M. S., Henderson, E. E., Campbell, G. S., Wiggins, S. M., Hildebrand, J. A., & Roch, M. A. (2008). Classification of Rissoâs and Pacific white-sided dolphins using spectral properties of echolocation clicks. The Journal of the Acoustical Society of America, 124(1), 609â624. https://doi.org/10.1121/1.2932059",,TRUE,TRUE,MANUAL,,,,,,,,
SWFSC,SWFSC_BCN_20181105_CCES_020,UNDO_ANALYSIS,SOUNDTRAP_RECORDING,UNDO,INTERVAL,2018-11-05T14:22:39+0000,2018-11-22T09:16:43+0000,576.0,0.0,100.0,POST_PROCESSED,FULLY_VALIDATED,"Soldevilla, M. S., Henderson, E. E., Campbell, G. S., Wiggins, S. M., Hildebrand, J. A., & Roch, M. A. (2008). Classification of Rissoâs and Pacific white-sided dolphins using spectral properties of echolocation clicks. The Journal of the Acoustical Society of America, 124(1), 609â624. https://doi.org/10.1121/1.2932059",,TRUE,TRUE,MANUAL,,,,,,,,
SWFSC,SWFSC_BCN_20181107_CCES_022,UNDO_ANALYSIS,SOUNDTRAP_RECORDING,UNDO,INTERVAL,2018-11-07T14:23:49+0000,2018-11-23T18:55:49+0000,576.0,0.0,100.0,POST_PROCESSED,FULLY_VALIDATED,"Soldevilla, M. S., Henderson, E. E., Campbell, G. S., Wiggins, S. M., Hildebrand, J. A., & Roch, M. A. (2008). Classification of Rissoâs and Pacific white-sided dolphins using spectral properties of echolocation clicks. The Journal of the Acoustical Society of America, 124(1), 609â624. https://doi.org/10.1121/1.2932059",,TRUE,TRUE,MANUAL,,,,,,,,
SWFSC,SWFSC_BCN_20181122_CCES_023,UNDO_ANALYSIS,SOUNDTRAP_RECORDING,UNDO,INTERVAL,2018-11-22T08:28:24+0000,2018-12-03T00:49:11+0000,576.0,0.0,100.0,POST_PROCESSED,FULLY_VALIDATED,"Soldevilla, M. S., Henderson, E. E., Campbell, G. S., Wiggins, S. M., Hildebrand, J. A., & Roch, M. A. (2008). Classification of Rissoâs and Pacific white-sided dolphins using spectral properties of echolocation clicks. The Journal of the Acoustical Society of America, 124(1), 609â624. https://doi.org/10.1121/1.2932059",,TRUE,TRUE,MANUAL,,,,,,,,
SWFSC,SWFSC_CHI_20160822_PASCAL_005,UNDO_ANALYSIS,SOUNDTRAP_RECORDING,UNDO,INTERVAL,2016-08-22T15:03:57+0000,2016-09-04T22:55:57+0000,288.0,0.0,100.0,POST_PROCESSED,FULLY_VALIDATED,"Soldevilla, M. S., Henderson, E. E., Campbell, G. S., Wiggins, S. M., Hildebrand, J. A., & Roch, M. A. (2008). Classification of Rissoâs and Pacific white-sided dolphins using spectral properties of echolocation clicks. The Journal of the Acoustical Society of America, 124(1), 609â624. https://doi.org/10.1121/1.2932059",,TRUE,TRUE,MANUAL,,,,,,,,
SWFSC,SWFSC_CHI_20160826_PASCAL_008,UNDO_ANALYSIS,SM2BAT_RECORDINGS,UNDO,INTERVAL,2016-08-26T04:56:00+0000,2016-09-14T02:46:00+0000,192.0,0.0,100.0,POST_PROCESSED,FULLY_VALIDATED,"Soldevilla, M. S., Henderson, E. E., Campbell, G. S., Wiggins, S. M., Hildebrand, J. A., & Roch, M. A. (2008). Classification of Rissoâs and Pacific white-sided dolphins using spectral properties of echolocation clicks. The Journal of the Acoustical Society of America, 124(1), 609â624. https://doi.org/10.1121/1.2932059",,TRUE,TRUE,MANUAL,,,,,,,,
SWFSC,SWFSC_CHI_20160924_PASCAL_026,UNDO_ANALYSIS,SOUNDTRAP_RECORDING_0774,UNDO,INTERVAL,2016-09-24T15:15:28+0000,2016-09-26T04:21:29+0000,288.0,0.0,100.0,POST_PROCESSED,FULLY_VALIDATED,"Soldevilla, M. S., Henderson, E. E., Campbell, G. S., Wiggins, S. M., Hildebrand, J. A., & Roch, M. A. (2008). Classification of Rissoâs and Pacific white-sided dolphins using spectral properties of echolocation clicks. The Journal of the Acoustical Society of America, 124(1), 609â624. https://doi.org/10.1121/1.2932059",,TRUE,TRUE,MANUAL,,,,,,,,
SWFSC,SWFSC_CHI_20160926_PASCAL_029,UNDO_ANALYSIS,SOUNDTRAP_RECORDING_0774,UNDO,INTERVAL,2016-09-26T05:39:29+0000,2016-09-28T14:17:31+0000,288.0,0.0,100.0,POST_PROCESSED,FULLY_VALIDATED,"Soldevilla, M. S., Henderson, E. E., Campbell, G. S., Wiggins, S. M., Hildebrand, J. A., & Roch, M. A. (2008). Classification of Rissoâs and Pacific white-sided dolphins using spectral properties of echolocation clicks. The Journal of the Acoustical Society of America, 124(1), 609â624. https://doi.org/10.1121/1.2932059",,TRUE,TRUE,MANUAL,,,,,,,,
SWFSC,SWFSC_CHI_20160926_PASCAL_030,UNDO_ANALYSIS,SOUNDTRAP_RECORDING,UNDO,INTERVAL,2016-09-26T06:07:51+0000,2016-09-28T15:13:54+0000,288.0,0.0,100.0,POST_PROCESSED,FULLY_VALIDATED,"Soldevilla, M. S., Henderson, E. E., Campbell, G. S., Wiggins, S. M., Hildebrand, J. A., & Roch, M. A. (2008). Classification of Rissoâs and Pacific white-sided dolphins using spectral properties of echolocation clicks. The Journal of the Acoustical Society of America, 124(1), 609â624. https://doi.org/10.1121/1.2932059",,TRUE,TRUE,MANUAL,,,,,,,,
SWFSC,SWFSC_CHI_20180911_CCES_013,UNDO_ANALYSIS,SOUNDTRAP_RECORDING,UNDO,INTERVAL,2018-09-11T20:56:28+0000,2018-10-23T13:58:28+0000,288.0,0.0,100.0,POST_PROCESSED,FULLY_VALIDATED,"Soldevilla, M. S., Henderson, E. E., Campbell, G. S., Wiggins, S. M., Hildebrand, J. A., & Roch, M. A. (2008). Classification of Rissoâs and Pacific white-sided dolphins using spectral properties of echolocation clicks. The Journal of the Acoustical Society of America, 124(1), 609â624. https://doi.org/10.1121/1.2932059",,TRUE,TRUE,MANUAL,,,,,,,,
SWFSC,SWFSC_COL_20160829_PASCAL_012,UNDO_ANALYSIS,SOUNDTRAP_RECORDING,UNDO,INTERVAL,2016-08-29T09:01:46+0000,2016-09-17T19:53:46+0000,288.0,0.0,100.0,POST_PROCESSED,FULLY_VALIDATED,"Soldevilla, M. S., Henderson, E. E., Campbell, G. S., Wiggins, S. M., Hildebrand, J. A., & Roch, M. A. (2008). Classification of Rissoâs and Pacific white-sided dolphins using spectral properties of echolocation clicks. The Journal of the Acoustical Society of America, 124(1), 609â624. https://doi.org/10.1121/1.2932059",,TRUE,TRUE,MANUAL,,,,,,,,
SWFSC,SWFSC_HMB_20210609_ADRIFT_002,UNDO_ANALYSIS,SOUNDTRAP_RECORDING,UNDO,INTERVAL,2021-06-09T18:12:23+0000,2021-06-16T22:48:53+0000,384.0,0.0,100.0,POST_PROCESSED,FULLY_VALIDATED,"Soldevilla, M. S., Henderson, E. E., Campbell, G. S., Wiggins, S. M., Hildebrand, J. A., & Roch, M. A. (2008). Classification of Rissoâs and Pacific white-sided dolphins using spectral properties of echolocation clicks. The Journal of the Acoustical Society of America, 124(1), 609â624. https://doi.org/10.1121/1.2932059",,TRUE,TRUE,MANUAL,,,,,,,,
SWFSC,SWFSC_HUM_20160821_PASCAL_002,UNDO_ANALYSIS,SOUNDTRAP_RECORDING,UNDO,INTERVAL,2016-08-20T18:44:06+0000,2016-09-01T02:06:05+0000,288.0,0.0,100.0,POST_PROCESSED,FULLY_VALIDATED,"Soldevilla, M. S., Henderson, E. E., Campbell, G. S., Wiggins, S. M., Hildebrand, J. A., & Roch, M. A. (2008). Classification of Rissoâs and Pacific white-sided dolphins using spectral properties of echolocation clicks. The Journal of the Acoustical Society of America, 124(1), 609â624. https://doi.org/10.1121/1.2932059",,TRUE,TRUE,MANUAL,,,,,,,,
SWFSC,SWFSC_HUM_20160901_PASCAL_016,UNDO_ANALYSIS,SOUNDTRAP_RECORDING,UNDO,INTERVAL,2016-09-01T13:22:02+0000,2016-09-21T00:04:02+0000,288.0,0.0,100.0,POST_PROCESSED,FULLY_VALIDATED,"Soldevilla, M. S., Henderson, E. E., Campbell, G. S., Wiggins, S. M., Hildebrand, J. A., & Roch, M. A. (2008). Classification of Rissoâs and Pacific white-sided dolphins using spectral properties of echolocation clicks. The Journal of the Acoustical Society of America, 124(1), 609â624. https://doi.org/10.1121/1.2932059",,TRUE,TRUE,MANUAL,,,,,,,,
SWFSC,SWFSC_HUM_20180725_CCES_004,UNDO_ANALYSIS,SM3M_RECORDINGS,UNDO,INTERVAL,2018-07-30T00:00:00+0000,2018-10-12T23:59:59+0000,256.0,0.0,100.0,POST_PROCESSED,FULLY_VALIDATED,"Soldevilla, M. S., Henderson, E. E., Campbell, G. S., Wiggins, S. M., Hildebrand, J. A., & Roch, M. A. (2008). Classification of Rissoâs and Pacific white-sided dolphins using spectral properties of echolocation clicks. The Journal of the Acoustical Society of America, 124(1), 609â624. https://doi.org/10.1121/1.2932059",,TRUE,TRUE,MANUAL,,,,,,,,
SWFSC,SWFSC_HUM_20180816_CCES_008,UNDO_ANALYSIS,SOUNDTRAP_RECORDING,UNDO,INTERVAL,2018-08-16T04:38:04+0000,2018-10-01T01:59:55+0000,288.0,0.0,100.0,POST_PROCESSED,FULLY_VALIDATED,"Soldevilla, M. S., Henderson, E. E., Campbell, G. S., Wiggins, S. M., Hildebrand, J. A., & Roch, M. A. (2008). Classification of Rissoâs and Pacific white-sided dolphins using spectral properties of echolocation clicks. The Journal of the Acoustical Society of America, 124(1), 609â624. https://doi.org/10.1121/1.2932059",,TRUE,TRUE,MANUAL,,,,,,,,
SWFSC,SWFSC_HUM_20221116_ADRIFT_036,UNDO_ANALYSIS,SOUNDTRAP_RECORDING,UNDO,INTERVAL,2022-11-16T19:14:57+0000,2022-11-20T07:37:12+0000,384.0,0.0,100.0,POST_PROCESSED,FULLY_VALIDATED,"Soldevilla, M. S., Henderson, E. E., Campbell, G. S., Wiggins, S. M., Hildebrand, J. A., & Roch, M. A. (2008). Classification of Rissoâs and Pacific white-sided dolphins using spectral properties of echolocation clicks. The Journal of the Acoustical Society of America, 124(1), 609â624. https://doi.org/10.1121/1.2932059",,TRUE,TRUE,MANUAL,,,,,,,,
SWFSC,SWFSC_MBY_20160822_PASCAL_004,UNDO_ANALYSIS,SOUNDTRAP_RECORDING,UNDO,INTERVAL,2016-08-22T00:28:27+0000,2016-09-03T19:14:33+0000,288.0,0.0,100.0,POST_PROCESSED,FULLY_VALIDATED,"Soldevilla, M. S., Henderson, E. E., Campbell, G. S., Wiggins, S. M., Hildebrand, J. A., & Roch, M. A. (2008). Classification of Rissoâs and Pacific white-sided dolphins using spectral properties of echolocation clicks. The Journal of the Acoustical Society of America, 124(1), 609â624. https://doi.org/10.1121/1.2932059",,TRUE,TRUE,MANUAL,,,,,,,,
SWFSC,SWFSC_MBY_20160827_PASCAL_009,UNDO_ANALYSIS,SOUNDTRAP_RECORDING_1436,UNDO,INTERVAL,2016-08-27T00:22:14+0000,2016-09-15T13:04:14+0000,288.0,0.0,100.0,POST_PROCESSED,FULLY_VALIDATED,"Soldevilla, M. S., Henderson, E. E., Campbell, G. S., Wiggins, S. M., Hildebrand, J. A., & Roch, M. A. (2008). Classification of Rissoâs and Pacific white-sided dolphins using spectral properties of echolocation clicks. The Journal of the Acoustical Society of America, 124(1), 609â624. https://doi.org/10.1121/1.2932059",,TRUE,TRUE,MANUAL,,,,,,,,
SWFSC,SWFSC_MBY_20220621_ADRIFT_019,UNDO_ANALYSIS,SOUNDTRAP_RECORDING,UNDO,INTERVAL,2022-06-21T16:15:00+0000,2022-06-25T22:14:42+0000,384.0,0.0,100.0,POST_PROCESSED,FULLY_VALIDATED,"Soldevilla, M. S., Henderson, E. E., Campbell, G. S., Wiggins, S. M., Hildebrand, J. A., & Roch, M. A. (2008). Classification of Rissoâs and Pacific white-sided dolphins using spectral properties of echolocation clicks. The Journal of the Acoustical Society of America, 124(1), 609â624. https://doi.org/10.1121/1.2932059",,TRUE,TRUE,MANUAL,,,,,,,,
SWFSC,SWFSC_MBY_20230311_ADRIFT_047,UNDO_ANALYSIS,SOUNDTRAP_RECORDING,UNDO,INTERVAL,2023-03-11T19:30:00+0000,2023-03-16T21:12:01+0000,384.0,0.0,100.0,POST_PROCESSED,FULLY_VALIDATED,"Soldevilla, M. S., Henderson, E. E., Campbell, G. S., Wiggins, S. M., Hildebrand, J. A., & Roch, M. A. (2008). Classification of Rissoâs and Pacific white-sided dolphins using spectral properties of echolocation clicks. The Journal of the Acoustical Society of America, 124(1), 609â624. https://doi.org/10.1121/1.2932059",,TRUE,TRUE,MANUAL,,,,,,,,
SWFSC,SWFSC_MBY_20230311_ADRIFT_048,UNDO_ANALYSIS,SOUNDTRAP_RECORDING,UNDO,INTERVAL,2023-03-11T19:54:00+0000,2023-03-18T18:12:02+0000,384.0,0.0,100.0,POST_PROCESSED,FULLY_VALIDATED,"Soldevilla, M. S., Henderson, E. E., Campbell, G. S., Wiggins, S. M., Hildebrand, J. A., & Roch, M. A. (2008). Classification of Rissoâs and Pacific white-sided dolphins using spectral properties of echolocation clicks. The Journal of the Acoustical Society of America, 124(1), 609â624. https://doi.org/10.1121/1.2932059",,TRUE,TRUE,MANUAL,,,,,,,,
SWFSC,SWFSC_MBY_20230711_ADRIFT_080,UNDO_ANALYSIS,SOUNDTRAP_RECORDING,UNDO,INTERVAL,2023-07-11T20:42:00+0000,2023-07-16T20:12:01+0000,384.0,0.0,100.0,POST_PROCESSED,FULLY_VALIDATED,"Soldevilla, M. S., Henderson, E. E., Campbell, G. S., Wiggins, S. M., Hildebrand, J. A., & Roch, M. A. (2008). Classification of Rissoâs and Pacific white-sided dolphins using spectral properties of echolocation clicks. The Journal of the Acoustical Society of America, 124(1), 609â624. https://doi.org/10.1121/1.2932059",,TRUE,TRUE,MANUAL,,,,,,,,
SWFSC,SWFSC_MBY_20230711_ADRIFT_081,UNDO_ANALYSIS,SOUNDTRAP_RECORDING,UNDO,INTERVAL,2023-07-11T21:17:59+0000,2023-07-16T17:42:02+0000,384.0,0.0,100.0,POST_PROCESSED,FULLY_VALIDATED,"Soldevilla, M. S., Henderson, E. E., Campbell, G. S., Wiggins, S. M., Hildebrand, J. A., & Roch, M. A. (2008). Classification of Rissoâs and Pacific white-sided dolphins using spectral properties of echolocation clicks. The Journal of the Acoustical Society of America, 124(1), 609â624. https://doi.org/10.1121/1.2932059",,TRUE,TRUE,MANUAL,,,,,,,,
SWFSC,SWFSC_MBY_20230711_ADRIFT_082,UNDO_ANALYSIS,SOUNDTRAP_RECORDING,UNDO,INTERVAL,2023-07-11T21:54:00+0000,2023-07-15T18:42:01+0000,384.0,0.0,100.0,POST_PROCESSED,FULLY_VALIDATED,"Soldevilla, M. S., Henderson, E. E., Campbell, G. S., Wiggins, S. M., Hildebrand, J. A., & Roch, M. A. (2008). Classification of Rissoâs and Pacific white-sided dolphins using spectral properties of echolocation clicks. The Journal of the Acoustical Society of America, 124(1), 609â624. https://doi.org/10.1121/1.2932059",,TRUE,TRUE,MANUAL,,,,,,,,
SWFSC,SWFSC_MBY_20230711_ADRIFT_083,UNDO_ANALYSIS,SOUNDTRAP_RECORDING,UNDO,INTERVAL,2023-07-11T22:42:00+0000,2023-07-16T17:18:01+0000,384.0,0.0,100.0,POST_PROCESSED,FULLY_VALIDATED,"Soldevilla, M. S., Henderson, E. E., Campbell, G. S., Wiggins, S. M., Hildebrand, J. A., & Roch, M. A. (2008). Classification of Rissoâs and Pacific white-sided dolphins using spectral properties of echolocation clicks. The Journal of the Acoustical Society of America, 124(1), 609â624. https://doi.org/10.1121/1.2932059",,TRUE,TRUE,MANUAL,,,,,,,,
SWFSC,SWFSC_MBY_20231106_ADRIFT_101,UNDO_ANALYSIS,SOUNDTRAP_RECORDING,UNDO,INTERVAL,2023-11-06T17:06:00+0000,2023-11-10T18:18:01+0000,384.0,0.0,100.0,POST_PROCESSED,FULLY_VALIDATED,"Soldevilla, M. S., Henderson, E. E., Campbell, G. S., Wiggins, S. M., Hildebrand, J. A., & Roch, M. A. (2008). Classification of Rissoâs and Pacific white-sided dolphins using spectral properties of echolocation clicks. The Journal of the Acoustical Society of America, 124(1), 609â624. https://doi.org/10.1121/1.2932059",,TRUE,TRUE,MANUAL,,,,,,,,
SWFSC,SWFSC_MBY_20231106_ADRIFT_102,UNDO_ANALYSIS,SOUNDTRAP_RECORDING,UNDO,INTERVAL,2023-11-06T17:42:00+0000,2023-11-10T19:48:01+0000,384.0,0.0,100.0,POST_PROCESSED,FULLY_VALIDATED,"Soldevilla, M. S., Henderson, E. E., Campbell, G. S., Wiggins, S. M., Hildebrand, J. A., & Roch, M. A. (2008). Classification of Rissoâs and Pacific white-sided dolphins using spectral properties of echolocation clicks. The Journal of the Acoustical Society of America, 124(1), 609â624. https://doi.org/10.1121/1.2932059",,TRUE,TRUE,MANUAL,,,,,,,,
SWFSC,SWFSC_MBY_20231106_ADRIFT_105,UNDO_ANALYSIS,SOUNDTRAP_RECORDING,UNDO,INTERVAL,2023-11-06T20:00:00+0000,2023-11-10T22:00:01+0000,384.0,0.0,100.0,POST_PROCESSED,FULLY_VALIDATED,"Soldevilla, M. S., Henderson, E. E., Campbell, G. S., Wiggins, S. M., Hildebrand, J. A., & Roch, M. A. (2008). Classification of Rissoâs and Pacific white-sided dolphins using spectral properties of echolocation clicks. The Journal of the Acoustical Society of America, 124(1), 609â624. https://doi.org/10.1121/1.2932059",,TRUE,TRUE,MANUAL,,,,,,,,
SWFSC,SWFSC_MBY_20231106_ADRIFT_108,UNDO_ANALYSIS,SOUNDTRAP_RECORDING,UNDO,INTERVAL,2023-11-06T21:41:59+0000,2023-11-10T21:24:00+0000,384.0,0.0,100.0,POST_PROCESSED,FULLY_VALIDATED,"Soldevilla, M. S., Henderson, E. E., Campbell, G. S., Wiggins, S. M., Hildebrand, J. A., & Roch, M. A. (2008). Classification of Rissoâs and Pacific white-sided dolphins using spectral properties of echolocation clicks. The Journal of the Acoustical Society of America, 124(1), 609â624. https://doi.org/10.1121/1.2932059",,TRUE,TRUE,MANUAL,,,,,,,,
SWFSC,SWFSC_MND_20160821_PASCAL_003,UNDO_ANALYSIS,SOUNDTRAP_RECORDING,UNDO,INTERVAL,2016-08-21T10:37:16+0000,2016-09-02T16:39:16+0000,288.0,0.0,100.0,POST_PROCESSED,FULLY_VALIDATED,"Soldevilla, M. S., Henderson, E. E., Campbell, G. S., Wiggins, S. M., Hildebrand, J. A., & Roch, M. A. (2008). Classification of Rissoâs and Pacific white-sided dolphins using spectral properties of echolocation clicks. The Journal of the Acoustical Society of America, 124(1), 609â624. https://doi.org/10.1121/1.2932059",,TRUE,TRUE,MANUAL,,,,,,,,
SWFSC,SWFSC_MND_20160827_PASCAL_010,UNDO_ANALYSIS,SM3M_RECORDINGS,UNDO,INTERVAL,2016-08-27T17:44:06+0000,2016-09-17T04:24:05+0000,256.0,0.0,100.0,POST_PROCESSED,FULLY_VALIDATED,"Soldevilla, M. S., Henderson, E. E., Campbell, G. S., Wiggins, S. M., Hildebrand, J. A., & Roch, M. A. (2008). Classification of Rissoâs and Pacific white-sided dolphins using spectral properties of echolocation clicks. The Journal of the Acoustical Society of America, 124(1), 609â624. https://doi.org/10.1121/1.2932059",,TRUE,TRUE,MANUAL,,,,,,,,
SWFSC,SWFSC_MOB_20180830_CCES_012,UNDO_ANALYSIS,SOUNDTRAP_RECORDING,UNDO,INTERVAL,2018-08-30T02:58:44+0000,2018-10-06T17:00:44+0000,288.0,0.0,100.0,POST_PROCESSED,FULLY_VALIDATED,"Soldevilla, M. S., Henderson, E. E., Campbell, G. S., Wiggins, S. M., Hildebrand, J. A., & Roch, M. A. (2008). Classification of Rissoâs and Pacific white-sided dolphins using spectral properties of echolocation clicks. The Journal of the Acoustical Society of America, 124(1), 609â624. https://doi.org/10.1121/1.2932059",,TRUE,TRUE,MANUAL,,,,,,,,
SWFSC,SWFSC_ORE_20160831_PASCAL_015,UNDO_ANALYSIS,SOUNDTRAP_RECORDING,UNDO,INTERVAL,2016-08-31T07:11:38+0000,2016-09-05T04:48:42+0000,288.0,0.0,100.0,POST_PROCESSED,FULLY_VALIDATED,"Soldevilla, M. S., Henderson, E. E., Campbell, G. S., Wiggins, S. M., Hildebrand, J. A., & Roch, M. A. (2008). Classification of Rissoâs and Pacific white-sided dolphins using spectral properties of echolocation clicks. The Journal of the Acoustical Society of America, 124(1), 609â624. https://doi.org/10.1121/1.2932059",,TRUE,TRUE,MANUAL,,,,,,,,
SWFSC,SWFSC_ORE_20230717_ADRIFT_077,UNDO_ANALYSIS,SOUNDTRAP_RECORDING,UNDO,INTERVAL,2023-07-17T19:08:24+0000,2023-07-21T08:34:54+0000,384.0,0.0,100.0,POST_PROCESSED,FULLY_VALIDATED,"Soldevilla, M. S., Henderson, E. E., Campbell, G. S., Wiggins, S. M., Hildebrand, J. A., & Roch, M. A. (2008). Classification of Rissoâs and Pacific white-sided dolphins using spectral properties of echolocation clicks. The Journal of the Acoustical Society of America, 124(1), 609â624. https://doi.org/10.1121/1.2932059",,TRUE,TRUE,MANUAL,,,,,,,,
SWFSC,SWFSC_PTA_20180822_CCES_010,UNDO_ANALYSIS,SOUNDTRAP_RECORDING,UNDO,INTERVAL,2018-08-22T02:24:55+0000,2018-10-21T23:48:58+0000,576.0,0.0,100.0,POST_PROCESSED,FULLY_VALIDATED,"Soldevilla, M. S., Henderson, E. E., Campbell, G. S., Wiggins, S. M., Hildebrand, J. A., & Roch, M. A. (2008). Classification of Rissoâs and Pacific white-sided dolphins using spectral properties of echolocation clicks. The Journal of the Acoustical Society of America, 124(1), 609â624. https://doi.org/10.1121/1.2932059",,TRUE,TRUE,MANUAL,,,,,,,,
SWFSC,SWFSC_SFB_20210610_ADRIFT_005,UNDO_ANALYSIS,SOUNDTRAP_RECORDING,UNDO,INTERVAL,2021-06-10T18:30:40+0000,2021-06-22T21:21:24+0000,384.0,0.0,100.0,POST_PROCESSED,FULLY_VALIDATED,"Soldevilla, M. S., Henderson, E. E., Campbell, G. S., Wiggins, S. M., Hildebrand, J. A., & Roch, M. A. (2008). Classification of Rissoâs and Pacific white-sided dolphins using spectral properties of echolocation clicks. The Journal of the Acoustical Society of America, 124(1), 609â624. https://doi.org/10.1121/1.2932059",,TRUE,TRUE,MANUAL,,,,,,,,
SWFSC,SWFSC_SND_20160924_PASCAL_025,UNDO_ANALYSIS,SOUNDTRAP_RECORDING,UNDO,INTERVAL,2016-09-24T04:09:39+0000,2016-09-28T02:25:43+0000,288.0,0.0,100.0,POST_PROCESSED,FULLY_VALIDATED,"Soldevilla, M. S., Henderson, E. E., Campbell, G. S., Wiggins, S. M., Hildebrand, J. A., & Roch, M. A. (2008). Classification of Rissoâs and Pacific white-sided dolphins using spectral properties of echolocation clicks. The Journal of the Acoustical Society of America, 124(1), 609â624. https://doi.org/10.1121/1.2932059",,TRUE,TRUE,MANUAL,,,,,,,,
